date,ticker,open,high,low,adjusted_close,volume,company,member_2025_01_01,member_2026_01_01
2024-01-01,AAPL,185.05526464366847,186.33083440299825,178.15339449300276,179.15208435058594,275266500,Apple,True,True
2024-01-08,AAPL,180.0519165463257,184.9564073633679,179.4685238639765,183.83905029296875,238385400,Apple,True,True
2024-01-15,AAPL,180.12114148264052,189.80155831594578,178.28195930016554,189.41592407226562,259829200,Apple,True,True
2024-01-22,AAPL,190.14765958969244,194.1819954554485,189.79168833424328,190.2663116455078,255536900,Apple,True,True
2024-01-29,AAPL,189.86089348214944,190.04876929237395,177.2437171517322,183.7698516845703,325909900,Apple,True,True
2024-02-05,AAPL,186.28147270863954,189.15268181752788,183.99441577998,186.9745330810547,252715800,Apple,True,True
2024-02-12,AAPL,186.54880353717184,186.7963207929701,179.54902339896896,180.49948120117188,268128900,Apple,True,True
2024-02-19,AAPL,179.98466661183008,183.2023913936763,178.21244945609843,180.70742797851562,192448900,Apple,True,True
2024-02-26,AAPL,180.43020414938636,182.0935130405401,175.61846756104012,177.87582397460938,354385900,Apple,True,True
2024-03-04,AAPL,174.40065730734122,175.14320909566186,166.81673985747332,169.03448486328125,393262300,Apple,True,True
2024-03-11,AAPL,171.2225452923969,172.6482471529504,168.59885322457814,170.9057159423828,367119800,Apple,True,True
2024-03-18,AAPL,173.82642737551166,176.8956323134628,168.37113733503185,170.569091796875,361583900,Apple,True,True
2024-03-25,AAPL,168.8760568534027,171.87596436437357,167.76716943001003,169.77700805664062,237622700,Apple,True,True
2024-04-01,AAPL,169.48993165517973,170.21267786818663,166.55932047183134,167.8959197998047,239070900,Apple,True,True
2024-04-08,AAPL,167.3513538807638,176.58869902312352,165.45042330428592,174.7966766357422,322249800,Apple,True,True
2024-04-15,AAPL,173.61850486565382,174.87589675770565,162.45052746983075,163.36138916015625,309416500,Apple,True,True
2024-04-22,AAPL,163.87625312764519,169.63844783702467,163.1337012506925,167.61871337890625,241302700,Apple,True,True
2024-04-29,AAPL,171.6482674843819,185.14291355827163,167.43057874246836,181.55886840820312,441926300,Apple,True,True
2024-05-06,AAPL,180.78398094682734,183.50044009541958,178.87054795537182,181.47796630859375,300675100,Apple,True,True
2024-05-13,AAPL,183.8474471602678,189.45884281652792,183.03448204365023,188.23939514160156,288966500,Apple,True,True
2024-05-20,AAPL,187.7040379506617,191.16407131674936,185.02722854518905,188.34844970703125,208652100,Apple,True,True
2024-05-27,AAPL,189.8652877354721,191.3424969141133,187.4759965508847,190.59893798828125,230395500,Apple,True,True
2024-06-03,AAPL,191.24334263505682,195.2486550396786,190.86661641336562,195.19908142089844,245994400,Apple,True,True
2024-06-10,AAPL,195.20900682397587,218.30890827506707,190.499800063404,210.66513061523438,635503200,Apple,True,True
2024-06-17,AAPL,211.5375607671693,217.06964120692072,205.33132746963062,205.70806884765625,501649200,Apple,True,True
2024-06-24,AAPL,205.93606893716267,214.21436386520998,204.8157687153321,208.8111572265625,334805300,Apple,True,True
2024-07-01,AAPL,210.26855878159145,224.50523511983306,210.10002056386858,224.39617919921875,216231300,Apple,True,True
2024-07-08,AAPL,225.139706106182,231.07826834165266,221.3326883559366,228.56007385253906,287546800,Apple,True,True
2024-07-15,AAPL,234.44910332743683,235.19266232046968,220.36114741097944,222.3836212158203,278397600,Apple,True,True
2024-07-22,AAPL,225.0604317439271,225.82382321654134,212.77683771980008,216.08816528320312,242932200,Apple,True,True
2024-07-29,AAPL,215.0967286094382,223.6625266661827,213.89711357581803,217.97181701660156,296061500,Apple,True,True
2024-08-05,AAPL,197.38020983290735,214.91829038971974,194.31675040865454,214.3829345703125,342088200,Apple,True,True
2024-08-12,AAPL,214.46234776812838,225.1422830006272,213.99584357120563,224.3680877685547,214898200,Apple,True,True
2024-08-19,AAPL,224.04054456282037,226.6410457573631,221.38047707280327,225.15220642089844,188124900,Apple,True,True
2024-08-26,AAPL,225.0727885692476,231.18695877304842,222.22414762792826,227.29612731933594,209486100,Apple,True,True
2024-09-02,AAPL,226.84948285375697,227.2961316117156,215.8618416235898,219.177001953125,179069200,Apple,True,True
2024-09-09,AAPL,219.1769594922243,222.37298661536337,215.0975400220247,220.84445190429688,237580300,Apple,True,True
2024-09-16,AAPL,214.92881329474463,231.35567496568984,212.32831242269071,226.50205993652344,550232800,Apple,True,True
2024-09-23,AAPL,225.6484745422025,227.81226214161182,222.35318485660324,226.09512329101562,210673500,Apple,True,True
2024-09-30,AAPL,228.32840169303208,231.26638474686257,221.3606442674759,225.11251831054688,221996800,Apple,True,True
2024-10-07,AAPL,222.82960881642157,228.04054621636018,219.68319700379416,225.85691833496094,164894900,Apple,True,True
2024-10-14,AAPL,226.99835228776024,235.7229586844283,226.89910542593395,233.25148010253906,218141000,Apple,True,True
2024-10-21,AAPL,232.7055607186093,235.08771249287864,226.0653355550321,229.6881866455078,197299900,Apple,True,True
2024-10-28,AAPL,231.58398200794247,232.98347934540053,218.6310779402587,221.25143432617188,248222000,Apple,True,True
2024-11-04,AAPL,219.58704914733005,227.20835428792034,218.3151764477899,225.51914978027344,208083400,Apple,True,True
2024-11-11,AAPL,223.5715789794922,227.41700528612566,220.09379886203342,223.5715789794922,223817700,Apple,True,True
2024-11-18,AAPL,223.82000977778605,229.25528492407807,223.74051583501623,228.41067504882812,196291700,Apple,True,True
2024-11-25,AAPL,229.99058887572758,236.3002669685808,228.2815070380799,235.8233184814453,198118800,Apple,True,True
2024-12-02,AAPL,235.7636936608622,243.0769692456264,235.6543913903078,241.29832458496094,208286500,Apple,True,True
2024-12-09,AAPL,240.2947411292383,249.20779618831912,240.21524719077908,246.55474853515625,192702600,Apple,True,True
2024-12-16,AAPL,246.4156545420052,253.3811464831127,244.13025293349912,252.8743896484375,368202900,Apple,True,True
2024-12-23,AAPL,253.1525903841548,258.448754562261,251.45343969164696,253.96737670898438,133685900,Apple,True,True
2024-12-30,AAPL,250.6287012179628,251.89064280595687,240.2848011370361,241.8150177001953,171023000,Apple,True,True
2025-01-06,AAPL,242.75897506839462,245.7598065906861,231.5207799769646,235.34634399414062,185241400,Apple,True,True
2025-01-13,AAPL,232.04743970534983,237.44297537692574,226.58235631113638,228.5199737548828,269145400,Apple,True,True
2025-01-20,AAPL,222.57793290598494,225.5886956961794,217.9872678916129,221.3656768798828,277129600,Apple,True,True
2025-01-27,AAPL,222.59779951325027,245.62070152543137,222.55804496503364,234.50173950195312,372675200,Apple,True,True
2025-02-03,AAPL,228.5299088411928,232.51444580894437,224.2671355106879,226.1848907470703,227383400,Apple,True,True
2025-02-10,AAPL,228.36337644061123,244.25938055012708,226.0058229519583,243.3143768310547,226587600,Apple,True,True
2025-02-17,AAPL,242.86671832240026,247.38286415088766,240.56886233053697,244.25936889648438,166541000,Apple,True,True
2025-02-24,AAPL,243.6426333996965,248.68599261566462,228.9900589647863,240.56887817382812,241760300,Apple,True,True
2025-03-03,AAPL,240.51913565457397,242.74736759153322,228.0251539328342,237.81344604492188,239653700,Apple,True,True
2025-03-10,AAPL,234.30198115798896,234.91873272277883,207.32453033827665,212.36788940429688,332232000,Apple,True,True
2025-03-17,AAPL,212.1888354098664,217.68976839110027,208.86639416791027,217.12277221679688,287881900,Apple,True,True
2025-03-24,AAPL,219.8384274861568,223.8373026795751,216.5358700680628,216.7547149658203,190172600,Apple,True,True
2025-03-31,AAPL,215.86940495257275,224.43415199393232,186.35535024633944,187.389892578125,366947800,Apple,True,True
2025-04-07,AAPL,176.26863642854042,199.55559746337858,168.32064146270525,197.1085205078125,675037600,Apple,True,True
2025-04-14,AAPL,210.32866037319545,211.8207762780239,191.3588862174206,195.9446563720703,264593900,Apple,True,True
2025-04-21,AAPL,192.25419130243264,208.6475693809006,188.81237013013234,208.18003845214844,238181400,Apple,True,True
2025-04-28,AAPL,208.89624454722153,213.43227485738694,201.09745506032002,204.27069091796875,286233500,Apple,True,True
2025-05-05,AAPL,202.0325138868286,203.02725789379755,192.23427934674888,197.4865264892578,275704500,Apple,True,True
2025-05-12,AAPL,210.13635403728574,213.09461930909538,205.9330281358759,210.42520141601562,264778300,Apple,True,True
2025-05-19,AAPL,207.08843420538076,208.65222234841355,192.6955373289648,194.49838256835938,273024200,Apple,True,True
2025-05-26,AAPL,197.5164239500966,203.00464580701131,196.00242594876025,200.0563507080078,223844900,Apple,True,True
2025-06-02,AAPL,199.4885810508963,205.4250364615705,199.3292096522959,203.11419677734375,227142700,Apple,True,True
2025-06-09,AAPL,203.5823328194034,205.18597135883695,194.92666975119658,195.6737060546875,283877000,Apple,True,True
2025-06-16,AAPL,196.52037308279387,200.90298042554332,194.29918917214766,200.20574951171875,224085100,Apple,True,True
2025-06-23,AAPL,200.8332606138876,202.86519283311563,198.173812986467,200.28543090820312,273391700,Apple,True,True
2025-06-30,AAPL,201.21175322846332,213.80180573654258,198.47261983692437,212.70616149902344,273599300,Apple,True,True
2025-07-07,AAPL,211.83959009410853,215.3755653490242,206.4011737334106,210.3256072998047,226036700,Apple,True,True
2025-07-14,AAPL,209.10042902749277,211.56066974090578,206.71987400826427,210.34548950195312,225669600,Apple,True,True
2025-07-21,AAPL,211.2618860180997,214.9273370829097,210.7937420225352,213.03485107421875,231062200,Apple,True,True
2025-07-28,AAPL,213.18426633889013,214.0010334313684,200.7037794341265,201.58030700683594,319915100,Apple,True,True
2025-08-04,AAPL,203.70188333105932,230.08721487155407,200.8830641129261,228.44374084472656,431826300,Apple,True,True
2025-08-11,AAPL,227.27700096548313,234.45668562020194,224.12591215741898,230.9366455078125,295265800,Apple,True,True
2025-08-18,AAPL,231.04634948245382,232.4623417031178,223.14869437263826,227.11746215820312,192241700,Apple,True,True
2025-08-25,AAPL,225.84107124036194,232.75152887535057,224.05612771828763,231.485107421875,194310800,Apple,True,True
2025-09-01,AAPL,228.6032446236785,240.63920029193574,226.32967812995858,239.0137939453125,212923200,Apple,True,True
2025-09-08,AAPL,238.62492485546534,239.47251783024203,225.31257983814245,233.40968322753906,304787000,Apple,True,True
2025-09-15,AAPL,236.33139821225416,245.60516498271895,234.36695457103636,244.8074188232422,360619500,Apple,True,True
2025-09-22,AAPL,247.59951454210247,256.87328100426123,247.42001443471003,254.73931884765625,309374700,Apple,True,True
2025-09-29,AAPL,253.84185333520446,258.5086431914624,252.29622302758764,257.2920837402344,218331700,Apple,True,True
2025-10-06,AAPL,257.2621651024986,258.3391353160658,243.3116425485481,244.57806396484375,213437900,Apple,True,True
2025-10-13,AAPL,248.67646816118244,252.66518358811555,244.00966319948495,251.5782470703125,196438500,Apple,True,True
2025-10-20,AAPL,255.16809491433654,264.54158521895795,254.7093859491356,262.07855224609375,253202800,Apple,True,True
2025-10-27,AAPL,264.1327665603508,276.53767519933945,263.90340444528664,269.6072692871094,293563300,Apple,True,True
2025-11-03,AAPL,269.6571269614624,272.6287005569912,265.49887762902506,267.7126159667969,242583900,Apple,True,True
2025-11-10,AAPL,268.46120156049017,276.1868683406347,266.9639833305141,271.9048156738281,232952800,Apple,True,True
2025-11-17,AAPL,268.3214798116544,274.91920692549047,264.8279705721872,270.98651123046875,235974500,Apple,True,True
2025-11-24,AAPL,270.3976166339372,279.86004717701866,270.3976166339372,278.3328857421875,166067000,Apple,True,True
2025-12-01,AAPL,277.4944394213987,288.0847485253161,275.62791221541005,278.26300048828125,235050800,Apple,True,True
2025-12-08,AAPL,277.61423079069147,279.5107012714717,273.3022346404435,277.7639465332031,176224300,Apple,True,True
2025-12-15,AAPL,279.63046977324734,279.63046977324734,266.454966788286,273.1625061035156,334459100,Apple,True,True
2025-12-22,AAPL,272.35396775197984,274.9192090093257,269.06009977133715,272.8929748535156,105646200,Apple,True,True
2025-12-29,AAPL,272.1842928640819,277.32473598417806,268.5011336129586,270.5074157714844,110986500,Apple,True,True
2026-01-05,AAPL,270.13812746136426,271.00650921992593,255.22581521140742,258.8890075683594,236725400,Apple,True,True
2026-01-12,AAPL,258.67941038920173,261.3344812690613,254.45724364888233,255.05613708496094,242545400,Apple,True,True
2026-01-19,AAPL,252.2613221858945,254.3174995950486,242.96858949337226,247.58001708984375,216306500,Apple,True,True
2026-01-26,AAPL,251.0136304449602,261.46423046080906,249.3367532864061,258.9988098144531,306601900,Apple,True,True
2026-02-02,AAPL,259.5477693534943,280.3890519626743,258.7292827448197,277.6042175292969,332284600,Apple,True,True
2026-02-09,AAPL,277.6541900827471,279.92208959259744,255.21485759663088,255.5445556640625,268299500,Apple,True,True
2026-02-16,AAPL,257.81246799828614,266.57441524378936,255.30478379336117,264.3364562988281,165588200,Apple,True,True
2026-02-23,AAPL,263.2474612835467,275.8558403458985,262.6480379442022,263.93682861328125,222748700,Apple,True,True
2026-03-02,AAPL,262.1684475182342,266.2846500584642,254.13584003818684,257.2229919433594,210978500,Apple,True,True
2026-03-09,AAPL,255.45465088182547,262.2384095183217,249.29033192864068,249.8897705078125,172752200,Apple,True,True
2026-03-16,AAPL,251.87793672555645,254.8951611244627,245.77356028907465,247.76173400878906,223388900,Apple,True,True
2026-03-23,AAPL,253.7362230980701,256.7634327785648,247.8416601166152,248.57098388671875,203871800,Apple,True,True
2026-03-30,AAPL,249.83982684556716,255.94418817460965,245.2840113565413,255.68443298339844,160393100,Apple,True,True
2026-04-06,AAPL,256.2738876129867,261.94865175168746,245.47382560999438,260.240234375,191923800,Apple,True,True
2026-04-13,AAPL,259.4909275368482,272.0493335842862,256.4237461777084,269.98126220703125,239278200,Apple,True,True
2026-04-20,AAPL,270.0811468312975,275.5161417305677,265.15569223179835,270.81048583984375,201605900,Apple,True,True
2026-04-27,AAPL,265.84505607788714,286.95561044034525,264.8260059810391,279.88214111328125,283297200,Apple,True,True
2026-05-04,AAPL,279.40258812049325,294.4886952888782,274.6069880295595,293.0500183105469,252233300,Apple,True,True
2026-05-11,AAPL,291.9800109863281,303.20001220703125,290.2300109863281,300.2300109863281,230867400,Apple,True,True
2026-05-18,AAPL,300.239990234375,311.3999938964844,294.9100036621094,308.82000732421875,201591700,Apple,True,True
2026-05-25,AAPL,309.55999755859375,315.0,307.6700134277344,312.05999755859375,216678600,Apple,True,True
2026-06-01,AAPL,309.6300048828125,316.94000244140625,305.0199890136719,307.3399963378906,254400900,Apple,True,True
2026-06-08,AAPL,308.739990234375,317.3999938964844,287.3800048828125,291.1300048828125,282165800,Apple,True,True
2026-06-15,AAPL,294.1199951171875,302.07000732421875,291.70001220703125,298.010009765625,214314300,Apple,True,True
2026-06-22,AAPL,297.30999755859375,302.4200134277344,273.75,283.7799987792969,518761900,Apple,True,True
2026-06-29,AAPL,286.7300109863281,296.5899963378906,279.8500061035156,294.5450134277344,150881075,Apple,True,True
2024-01-01,AMGN,266.1950031232224,282.69783094235186,266.1950031232224,280.76123046875,11378700,Amgen,True,True
2024-01-08,AMGN,279.3434552815632,288.22031380749166,277.9813455572238,284.0135498046875,11987300,Amgen,True,True
2024-01-15,AMGN,284.01353467536865,286.4041616776139,277.56434744202556,285.2181091308594,9130200,Amgen,True,True
2024-01-22,AMGN,286.04285751461055,289.5176248397262,282.836785169339,288.88751220703125,10370700,Amgen,True,True
2024-01-29,AMGN,288.5817262603334,301.8599571551904,287.14550050426175,299.4693298339844,15010400,Amgen,True,True
2024-02-05,AMGN,299.78436973210904,305.5200541741662,267.58486153349736,269.75311279296875,27029200,Amgen,True,True
2024-02-12,AMGN,270.78792587695904,275.97077126363257,264.53113241123975,264.9327087402344,16024700,Amgen,True,True
2024-02-19,AMGN,265.0727733564835,272.90774363713496,261.9910577077446,270.0501708984375,10791400,Amgen,True,True
2024-02-26,AMGN,269.20971748715937,270.69453248210067,255.3420681020535,261.7856140136719,18465700,Amgen,True,True
2024-03-04,AMGN,264.52188253771493,266.9779081632898,251.74681594338284,255.64097595214844,14091900,Amgen,True,True
2024-03-11,AMGN,256.35065732673826,260.13273082482027,250.4300636476407,251.083740234375,16397000,Amgen,True,True
2024-03-18,AMGN,252.1390227723202,259.8806325993231,251.40127468899286,257.90087890625,14002800,Amgen,True,True
2024-03-25,AMGN,258.1436133325914,269.4805425019739,257.1910985674602,265.5116882324219,10843600,Amgen,True,True
2024-04-01,AMGN,263.44786798078167,265.1288116228473,247.54443632971825,252.09230041503906,10503300,Amgen,True,True
2024-04-08,AMGN,251.65339997947214,254.94053508065727,247.12423092755006,249.5989227294922,9882600,Amgen,True,True
2024-04-15,AMGN,252.07363395239827,253.00748213819497,243.4355382337787,251.13978576660156,11395500,Amgen,True,True
2024-04-22,AMGN,251.9895783916792,256.67748578959527,248.14212861905233,252.12033081054688,11357100,Amgen,True,True
2024-04-29,AMGN,251.37324053383807,301.2594217139705,251.19580710377198,290.6976013183594,20302100,Amgen,True,True
2024-05-06,AMGN,290.3146844194329,294.0594241947205,277.83845973476645,289.6329650878906,15562400,Amgen,True,True
2024-05-13,AMGN,293.5711095338142,302.30818520076343,288.78406515881693,293.8720703125,10997600,Amgen,True,True
2024-05-20,AMGN,295.69658543144834,297.8220813220156,285.81212258246615,287.63665771484375,10515100,Amgen,True,True
2024-05-27,AMGN,285.06912023166143,287.69306968821667,277.90266116002533,287.64605712890625,12328600,Amgen,True,True
2024-06-03,AMGN,288.5301481048409,292.9410058946665,285.76513191715327,286.865478515625,9879100,Amgen,True,True
2024-06-10,AMGN,286.4234188192195,287.3451003442088,277.7239713384373,280.84637451171875,8819400,Amgen,True,True
2024-06-17,AMGN,280.7241403980938,294.7843416211382,278.90901911225814,289.818603515625,13529100,Amgen,True,True
2024-06-24,AMGN,291.5490514986675,306.7095975844067,289.5928640397191,293.8532409667969,14940400,Amgen,True,True
2024-07-01,AMGN,294.6902532203857,300.013378042972,287.8905666395202,292.3766784667969,5587200,Amgen,True,True
2024-07-08,AMGN,292.8280605884298,313.97949130921404,289.320085902911,311.13922119140625,9657100,Amgen,True,True
2024-07-15,AMGN,312.12674908271777,318.80416800206575,308.35541217323316,311.5718688964844,9578500,Amgen,True,True
2024-07-22,AMGN,313.39646943673637,326.20581506211363,310.678465782864,314.9200439453125,9602400,Amgen,True,True
2024-07-29,AMGN,314.19584589139487,320.60054721424444,306.34285335115294,314.1112060546875,9809600,Amgen,True,True
2024-08-05,AMGN,312.9167520540458,313.49984551896495,288.34198579686995,303.2956237792969,14562900,Amgen,True,True
2024-08-12,AMGN,306.74276981173006,309.83009443033035,301.0890040052289,304.4130859375,8446900,Amgen,True,True
2024-08-19,AMGN,304.4320775986196,313.7413932367657,304.3847376867408,311.3832702636719,7648100,Amgen,True,True
2024-08-26,AMGN,311.01387672788536,317.87983873005726,308.15385882238917,316.1467590332031,8126100,Amgen,True,True
2024-09-02,AMGN,314.30957013190664,315.49335676399636,302.10234850929777,303.5797119140625,7962400,Amgen,True,True
2024-09-09,AMGN,305.43588179849223,316.7339633998336,303.14408705931555,314.83990478515625,7814200,Amgen,True,True
2024-09-16,AMGN,318.0503556692561,321.04297209258067,313.4667367629622,319.5087890625,11435500,Amgen,True,True
2024-09-23,AMGN,321.04294894730106,321.2039566529072,295.62468471706165,305.5779724121094,13016300,Amgen,True,True
2024-09-30,AMGN,304.29948924104826,306.10831883640543,298.7498820106319,302.7274169921875,9671800,Amgen,True,True
2024-10-07,AMGN,303.12514107828395,311.733663286989,298.0301474614587,310.95709228515625,6916800,Amgen,True,True
2024-10-14,AMGN,308.3432474280908,309.9910690608033,302.27278651887536,304.6214294433594,8533900,Amgen,True,True
2024-10-21,AMGN,303.20090784667224,304.75402088903553,297.0168075984413,300.1893615722656,8097000,Amgen,True,True
2024-10-28,AMGN,301.2121419880119,306.2692750682191,294.17572110514055,302.3106994628906,10046300,Amgen,True,True
2024-11-04,AMGN,303.59866352354055,310.86239152716894,296.4391237794309,308.0497131347656,10403800,Amgen,True,True
2024-11-11,AMGN,308.64636826925374,310.22789124952357,264.8083673978374,268.5870056152344,21703200,Amgen,True,True
2024-11-18,AMGN,266.69689426373134,282.06600282694365,263.0503051319816,281.15911865234375,17750500,Amgen,True,True
2024-11-25,AMGN,280.22359152086904,283.822462095157,246.09654735987104,270.0284423828125,30561600,Amgen,True,True
2024-12-02,AMGN,269.2742596127705,269.57021318850906,259.15549644739605,260.2055358886719,21477700,Amgen,True,True
2024-12-09,AMGN,260.7592630944283,267.28874171767217,257.7617967931572,258.3345642089844,17162500,Amgen,True,True
2024-12-16,AMGN,258.3345464125199,260.3105807515239,241.80083724534003,251.42323303222656,30960600,Amgen,True,True
2024-12-23,AMGN,251.16547316960992,252.7787538753438,248.68352974432005,250.7263641357422,8341000,Amgen,True,True
2024-12-30,AMGN,248.98898860211676,251.61414580759825,246.58340048685318,249.36129760742188,10342600,Amgen,True,True
2025-01-06,AMGN,247.2897811760473,253.17013643344302,245.38057605866527,250.325439453125,12985200,Amgen,True,True
2025-01-13,AMGN,250.21087106562996,264.3962807121938,249.4185637334968,259.75689697265625,15974200,Amgen,True,True
2025-01-20,AMGN,259.78559133815946,265.37954914607405,258.01001517716276,262.91668701171875,11951400,Amgen,True,True
2025-01-27,AMGN,264.7781385289663,273.6750424256562,263.64215901846677,272.46270751953125,15039600,Amgen,True,True
2025-02-03,AMGN,273.88500067999513,295.43991183249176,270.53433665721974,280.2140197753906,21639300,Amgen,True,True
2025-02-10,AMGN,285.69203359679824,287.1066375823318,277.49309238777994,280.1875915527344,12763400,Amgen,True,True
2025-02-17,AMGN,280.76499180475304,293.8235820823163,278.10899340439227,291.5910339355469,10549500,Amgen,True,True
2025-02-24,AMGN,293.77547996901,306.3048089030289,291.6776406175379,296.4507141113281,17861300,Amgen,True,True
2025-03-03,AMGN,295.7578388362446,315.8221090854014,295.7578388362446,312.6175842285156,16441100,Amgen,True,True
2025-03-10,AMGN,311.91512064001853,323.22232025841015,297.0088728385704,301.8877868652344,14842500,Amgen,True,True
2025-03-17,AMGN,302.78273953313317,307.27673315530467,299.43387349261013,304.1299743652344,18721200,Amgen,True,True
2025-03-24,AMGN,303.12919150641994,305.6119510103828,292.0722027757446,295.382568359375,10885200,Amgen,True,True
2025-03-31,AMGN,295.9887731071533,303.1291618411183,282.6511040825523,283.2958679199219,16824400,Amgen,True,True
2025-04-07,AMGN,276.84833934527785,285.74975099396863,257.3229643816234,275.2027893066406,23222100,Amgen,True,True
2025-04-14,AMGN,275.9629962273172,285.0087785661063,258.3815159385528,266.84027099609375,12114400,Amgen,True,True
2025-04-21,AMGN,266.84029425728806,272.912498640466,260.1714299955371,270.2565002441406,10819200,Amgen,True,True
2025-04-28,AMGN,270.0544301263417,280.9959456396011,264.8290673635086,270.6221923828125,14322100,Amgen,True,True
2025-05-05,AMGN,270.9589903534145,271.3439104071123,255.64855807487868,255.84100341796875,15345100,Amgen,True,True
2025-05-12,AMGN,258.6942077275014,268.0334842080912,253.80127039310887,264.46087646484375,17394900,Amgen,True,True
2025-05-19,AMGN,264.62589467555404,268.8198408913128,261.2474626909583,263.7327575683594,11389200,Amgen,True,True
2025-05-26,AMGN,265.71321782531004,280.3822812158517,265.15012611737296,279.7706604003906,15022000,Amgen,True,True
2025-06-02,AMGN,277.30476558517034,285.0033534834946,274.7806301486741,281.8578796386719,11571200,Amgen,True,True
2025-06-09,AMGN,281.99386377059557,290.75064258577174,279.14937052864,286.6052551269531,10587800,Amgen,True,True
2025-06-16,AMGN,287.663413132699,290.05161988939176,278.2367677057091,280.8870849609375,13390800,Amgen,True,True
2025-06-23,AMGN,281.6152437575144,282.17833553116617,260.01451477360115,269.04315185546875,18084800,Amgen,True,True
2025-06-30,AMGN,270.7129404509592,290.2652237766287,268.5091619007172,289.537109375,10271700,Amgen,True,True
2025-07-07,AMGN,289.1876008383523,293.55628682747914,282.75106540737767,286.65374755859375,9322200,Amgen,True,True
2025-07-14,AMGN,285.2849303802323,292.21659404126603,283.42097401271303,286.15869140625,8369300,Amgen,True,True
2025-07-21,AMGN,286.1489502850534,302.19658997600845,285.03251416524597,297.63372802734375,9311100,Amgen,True,True
2025-07-28,AMGN,296.89592253297036,297.07066287122626,284.0519743842707,288.216796875,9568500,Amgen,True,True
2025-08-04,AMGN,288.6245525063474,293.5077721713042,273.431237099132,279.8192443847656,13948400,Amgen,True,True
2025-08-11,AMGN,281.28519217344905,288.3236325406482,274.3535573420281,287.8188171386719,9942600,Amgen,True,True
2025-08-18,AMGN,290.6038518310973,295.0471347699851,285.88653553155626,287.4622497558594,8813700,Amgen,True,True
2025-08-25,AMGN,286.37585958428957,288.3234824678574,278.8007716942436,281.58026123046875,8074900,Amgen,True,True
2025-09-01,AMGN,281.3649665751579,282.5883351102927,272.81118333506197,277.5970153808594,9473700,Amgen,True,True
2025-09-08,AMGN,275.0621562396805,276.91190371202964,269.29765951091673,270.50146484375,10713400,Amgen,True,True
2025-09-15,AMGN,270.18827887844117,280.0535092577766,265.82327859379666,279.32928466796875,18526900,Amgen,True,True
2025-09-22,AMGN,278.07656483814156,281.13988441291895,264.0224916487972,267.16412353515625,12381600,Amgen,True,True
2025-09-29,AMGN,267.28157254377874,295.23309538780967,264.9033511994464,291.5434265136719,14754900,Amgen,True,True
2025-10-06,AMGN,291.2791450500793,291.2889415557618,283.4104304019319,283.94873046875,10431700,Amgen,True,True
2025-10-13,AMGN,285.5342336177256,295.83009308879906,283.2734508154912,292.4438171386719,9990800,Amgen,True,True
2025-10-20,AMGN,293.09953144973997,297.3764229760455,284.4674360868551,285.54400634765625,7718400,Amgen,True,True
2025-10-27,AMGN,285.0057213419624,292.51232404728603,281.86411920947785,292.0718994140625,11581100,Amgen,True,True
2025-11-03,AMGN,292.07190612187674,316.0988833670171,285.8963438131476,313.37811279296875,17647500,Amgen,True,True
2025-11-10,AMGN,313.7695845129713,338.4718337275088,312.73217032952505,329.5657043457031,15319900,Amgen,True,True
2025-11-17,AMGN,332.80337699933625,340.5409029767669,329.9448949577884,332.7048034667969,15405300,Amgen,True,True
2025-11-24,AMGN,331.0291617505565,340.7084996149183,326.95831828554043,340.5113525390625,10022100,Amgen,True,True
2025-12-01,AMGN,338.15558979150615,341.4181722170719,323.92243784607865,325.1643981933594,14262800,Amgen,True,True
2025-12-08,AMGN,324.37586621050565,324.94757470371,307.9151074925348,313.1884460449219,14209100,Amgen,True,True
2025-12-15,AMGN,316.6087091727148,326.751314974065,314.489513598469,322.6903381347656,25344000,Amgen,True,True
2025-12-22,AMGN,322.3256774412527,329.59009931809004,321.40897658536613,328.1608581542969,5579500,Amgen,True,True
2025-12-29,AMGN,327.6975871456338,328.72269783426174,320.35432453761916,322.9466552734375,6393900,Amgen,True,True
2026-01-05,AMGN,320.265621340465,338.13588868323023,313.6517186337335,321.4287109375,13508100,Amgen,True,True
2026-01-12,AMGN,323.7647286559675,328.25940508530135,315.2090752843774,325.67694091796875,13365800,Amgen,True,True
2026-01-19,AMGN,320.9161455367514,344.9666465162566,317.1015870028281,339.8115539550781,12146100,Amgen,True,True
2026-01-26,AMGN,339.7622774954615,348.1897890191707,333.22724564452716,336.982666015625,14409000,Amgen,True,True
2026-02-02,AMGN,334.6071858145505,379.6032559686944,333.7397867622569,378.8147277832031,19687100,Amgen,True,True
2026-02-09,AMGN,377.84671744216007,381.73732061405184,358.2943541447581,366.4229736328125,13984800,Amgen,True,True
2026-02-16,AMGN,368.1002943100255,377.7275755537737,366.2343798860699,371.9412841796875,10326000,Amgen,True,True
2026-02-23,AMGN,372.44748338560623,387.2159645110808,371.4450435156162,385.25079345703125,13896000,Amgen,True,True
2026-03-02,AMGN,385.0919768078628,388.3573270508492,358.6913352266668,366.7604064941406,12888000,Amgen,True,True
2026-03-09,AMGN,365.5098596940118,377.2909212351586,363.1874012839806,363.4653015136719,10794400,Amgen,True,True
2026-03-16,AMGN,366.61154522409737,368.11023764426477,342.3646524678883,345.1932678222656,18666000,Amgen,True,True
2026-03-23,AMGN,349.1632952140765,355.316839181362,343.2082643898079,346.156005859375,10856900,Amgen,True,True
2026-03-30,AMGN,349.19307416259204,354.3243391234928,343.27775193989675,345.3322448730469,10667900,Amgen,True,True
2026-04-06,AMGN,342.86089924579375,356.7559706593805,332.54875670806155,348.3891296386719,13171100,Amgen,True,True
2026-04-13,AMGN,349.45112151232115,354.0166510887264,341.63017637766086,352.6370544433594,12462000,Amgen,True,True
2026-04-20,AMGN,351.5949324565504,354.22506491962645,337.5112826331361,341.9676208496094,10544900,Amgen,True,True
2026-04-27,AMGN,339.7841411876642,346.92025557684207,322.19694887197187,327.3480529785156,14960400,Amgen,True,True
2026-05-04,AMGN,323.586441411445,330.4843640758,318.11772853570784,329.2139587402344,15416900,Amgen,True,True
2026-05-11,AMGN,332.989990234375,338.489990234375,325.1600036621094,326.30999755859375,12711000,Amgen,True,True
2026-05-18,AMGN,325.54998779296875,343.79998779296875,320.9700012207031,339.29998779296875,12712100,Amgen,True,True
2026-05-25,AMGN,340.55999755859375,342.489990234375,333.05999755859375,336.7900085449219,8902500,Amgen,True,True
2026-06-01,AMGN,333.3800048828125,356.5,322.29998779296875,349.5799865722656,12326500,Amgen,True,True
2026-06-08,AMGN,349.3399963378906,358.4599914550781,337.489990234375,355.20001220703125,16334000,Amgen,True,True
2026-06-15,AMGN,355.5,358.29998779296875,334.04998779296875,337.6000061035156,19509200,Amgen,True,True
2026-06-22,AMGN,337.6499938964844,362.2699890136719,337.6000061035156,358.3299865722656,13168700,Amgen,True,True
2026-06-29,AMGN,361.95001220703125,364.0,356.8699951171875,360.9100036621094,5498304,Amgen,True,True
2024-01-01,AMZN,151.5399932861328,152.3800048828125,144.0500030517578,145.24000549316406,197957800,Amazon,True,True
2024-01-08,AMZN,146.74000549316406,157.1699981689453,146.14999389648438,154.6199951171875,224548400,Amazon,True,True
2024-01-15,AMZN,153.52999877929688,155.75999450683594,149.91000366210938,155.33999633789062,165839800,Amazon,True,True
2024-01-22,AMZN,156.88999938964844,160.72000122070312,153.89999389648438,159.1199951171875,224906800,Amazon,True,True
2024-01-29,AMZN,159.33999633789062,172.5,154.80999755859375,171.80999755859375,334522900,Amazon,True,True
2024-02-05,AMZN,170.1999969482422,175.0,167.64999389648438,174.4499969482422,244063400,Amazon,True,True
2024-02-12,AMZN,174.8000030517578,175.38999938964844,165.75,169.50999450683594,248173900,Amazon,True,True
2024-02-19,AMZN,167.8300018310547,175.75,165.74000549316406,174.99000549316406,201508000,Amazon,True,True
2024-02-26,AMZN,175.6999969482422,178.72999572753906,172.27000427246094,178.22000122070312,189477400,Amazon,True,True
2024-03-04,AMZN,177.52999877929688,180.13999938964844,173.25999450683594,175.35000610351562,178657200,Amazon,True,True
2024-03-11,AMZN,174.30999755859375,179.52999877929688,171.47000122070312,174.4199981689453,211721200,Amazon,True,True
2024-03-18,AMZN,175.8000030517578,181.4199981689453,173.52000427246094,178.8699951171875,148898500,Amazon,True,True
2024-03-25,AMZN,178.00999450683594,181.6999969482422,177.24000549316406,180.3800048828125,130798700,Amazon,True,True
2024-04-01,AMZN,180.7899932861328,186.27000427246094,178.3800048828125,185.07000732421875,176830900,Amazon,True,True
2024-04-08,AMZN,186.89999389648438,189.77000427246094,182.6699981689453,186.1300048828125,190250100,Amazon,True,True
2024-04-15,AMZN,187.42999267578125,188.69000244140625,173.44000244140625,174.6300048828125,199027900,Amazon,True,True
2024-04-22,AMZN,176.94000244140625,180.82000732421875,166.32000732421875,179.6199951171875,202325700,Amazon,True,True
2024-04-29,AMZN,182.75,187.8699951171875,174.8000030517578,186.2100067138672,336824300,Amazon,True,True
2024-05-06,AMZN,186.27999877929688,191.6999969482422,184.8000030517578,187.47999572753906,172420800,Amazon,True,True
2024-05-13,AMZN,188.0,188.30999755859375,182.72999572753906,184.6999969482422,211066900,Amazon,True,True
2024-05-20,AMZN,184.33999633789062,186.6699981689453,180.0800018310547,180.75,170641500,Amazon,True,True
2024-05-27,AMZN,179.92999267578125,184.0800018310547,173.8699951171875,176.44000244140625,150024900,Amazon,True,True
2024-06-03,AMZN,177.6999969482422,186.2899932861328,175.9199981689453,184.3000030517578,149494100,Amazon,True,True
2024-06-10,AMZN,184.07000732421875,188.35000610351562,182.22999572753906,183.66000366210938,160872800,Amazon,True,True
2024-06-17,AMZN,182.52000427246094,189.27999877929688,181.22000122070312,189.0800018310547,187780400,Amazon,True,True
2024-06-24,AMZN,189.3300018310547,199.83999633789062,185.3300018310547,193.25,312408400,Amazon,True,True
2024-07-01,AMZN,193.49000549316406,200.5500030517578,192.82000732421875,200.0,158248800,Amazon,True,True
2024-07-08,AMZN,200.0399932861328,201.1999969482422,192.86000061035156,194.49000549316406,175514700,Amazon,True,True
2024-07-15,AMZN,194.55999755859375,196.6199951171875,180.11000061035156,183.1300048828125,216879400,Amazon,True,True
2024-07-22,AMZN,185.0,189.38999938964844,176.8000030517578,182.5,202972200,Amazon,True,True
2024-07-29,AMZN,183.83999633789062,190.60000610351562,160.5500030517578,167.89999389648438,326330000,Amazon,True,True
2024-08-05,AMZN,154.2100067138672,168.5500030517578,151.61000061035156,166.94000244140625,272525600,Amazon,True,True
2024-08-12,AMZN,168.13999938964844,178.33999633789062,166.11000061035156,177.05999755859375,181342200,Amazon,True,True
2024-08-19,AMZN,177.63999938964844,182.38999938964844,175.24000549316406,177.0399932861328,154181700,Amazon,True,True
2024-08-26,AMZN,176.6999969482422,178.89999389648438,168.9199981689453,178.5,151090400,Amazon,True,True
2024-09-02,AMZN,177.5500030517578,179.8800048828125,171.16000366210938,171.38999938964844,149763700,Amazon,True,True
2024-09-09,AMZN,174.52999877929688,188.5,173.50999450683594,186.49000549316406,167875500,Amazon,True,True
2024-09-16,AMZN,185.2899932861328,191.83999633789062,183.36000061035156,191.60000610351562,226527100,Amazon,True,True
2024-09-23,AMZN,191.63999938964844,195.3699951171875,187.33999633789062,187.97000122070312,179200300,Amazon,True,True
2024-09-30,AMZN,187.13999938964844,188.49000549316406,180.8800048828125,186.50999450683594,172427500,Amazon,True,True
2024-10-07,AMZN,182.9499969482422,189.92999267578125,180.25,188.82000732421875,148616000,Amazon,True,True
2024-10-14,AMZN,189.77999877929688,190.74000549316406,184.5800018310547,188.99000549316406,140707200,Amazon,True,True
2024-10-21,AMZN,188.0500030517578,191.52000427246094,183.69000244140625,187.8300018310547,137236600,Amazon,True,True
2024-10-28,AMZN,189.57000732421875,200.5,185.22999572753906,197.92999267578125,276163200,Amazon,True,True
2024-11-04,AMZN,196.4499969482422,212.25,194.30999755859375,208.17999267578125,230303300,Amazon,True,True
2024-11-11,AMZN,208.5,215.89999389648438,199.61000061035156,202.61000061035156,249823200,Amazon,True,True
2024-11-18,AMZN,204.14999389648438,205.3000030517578,195.75,197.1199951171875,190707600,Amazon,True,True
2024-11-25,AMZN,199.27999877929688,208.1999969482422,199.0,207.88999938964844,135313400,Amazon,True,True
2024-12-02,AMZN,209.9600067138672,227.14999389648438,209.50999450683594,227.02999877929688,205802000,Amazon,True,True
2024-12-09,AMZN,227.2100067138672,231.1999969482422,224.1999969482422,227.4600067138672,170377300,Amazon,True,True
2024-12-16,AMZN,230.22999572753906,233.0,218.72999572753906,224.9199981689453,244979500,Amazon,True,True
2024-12-23,AMZN,225.00999450683594,229.13999938964844,220.89999389648438,223.75,86591300,Amazon,True,True
2024-12-30,AMZN,220.05999755859375,225.36000061035156,218.19000244140625,224.19000244140625,114613100,Amazon,True,True
2025-01-06,AMZN,226.77999877929688,228.83999633789062,216.5,218.94000244140625,121778800,Amazon,True,True
2025-01-13,AMZN,218.05999755859375,226.50999450683594,216.1999969482422,225.94000244140625,150393100,Amazon,True,True
2025-01-20,AMZN,228.89999389648438,236.39999389648438,226.94000244140625,234.85000610351562,133694800,Amazon,True,True
2025-01-27,AMZN,226.2100067138672,241.77000427246094,225.86000061035156,237.67999267578125,185238100,Amazon,True,True
2025-02-03,AMZN,234.05999755859375,242.52000427246094,228.05999755859375,229.14999389648438,244163400,Amazon,True,True
2025-02-10,AMZN,230.5500030517578,233.9199981689453,227.22999572753906,228.67999267578125,149796400,Amazon,True,True
2025-02-17,AMZN,228.82000732421875,229.3000030517578,214.74000549316406,216.5800018310547,156867400,Amazon,True,True
2025-02-24,AMZN,217.4499969482422,219.97000122070312,204.16000366210938,212.27999877929688,232786500,Amazon,True,True
2025-03-03,AMZN,213.35000610351562,214.00999450683594,192.52999877929688,199.25,252078200,Amazon,True,True
2025-03-10,AMZN,195.60000610351562,201.52000427246094,190.85000610351562,197.9499969482422,239400600,Amazon,True,True
2025-03-17,AMZN,198.77000427246094,199.32000732421875,189.3800048828125,196.2100067138672,226177600,Amazon,True,True
2025-03-24,AMZN,200.0,206.2100067138672,191.8800048828125,192.72000122070312,185517800,Amazon,True,True
2025-03-31,AMZN,188.19000244140625,198.33999633789062,166.0,171.0,377207100,Amazon,True,True
2025-04-07,AMZN,162.0,192.64999389648438,161.3800048828125,184.8699951171875,432738100,Amazon,True,True
2025-04-14,AMZN,186.83999633789062,187.44000244140625,171.41000366210938,172.61000061035156,188246300,Amazon,True,True
2025-04-21,AMZN,169.60000610351562,189.94000244140625,165.2899932861328,188.99000549316406,248380900,Amazon,True,True
2025-04-28,AMZN,190.11000061035156,192.8800048828125,178.85000610351562,189.97999572753906,282238000,Amazon,True,True
2025-05-05,AMZN,186.50999450683594,194.69000244140625,183.85000610351562,193.05999755859375,179186900,Amazon,True,True
2025-05-12,AMZN,210.7100067138672,214.83999633789062,202.6699981689453,205.58999633789062,277556600,Amazon,True,True
2025-05-19,AMZN,201.64999389648438,206.6199951171875,197.85000610351562,200.99000549316406,178578500,Amazon,True,True
2025-05-26,AMZN,203.08999633789062,208.80999755859375,201.6999969482422,205.00999450683594,149771200,Amazon,True,True
2025-06-02,AMZN,204.97999572753906,213.8699951171875,202.67999267578125,213.57000732421875,183864700,Amazon,True,True
2025-06-09,AMZN,214.75,218.39999389648438,209.6199951171875,212.10000610351562,165709600,Amazon,True,True
2025-06-16,AMZN,212.30999755859375,217.9600067138672,208.27000427246094,209.69000244140625,185081700,Amazon,True,True
2025-06-23,AMZN,209.7899932861328,223.3000030517578,207.30999755859375,223.3000030517578,277144100,Amazon,True,True
2025-06-30,AMZN,223.52000427246094,224.00999450683594,217.92999267578125,223.41000366210938,158671200,Amazon,True,True
2025-07-07,AMZN,223.0,226.67999267578125,218.42999267578125,225.02000427246094,201340100,Amazon,True,True
2025-07-14,AMZN,225.07000732421875,227.27000427246094,222.17999267578125,226.1300048828125,179835400,Amazon,True,True
2025-07-21,AMZN,225.83999633789062,236.0,225.64999389648438,231.44000244140625,177690600,Amazon,True,True
2025-07-28,AMZN,233.35000610351562,236.52999877929688,212.8000030517578,214.75,319625700,Amazon,True,True
2025-08-04,AMZN,217.39999389648438,226.22000122070312,211.4199981689453,222.69000244140625,257792200,Amazon,True,True
2025-08-11,AMZN,221.77999877929688,234.0800018310547,219.0500030517578,231.02999877929688,206535300,Amazon,True,True
2025-08-18,AMZN,230.22999572753906,231.91000366210938,220.5,228.83999633789062,161200000,Amazon,True,True
2025-08-25,AMZN,227.35000610351562,232.7100067138672,226.02000427246094,229.0,129872400,Amazon,True,True
2025-09-01,AMZN,223.52000427246094,236.0,221.8300018310547,232.3300018310547,164180600,Amazon,True,True
2025-09-08,AMZN,234.94000244140625,238.85000610351562,226.2899932861328,228.14999389648438,197870400,Amazon,True,True
2025-09-15,AMZN,230.6300048828125,235.89999389648438,228.7100067138672,231.47999572753906,250137300,Amazon,True,True
2025-09-22,AMZN,230.55999755859375,230.57000732421875,216.47000122070312,219.77999877929688,260256100,Amazon,True,True
2025-09-29,AMZN,220.0800018310547,224.1999969482422,216.61000061035156,219.50999450683594,221487000,Amazon,True,True
2025-10-06,AMZN,221.0,228.25,216.0,216.3699951171875,240351200,Amazon,True,True
2025-10-13,AMZN,217.6999969482422,220.67999267578125,211.02999877929688,213.0399932861328,217786300,Amazon,True,True
2025-10-20,AMZN,213.8800048828125,225.39999389648438,213.58999633789062,224.2100067138672,203911000,Amazon,True,True
2025-10-27,AMZN,227.66000366210938,250.5,222.75,244.22000122070312,405996900,Amazon,True,True
2025-11-03,AMZN,255.36000061035156,258.6000061035156,238.49000549316406,244.41000366210938,280533300,Amazon,True,True
2025-11-10,AMZN,248.33999633789062,251.75,232.88999938964844,234.69000244140625,171589100,Amazon,True,True
2025-11-17,AMZN,233.25,234.60000610351562,215.17999267578125,220.69000244140625,297662500,Amazon,True,True
2025-11-24,AMZN,222.55999755859375,233.2899932861328,222.27000427246094,233.22000122070312,152487900,Amazon,True,True
2025-12-01,AMZN,233.22000122070312,238.97000122070312,226.8000030517578,229.52999877929688,202985100,Amazon,True,True
2025-12-08,AMZN,229.58999633789062,232.4199981689453,225.11000061035156,226.19000244140625,163540300,Amazon,True,True
2025-12-15,AMZN,227.92999267578125,229.22999572753906,220.99000549316406,227.35000610351562,266436200,Amazon,True,True
2025-12-22,AMZN,228.61000061035156,232.99000549316406,226.7100067138672,232.52000427246094,88906700,Amazon,True,True
2025-12-29,AMZN,231.94000244140625,235.4600067138672,224.6999969482422,226.5,117548300,Amazon,True,True
2026-01-05,AMZN,228.83999633789062,247.86000061035156,227.17999267578125,247.3800048828125,219804300,Amazon,True,True
2026-01-12,AMZN,246.72999572753906,248.94000244140625,236.22000122070312,239.1199951171875,204542100,Amazon,True,True
2026-01-19,AMZN,233.75999450683594,240.4499969482422,226.8800048828125,239.16000366210938,160705800,Amazon,True,True
2026-01-26,AMZN,239.97999572753906,247.77999877929688,236.74000549316406,239.3000030517578,205552000,Amazon,True,True
2026-02-02,AMZN,238.30999755859375,246.35000610351562,200.30999755859375,210.32000732421875,425397400,Amazon,True,True
2026-02-09,AMZN,208.97000122070312,212.80999755859375,197.27999877929688,198.7899932861328,374195900,Amazon,True,True
2026-02-16,AMZN,198.1300048828125,211.1699981689453,196.0,210.11000061035156,222433700,Amazon,True,True
2026-02-23,AMZN,208.10000610351562,211.58999633789062,203.11000061035156,210.0,241244700,Amazon,True,True
2026-03-02,AMZN,204.5500030517578,220.47000122070312,202.47999572753906,213.2100067138672,256013100,Amazon,True,True
2026-03-09,AMZN,210.4499969482422,217.0,206.22000122070312,207.6699981689453,204532600,Amazon,True,True
2026-03-16,AMZN,208.35000610351562,215.6999969482422,204.32000732421875,205.3699951171875,225161000,Amazon,True,True
2026-03-23,AMZN,209.7899932861328,213.07000732421875,199.13999938964844,199.33999633789062,218773400,Amazon,True,True
2026-03-30,AMZN,201.47999572753906,213.5800018310547,199.97999572753906,209.77000427246094,182252300,Amazon,True,True
2026-04-06,AMZN,209.8000030517578,240.42999267578125,209.0800018310547,238.3800048828125,227509800,Amazon,True,True
2026-04-13,AMZN,237.4499969482422,256.17999267578125,235.75,250.55999755859375,251821400,Amazon,True,True
2026-04-20,AMZN,249.19000244140625,264.5,245.3699951171875,263.989990234375,211319400,Amazon,True,True
2026-04-27,AMZN,263.4599914550781,273.8800048828125,256.1600036621094,268.260009765625,311279200,Amazon,True,True
2026-05-04,AMZN,268.79998779296875,278.55999755859375,268.79998779296875,272.67999267578125,206169800,Amazon,True,True
2026-05-11,AMZN,269.8399963378906,273.6300048828125,260.8900146484375,264.1400146484375,186732500,Amazon,True,True
2026-05-18,AMZN,263.8699951171875,269.7900085449219,255.19000244140625,266.32000732421875,173091900,Amazon,True,True
2026-05-25,AMZN,267.94000244140625,274.75,262.07000732421875,270.6400146484375,173470000,Amazon,True,True
2026-06-01,AMZN,266.2900085449219,266.6300048828125,245.77999877929688,246.02999877929688,238027200,Amazon,True,True
2026-06-08,AMZN,246.67999267578125,250.42999267578125,233.58999633789062,238.5500030517578,209437100,Amazon,True,True
2026-06-15,AMZN,245.02000427246094,249.50999450683594,236.0,244.38999938964844,197304200,Amazon,True,True
2026-06-22,AMZN,240.0800018310547,242.4199981689453,225.5500030517578,232.69000244140625,525209900,Amazon,True,True
2026-06-29,AMZN,234.22000122070312,249.7100067138672,233.8000030517578,238.33999633789062,143707100,Amazon,True,True
2024-01-01,AXP,181.92784544996465,184.8739555811053,181.04985348427647,184.43496704101562,9977900,American Express,True,True
2024-01-08,AXP,183.6155251937198,184.69837156346384,177.49890570594908,177.58670043945312,15115000,American Express,True,True
2024-01-15,AXP,176.58189354201255,178.8939256540756,173.460179064374,178.68905639648438,13124600,American Express,True,True
2024-01-22,AXP,179.75238654190014,199.7606537365027,179.5572821794809,196.50234985351562,25553100,American Express,True,True
2024-01-29,AXP,196.97061949947155,201.90683284058923,194.20009883231987,201.36053466796875,19136400,American Express,True,True
2024-02-05,AXP,200.4630360313403,209.00873191685923,198.4436679758277,207.27227783203125,18548400,American Express,True,True
2024-02-12,AXP,207.05767814794365,209.0477665967731,202.53118815864573,207.36009216308594,15669700,American Express,True,True
2024-02-19,AXP,205.83824886903184,211.02811138840443,203.9847350466897,209.3111572265625,11585900,American Express,True,True
2024-02-26,AXP,208.19905275234285,214.98879512611046,208.03321329002577,214.28640747070312,15241100,American Express,True,True
2024-03-04,AXP,213.71082855593252,219.39819432565605,210.8329834290927,217.90562438964844,13242400,American Express,True,True
2024-03-11,AXP,216.49110180635736,218.80311901268865,211.90608231191393,213.11575317382812,15254800,American Express,True,True
2024-03-18,AXP,214.5205016794117,226.02208702757585,213.63277464793842,220.43226623535156,11768700,American Express,True,True
2024-03-25,AXP,219.82744728692637,222.87113206373456,218.8324105212384,222.11996459960938,8674800,American Express,True,True
2024-04-01,AXP,222.56349753098894,224.75546049109397,214.50995983258832,217.69027709960938,10534500,American Express,True,True
2024-04-08,AXP,218.66885282712525,220.0290495640475,209.9107357444283,213.52162170410156,13599400,American Express,True,True
2024-04-15,AXP,217.1324786376979,226.6342940920677,211.8678258885822,226.08628845214844,21367700,American Express,True,True
2024-04-22,AXP,227.05509290597658,235.39242157821872,222.80814950686607,230.5876922607422,20587300,American Express,True,True
2024-04-29,AXP,231.51731987396855,234.47257286856066,224.21727653022643,225.82211303710938,17374600,American Express,True,True
2024-05-06,AXP,227.3193118847313,238.31830806253132,226.36032802116017,237.1049041748047,12602900,American Express,True,True
2024-05-13,AXP,237.74097208306821,238.31831846980413,232.9949685741037,237.61376953125,11624100,American Express,True,True
2024-05-20,AXP,237.89753162863838,239.16966159592246,230.0788381164388,233.07322692871094,10998500,American Express,True,True
2024-05-27,AXP,232.6524592399597,235.04014617390152,229.6384949898716,234.85421752929688,12515500,American Express,True,True
2024-06-03,AXP,235.03034014127542,236.1850477551017,226.7419575018949,227.68136596679688,13036500,American Express,True,True
2024-06-10,AXP,226.97681203035287,228.90457492172672,216.00717134555953,219.99969482421875,14577800,American Express,True,True
2024-06-17,AXP,219.39295693521208,226.71257514602942,219.21682345660437,225.44046020507812,12635600,American Express,True,True
2024-06-24,AXP,226.71260599480985,228.88500878300226,222.49501790248166,226.5854034423828,14676600,American Express,True,True
2024-07-01,AXP,228.02582742757164,233.1785652770091,227.26027900231486,231.2646942138672,8518600,American Express,True,True
2024-07-08,AXP,231.85359046220785,235.8089293414244,229.4293485715778,234.20913696289062,11265900,American Express,True,True
2024-07-15,AXP,235.99539602481232,249.0293682057469,233.24726611232782,237.8896484375,18404600,American Express,True,True
2024-07-22,AXP,238.50797551938524,244.3772004326539,234.9550446675385,241.33462524414062,13995300,American Express,True,True
2024-07-29,AXP,242.0609338035106,251.4928844258308,225.7880933289869,227.97677612304688,17571100,American Express,True,True
2024-08-05,AXP,222.44125853425663,233.92450091434299,217.9166629625487,233.44358825683594,14899800,American Express,True,True
2024-08-12,AXP,233.78709134672144,247.086066333266,231.038961297943,247.04681396484375,10599200,American Express,True,True
2024-08-19,AXP,247.33143795656827,249.90289493979512,238.8416941917547,246.6444091796875,10665100,American Express,True,True
2024-08-26,AXP,247.7436669810068,256.90082126090635,247.28237299975655,253.85824584960938,12871800,American Express,True,True
2024-09-02,AXP,251.0315629374588,252.70988975782493,238.81221688328063,239.5384979248047,12397100,American Express,True,True
2024-09-09,AXP,243.65089217668336,255.38931146552642,236.13279861636266,254.2017364501953,14340400,American Express,True,True
2024-09-16,AXP,256.46897017033587,266.4603683651705,254.34898272262586,264.0066833496094,16333800,American Express,True,True
2024-09-23,AXP,266.33276028621196,267.6283131062113,258.15709535144157,266.038330078125,10654000,American Express,True,True
2024-09-30,AXP,265.7888229288255,272.3720433438997,262.00026844012234,271.56512451171875,10406200,American Express,True,True
2024-10-07,AXP,269.9709679164753,272.6868937500743,261.91169021589275,271.7520751953125,12483300,American Express,True,True
2024-10-14,AXP,271.7521211490866,281.7892975071163,264.75559062974787,272.3720703125,17363500,American Express,True,True
2024-10-21,AXP,270.61062265103976,271.9489007702493,262.0986945264749,263.0827331542969,15223100,American Express,True,True
2024-10-28,AXP,264.94251851120816,270.6794798348287,263.4074208398505,268.33746337890625,11062500,American Express,True,True
2024-11-04,AXP,267.9832031960078,292.09214749898837,265.4050270182791,283.0094909667969,14875400,American Express,True,True
2024-11-11,AXP,285.85335248764335,289.4844571866815,280.933159673822,282.2911376953125,12262800,American Express,True,True
2024-11-18,AXP,282.36003451629034,297.10094335843667,276.81989246738783,296.4908142089844,13173900,American Express,True,True
2024-11-25,AXP,298.2128763412294,302.90675953514557,297.1796478559067,299.8168640136719,8632500,American Express,True,True
2024-12-02,AXP,301.3224452674707,301.9522443734952,295.12301422372224,299.13787841796875,10448000,American Express,True,True
2024-12-09,AXP,299.2165697569313,300.2006081775239,291.43282224638676,297.3173828125,10747000,American Express,True,True
2024-12-16,AXP,298.8524995192942,299.34451876115645,281.8581356858719,293.8830871582031,18739000,American Express,True,True
2024-12-23,AXP,291.7477783798417,300.220336411139,290.4783601623372,296.24481201171875,5670200,American Express,True,True
2024-12-30,AXP,293.29182482586367,299.2888327965841,290.11576962298346,298.943603515625,7533800,American Express,True,True
2025-01-06,AXP,300.166709146898,300.9853682295644,289.15901496741606,289.2970886230469,9519600,American Express,True,True
2025-01-13,AXP,288.5277148170655,311.09545641346165,287.18629036605927,308.2942199707031,12217700,American Express,True,True
2025-01-20,AXP,312.6144631551431,321.8171157741439,309.44828107736214,316.95440673828125,15902400,American Express,True,True
2025-01-27,AXP,313.78823547637353,317.49692944305554,306.47936193939523,313.1175231933594,12236600,American Express,True,True
2025-02-03,AXP,307.9292974864006,318.8383504726771,304.9702408694848,312.44677734375,9284500,American Express,True,True
2025-02-10,AXP,314.1038247507698,314.1038247507698,299.762257406443,306.7949523925781,11022200,American Express,True,True
2025-02-17,AXP,309.1129355634704,309.4088291879747,289.83960482562964,291.3684387207031,10283200,American Express,True,True
2025-02-24,AXP,293.0550470809702,296.96102292444533,285.5785116855679,296.8525085449219,12229800,American Express,True,True
2025-03-03,AXP,297.3161210565819,299.31841471506107,261.0972689403121,269.48126220703125,17574100,American Express,True,True
2025-03-10,AXP,264.0562987253783,264.9242933450514,250.0599757863774,262.00469970703125,23255400,American Express,True,True
2025-03-17,AXP,261.5707746919761,270.80301797782437,256.9053173722992,266.81817626953125,15480900,American Express,True,True
2025-03-24,AXP,271.47371451931554,278.27953837016105,259.4204899784073,261.8567810058594,13571100,American Express,True,True
2025-03-31,AXP,259.76707547917493,274.44325480812824,226.2484275100474,231.2559356689453,26134800,American Express,True,True
2025-04-07,AXP,222.9529974213854,262.0234561543615,218.14341095133094,248.52496337890625,28919700,American Express,True,True
2025-04-14,AXP,253.85902578443225,257.9264071550239,244.53675934557467,248.7030792236328,14728500,American Express,True,True
2025-04-21,AXP,246.2686153209295,267.3674642403198,236.7879895309329,262.06304931640625,15136300,American Express,True,True
2025-04-28,AXP,262.19169215951814,275.2151827505889,254.54186713407574,273.9781494140625,12388100,American Express,True,True
2025-05-05,AXP,272.60254608084074,284.02284597456736,270.7717307547403,281.5586853027344,13932100,American Express,True,True
2025-05-12,AXP,294.2555846186898,300.4704387754334,291.67267355751693,296.61090087890625,14492300,American Express,True,True
2025-05-19,AXP,293.9290607786458,297.768817532708,278.54034616691763,282.2613525390625,12681400,American Express,True,True
2025-05-26,AXP,287.5162501548982,293.53316733245236,285.16093372584874,290.9997253417969,11895100,American Express,True,True
2025-06-02,AXP,289.3173798112686,300.3517117821743,287.31831449316525,299.3323974609375,9591600,American Express,True,True
2025-06-09,AXP,300.6386831001405,300.6386831001405,283.1816548088719,284.8046569824219,11166700,American Express,True,True
2025-06-16,AXP,287.9120413266188,296.64055463621594,287.01147755331067,295.4925842285156,14312100,American Express,True,True
2025-06-23,AXP,293.74096954437493,316.79925684238316,288.8522118094382,313.899658203125,16235500,American Express,True,True
2025-06-30,AXP,316.07123707374046,326.54810717936454,313.8091927989175,325.5460510253906,11834800,American Express,True,True
2025-07-07,AXP,324.940818998339,325.82382491701514,314.45407914869924,316.9542236328125,12164000,American Express,True,True
2025-07-14,AXP,316.77565936368745,319.23611044944954,300.1277999406583,305.52496337890625,16523700,American Express,True,True
2025-07-21,AXP,305.53487690099854,310.1879466449931,299.35395610469175,309.1561279296875,11539800,American Express,True,True
2025-07-28,AXP,309.1462136444736,311.15029561799145,286.06937215690436,291.9526672363281,12313700,American Express,True,True
2025-08-04,AXP,293.2126678132939,297.9847872406246,288.3413298180481,295.0877685546875,12108100,American Express,True,True
2025-08-11,AXP,294.78023223307235,307.37030334303114,292.5678124321294,303.0644836425781,11910300,American Express,True,True
2025-08-18,AXP,301.87393851230047,319.17660527124553,300.4056125217186,316.6466979980469,11446300,American Express,True,True
2025-08-25,AXP,316.54746300948585,329.44509057361694,311.6463621129354,328.6712341308594,10594400,American Express,True,True
2025-09-01,AXP,324.0875994923024,329.84191315125963,318.8789425454466,323.65106201171875,12121000,American Express,True,True
2025-09-08,AXP,323.9387922708408,328.08586812945083,318.2737358672409,322.74822998046875,10993200,American Express,True,True
2025-09-15,AXP,323.4824121766589,341.64822232526575,321.15094215808614,338.4337463378906,19056400,American Express,True,True
2025-09-22,AXP,336.8364241965406,346.44018851974784,331.3698048529095,338.98931884765625,12257200,American Express,True,True
2025-09-29,AXP,341.05295588448575,342.1343686794014,323.71059712715066,327.639404296875,11895800,American Express,True,True
2025-10-06,AXP,330.22018510098417,333.1444265178472,314.2562394989882,314.5645751953125,10788900,American Express,True,True
2025-10-13,AXP,317.45895630226323,346.8306459901645,317.34953022360696,344.76177978515625,16982700,American Express,True,True
2025-10-20,AXP,345.52766555280135,360.3776189148858,340.81305593239625,355.64312744140625,13123900,American Express,True,True
2025-10-27,AXP,360.05935382395234,363.78925044505684,353.97216739494604,358.7961730957031,9637900,American Express,True,True
2025-11-03,AXP,359.0647132623774,368.01646511656406,354.49932345921934,366.5643005371094,11013300,American Express,True,True
2025-11-10,AXP,367.49924571695806,375.20769832499866,353.49471094825327,355.2651672363281,13188200,American Express,True,True
2025-11-17,AXP,354.3103034375342,356.30953752750816,332.30889376050794,350.9981689453125,15960600,American Express,True,True
2025-11-24,AXP,351.7242591309915,365.5596920819576,348.3026983402578,363.3117980957031,7942500,American Express,True,True
2025-12-01,AXP,361.90933518031983,372.8702764840891,355.43425587358615,368.36456298828125,11022200,American Express,True,True
2025-12-08,AXP,367.92691693174305,385.4126572339799,358.76630022095554,380.50909423828125,13037000,American Express,True,True
2025-12-15,AXP,382.3392638611519,383.68203271656773,370.7716062747848,374.4915771484375,19111700,American Express,True,True
2025-12-22,AXP,376.3017826876734,382.6674969628656,375.0584838611085,379.0072021484375,6447600,American Express,True,True
2025-12-29,AXP,379.79931636958975,380.1881019256283,366.0926481279051,371.5553894042969,6601700,American Express,True,True
2026-01-05,AXP,371.12670326210036,385.04273093347234,371.07687300312614,374.42626953125,12560100,American Express,True,True
2026-01-12,AXP,359.36392234067534,368.23586884677434,349.6147441941701,363.6404113769531,20797700,American Express,True,True
2026-01-19,AXP,354.87809995698564,368.93367123619214,350.2427600727273,360.5501708984375,11260200,American Express,True,True
2026-01-26,AXP,361.0485925653313,363.720139480359,343.4143386077548,351.0601806640625,16032400,American Express,True,True
2026-02-02,AXP,349.2459027084155,360.251119443136,345.80676297212653,358.0181579589844,16076300,American Express,True,True
2026-02-09,AXP,357.86864619502313,368.3355564597801,335.15045815952396,336.4364013671875,17120000,American Express,True,True
2026-02-16,AXP,337.66254627683054,346.95315235748956,336.9348358276269,345.08905029296875,10612000,American Express,True,True
2026-02-23,AXP,342.2679586847213,344.74012364038794,306.68045297360635,307.926513671875,31895100,American Express,True,True
2026-03-02,AXP,302.244501160334,311.47529831040106,293.5818845797268,300.0514221191406,26110200,American Express,True,True
2026-03-09,AXP,293.60179869461075,307.27856185349424,291.50841068042797,299.0146789550781,17944200,American Express,True,True
2026-03-16,AXP,300.0614015274695,305.3247608257625,290.0530332420337,294.5687561035156,20667000,American Express,True,True
2026-03-23,AXP,304.0189059724656,305.4144879694653,290.5813754952829,291.34893798828125,16421200,American Express,True,True
2026-03-30,AXP,294.67999267578125,307.25,292.5799865722656,300.17999267578125,12876500,American Express,True,True
2026-04-06,AXP,298.760009765625,322.5,298.4100036621094,313.5,12092400,American Express,True,True
2026-04-13,AXP,311.17999267578125,339.9800109863281,310.0,331.69000244140625,14207000,American Express,True,True
2026-04-20,AXP,331.67999267578125,338.0899963378906,312.5,314.0799865722656,17085900,American Express,True,True
2026-04-27,AXP,313.0199890136719,325.0,312.2300109863281,319.67999267578125,18763900,American Express,True,True
2026-05-04,AXP,320.7699890136719,324.7799987792969,313.6099853515625,316.0299987792969,18436700,American Express,True,True
2026-05-11,AXP,315.2900085449219,316.3999938964844,307.760009765625,313.4800109863281,14214200,American Express,True,True
2026-05-18,AXP,314.2900085449219,315.6600036621094,303.0400085449219,311.7799987792969,13971600,American Express,True,True
2026-05-25,AXP,314.0400085449219,319.239990234375,306.2300109863281,316.4700012207031,13556200,American Express,True,True
2026-06-01,AXP,313.1600036621094,314.9599914550781,300.0299987792969,310.6600036621094,14115600,American Express,True,True
2026-06-08,AXP,310.0,325.6199951171875,309.6400146484375,325.44000244140625,12473100,American Express,True,True
2026-06-15,AXP,329.70001220703125,348.20001220703125,329.70001220703125,338.0,15483200,American Express,True,True
2026-06-22,AXP,337.9800109863281,352.5199890136719,333.94000244140625,340.3599853515625,18618100,American Express,True,True
2026-06-29,AXP,341.7799987792969,349.8500061035156,336.57000732421875,349.17498779296875,6925457,American Express,True,True
2024-01-01,BA,257.2799987792969,258.5899963378906,243.0,249.0,22055500,Boeing,True,True
2024-01-08,BA,228.0,233.85000610351562,217.0399932861328,217.6999969482422,97417600,Boeing,True,True
2024-01-15,BA,210.07000732421875,215.16000366210938,199.5,215.02000427246094,89822300,Boeing,True,True
2024-01-22,BA,213.07000732421875,217.58999633789062,198.32000732421875,205.47000122070312,66980500,Boeing,True,True
2024-01-29,BA,206.05999755859375,214.6300048828125,199.13999938964844,209.3800048828125,60220500,Boeing,True,True
2024-02-05,BA,204.63999938964844,213.77000427246094,202.0,209.1999969482422,34124500,Boeing,True,True
2024-02-12,BA,208.6999969482422,209.8000030517578,202.2100067138672,203.88999938964844,30139600,Boeing,True,True
2024-02-19,BA,203.5500030517578,205.5800018310547,197.14999389648438,200.8300018310547,23366900,Boeing,True,True
2024-02-26,BA,201.00999450683594,208.10000610351562,199.00999450683594,200.0,36674600,Boeing,True,True
2024-03-04,BA,199.5,203.8000030517578,196.9199981689453,198.49000549316406,31960700,Boeing,True,True
2024-03-11,BA,194.2100067138672,196.07000732421875,180.52000427246094,182.52999877929688,63888400,Boeing,True,True
2024-03-18,BA,180.25999450683594,192.94000244140625,177.52000427246094,188.85000610351562,45179200,Boeing,True,True
2024-03-25,BA,196.00999450683594,196.17999267578125,186.80999755859375,192.99000549316406,33769700,Boeing,True,True
2024-04-01,BA,192.24000549316406,192.8699951171875,182.44000244140625,183.13999938964844,26838500,Boeing,True,True
2024-04-08,BA,182.13999938964844,184.5500030517578,169.3699951171875,169.5500030517578,42525300,Boeing,True,True
2024-04-15,BA,170.74000549316406,172.0399932861328,167.52999877929688,169.82000732421875,32456900,Boeing,True,True
2024-04-22,BA,169.82000732421875,177.63999938964844,159.6999969482422,167.22000122070312,52959100,Boeing,True,True
2024-04-29,BA,167.89999389648438,180.49000549316406,167.5,179.7899932861328,37869300,Boeing,True,True
2024-05-06,BA,180.8800048828125,183.97999572753906,174.7100067138672,178.50999450683594,30790600,Boeing,True,True
2024-05-13,BA,179.0399932861328,185.3800048828125,176.1699981689453,184.9499969482422,26206200,Boeing,True,True
2024-05-20,BA,184.64999389648438,188.6300048828125,169.57000732421875,174.52000427246094,40968500,Boeing,True,True
2024-05-27,BA,174.72999572753906,178.49000549316406,171.5500030517578,177.61000061035156,18640000,Boeing,True,True
2024-06-03,BA,178.08999633789062,192.10000610351562,178.02000427246094,190.24000549316406,31389100,Boeing,True,True
2024-06-10,BA,190.0,192.6300048828125,175.22000122070312,177.27000427246094,23947300,Boeing,True,True
2024-06-17,BA,176.75,180.4499969482422,172.0500030517578,176.55999755859375,25077400,Boeing,True,True
2024-06-24,BA,176.14999389648438,184.44000244140625,173.2899932861328,182.00999450683594,35475100,Boeing,True,True
2024-07-01,BA,182.1999969482422,189.47000122070312,182.1999969482422,184.8300018310547,19222400,Boeing,True,True
2024-07-08,BA,186.94000244140625,191.5,180.4499969482422,182.30999755859375,27374100,Boeing,True,True
2024-07-15,BA,183.5,188.4499969482422,177.38999938964844,179.6699981689453,29111100,Boeing,True,True
2024-07-22,BA,181.36000061035156,189.58999633789062,177.22999572753906,186.88999938964844,30006900,Boeing,True,True
2024-07-29,BA,186.6999969482422,196.9499969482422,167.25,169.9499969482422,49444400,Boeing,True,True
2024-08-05,BA,162.52000427246094,169.85000610351562,162.5,167.91000366210938,29958200,Boeing,True,True
2024-08-12,BA,167.72999572753906,180.50999450683594,162.6199951171875,179.99000549316406,27717500,Boeing,True,True
2024-08-19,BA,180.0399932861328,180.6999969482422,170.0399932861328,174.9600067138672,25130800,Boeing,True,True
2024-08-26,BA,173.0,175.27999877929688,170.14999389648438,173.74000549316406,20146100,Boeing,True,True
2024-09-02,BA,167.02999877929688,169.60000610351562,156.6999969482422,157.6199951171875,37287800,Boeing,True,True
2024-09-09,BA,162.3000030517578,164.5500030517578,155.60000610351562,156.77000427246094,45869500,Boeing,True,True
2024-09-16,BA,156.25,158.8800048828125,152.60000610351562,153.2899932861328,49282200,Boeing,True,True
2024-09-23,BA,153.0,158.42999267578125,151.64999389648438,156.32000732421875,48530800,Boeing,True,True
2024-09-30,BA,154.7899932861328,156.39999389648438,149.49000549316406,155.0,40210300,Boeing,True,True
2024-10-07,BA,155.0,158.75999450683594,146.25999450683594,151.02000427246094,46057100,Boeing,True,True
2024-10-14,BA,148.0,157.13999938964844,146.02000427246094,155.0,41656900,Boeing,True,True
2024-10-21,BA,160.25,163.44000244140625,151.97999572753906,155.00999450683594,54517300,Boeing,True,True
2024-10-28,BA,153.5,156.91000366210938,147.5800018310547,154.58999633789062,186401300,Boeing,True,True
2024-11-04,BA,154.6199951171875,157.66000366210938,144.1300048828125,151.67999267578125,89192300,Boeing,True,True
2024-11-11,BA,152.0,152.5,137.02999877929688,140.19000244140625,78562200,Boeing,True,True
2024-11-18,BA,140.25999450683594,150.33999633789062,138.1999969482422,149.2899932861328,50929200,Boeing,True,True
2024-11-25,BA,150.6999969482422,157.5,149.8000030517578,155.44000244140625,32024600,Boeing,True,True
2024-12-02,BA,155.91000366210938,160.35000610351562,153.3699951171875,153.92999267578125,40800000,Boeing,True,True
2024-12-09,BA,154.27000427246094,170.42999267578125,154.27000427246094,169.64999389648438,64178400,Boeing,True,True
2024-12-16,BA,168.08999633789062,182.0,166.10000610351562,177.35000610351562,80055800,Boeing,True,True
2024-12-23,BA,178.1199951171875,182.57000732421875,174.2899932861328,180.72000122070312,25516000,Boeing,True,True
2024-12-30,BA,173.72000122070312,179.35000610351562,169.8000030517578,169.89999389648438,50794700,Boeing,True,True
2025-01-06,BA,173.5,175.02000427246094,167.41000366210938,172.0,30843900,Boeing,True,True
2025-01-13,BA,171.17999267578125,172.5,164.6199951171875,171.08999633789062,35836900,Boeing,True,True
2025-01-20,BA,172.3800048828125,180.42999267578125,171.92999267578125,176.05999755859375,30291200,Boeing,True,True
2025-01-27,BA,175.5500030517578,188.47999572753906,170.64999389648438,176.52000427246094,55281300,Boeing,True,True
2025-02-03,BA,174.11000061035156,186.11000061035156,173.1300048828125,181.49000549316406,30747400,Boeing,True,True
2025-02-10,BA,183.1199951171875,188.24000549316406,177.60000610351562,184.4199981689453,27933600,Boeing,True,True
2025-02-17,BA,185.67999267578125,188.66000366210938,174.7100067138672,177.14999389648438,31037700,Boeing,True,True
2025-02-24,BA,177.47999572753906,183.0399932861328,171.8300018310547,174.6300048828125,31617000,Boeing,True,True
2025-03-03,BA,177.02000427246094,178.39999389648438,149.0500030517578,154.17999267578125,48690900,Boeing,True,True
2025-03-10,BA,150.02999877929688,162.32000732421875,145.4499969482422,161.80999755859375,39858100,Boeing,True,True
2025-03-17,BA,160.5,183.4600067138672,158.7899932861328,178.11000061035156,55649500,Boeing,True,True
2025-03-24,BA,182.02999877929688,184.39999389648438,172.4499969482422,173.30999755859375,36776100,Boeing,True,True
2025-03-31,BA,170.64999389648438,172.2100067138672,132.7899932861328,136.58999633789062,59716300,Boeing,True,True
2025-04-07,BA,132.0500030517578,162.42999267578125,128.8800048828125,156.83999633789062,69313800,Boeing,True,True
2025-04-14,BA,159.82000732421875,163.89999389648438,153.5399932861328,161.89999389648438,34866700,Boeing,True,True
2025-04-21,BA,160.0,180.3300018310547,156.47000122070312,177.9499969482422,49744200,Boeing,True,True
2025-04-28,BA,182.75,187.5800018310547,177.6300048828125,185.4600067138672,38383200,Boeing,True,True
2025-05-05,BA,184.38999938964844,195.3000030517578,183.5,194.85000610351562,39470500,Boeing,True,True
2025-05-12,BA,198.16000366210938,209.66000366210938,193.05999755859375,205.82000732421875,57803200,Boeing,True,True
2025-05-19,BA,203.0,208.6199951171875,198.75,202.36000061035156,27122200,Boeing,True,True
2025-05-26,BA,204.27999877929688,212.27999877929688,200.22000122070312,207.32000732421875,35158500,Boeing,True,True
2025-06-02,BA,210.97999572753906,215.8000030517578,207.89999389648438,210.8000030517578,32186700,Boeing,True,True
2025-06-09,BA,211.22999572753906,218.8000030517578,195.27999877929688,200.32000732421875,69688200,Boeing,True,True
2025-06-16,BA,200.57000732421875,205.30999755859375,196.8000030517578,198.75,34610300,Boeing,True,True
2025-06-23,BA,197.8300018310547,214.80999755859375,197.47000122070312,214.5500030517578,38204100,Boeing,True,True
2025-06-30,BA,213.8800048828125,217.67999267578125,206.77000427246094,215.9199981689453,25413000,Boeing,True,True
2025-07-07,BA,215.60000610351562,230.1999969482422,214.5,226.83999633789062,41787900,Boeing,True,True
2025-07-14,BA,231.39999389648438,233.61000061035156,227.27000427246094,229.33999633789062,39248400,Boeing,True,True
2025-07-21,BA,229.39999389648438,235.27000427246094,225.5500030517578,233.05999755859375,27012600,Boeing,True,True
2025-07-28,BA,233.24000549316406,242.69000244140625,215.89999389648438,221.89999389648438,53839200,Boeing,True,True
2025-08-04,BA,220.14999389648438,230.89999389648438,218.02999877929688,229.1199951171875,24870800,Boeing,True,True
2025-08-11,BA,229.0,236.4499969482422,225.1699981689453,235.25999450683594,30551700,Boeing,True,True
2025-08-18,BA,234.47000122070312,235.16000366210938,223.60000610351562,230.1199951171875,37312600,Boeing,True,True
2025-08-25,BA,229.60000610351562,238.0500030517578,226.60000610351562,234.67999267578125,25943400,Boeing,True,True
2025-09-01,BA,231.27999877929688,238.3300018310547,225.5,229.61000061035156,24634900,Boeing,True,True
2025-09-08,BA,231.6999969482422,232.27999877929688,215.6999969482422,215.94000244140625,39520600,Boeing,True,True
2025-09-15,BA,216.25,218.0500030517578,213.1300048828125,215.64999389648438,36174000,Boeing,True,True
2025-09-22,BA,215.1699981689453,224.10000610351562,211.42999267578125,221.25999450683594,51514400,Boeing,True,True
2025-09-29,BA,222.3699951171875,222.80999755859375,212.8300018310547,216.3000030517578,42673100,Boeing,True,True
2025-10-06,BA,217.8699951171875,226.19000244140625,210.72999572753906,210.72999572753906,45088300,Boeing,True,True
2025-10-13,BA,212.08999633789062,217.9499969482422,210.66000366210938,212.94000244140625,28726500,Boeing,True,True
2025-10-20,BA,215.1300048828125,221.74000549316406,213.8000030517578,221.35000610351562,26979200,Boeing,True,True
2025-10-27,BA,222.77999877929688,225.55999755859375,198.3000030517578,201.02000427246094,64165200,Boeing,True,True
2025-11-03,BA,202.0399932861328,205.66000366210938,191.49000549316406,194.61000061035156,42219200,Boeing,True,True
2025-11-10,BA,195.88999938964844,197.02999877929688,192.14999389648438,194.52000427246094,34448200,Boeing,True,True
2025-11-17,BA,194.83999633789062,194.83999633789062,176.77000427246094,179.6999969482422,50464400,Boeing,True,True
2025-11-24,BA,180.30999755859375,189.75,177.3000030517578,189.0,30463700,Boeing,True,True
2025-12-01,BA,188.9600067138672,205.85000610351562,186.41000366210938,201.88999938964844,59898100,Boeing,True,True
2025-12-08,BA,203.61000061035156,207.10000610351562,198.0500030517578,204.3800048828125,48072900,Boeing,True,True
2025-12-15,BA,204.3800048828125,215.97999572753906,203.1699981689453,214.0800018310547,40588700,Boeing,True,True
2025-12-22,BA,215.33999633789062,219.27000427246094,214.22000122070312,216.44000244140625,15700200,Boeing,True,True
2025-12-29,BA,215.89999389648438,227.77000427246094,215.11000061035156,227.77000427246094,27769500,Boeing,True,True
2026-01-05,BA,228.7899932861328,235.13999938964844,225.10000610351562,234.52999877929688,40434600,Boeing,True,True
2026-01-12,BA,234.2899932861328,248.75,234.0,247.67999267578125,39564500,Boeing,True,True
2026-01-19,BA,244.39999389648438,254.13999938964844,243.6999969482422,252.14999389648438,36275200,Boeing,True,True
2026-01-26,BA,251.49000549316406,254.35000610351562,229.94000244140625,233.72000122070312,55036200,Boeing,True,True
2026-02-02,BA,232.63999938964844,246.3000030517578,228.9600067138672,243.02999877929688,34892400,Boeing,True,True
2026-02-09,BA,242.0,247.86000061035156,235.5,242.9600067138672,29498800,Boeing,True,True
2026-02-16,BA,243.61000061035156,245.4199981689453,231.13999938964844,232.02999877929688,21076100,Boeing,True,True
2026-02-23,BA,231.5,236.1300048828125,224.91000366210938,227.52999877929688,25122900,Boeing,True,True
2026-03-02,BA,226.0,231.9600067138672,218.1300048828125,231.11000061035156,33873300,Boeing,True,True
2026-03-09,BA,226.75,227.58999633789062,204.3000030517578,209.88999938964844,45308000,Boeing,True,True
2026-03-16,BA,210.75,217.14999389648438,192.5399932861328,195.1199951171875,43430100,Boeing,True,True
2026-03-23,BA,198.91000366210938,201.69000244140625,189.27999877929688,190.52000427246094,28768300,Boeing,True,True
2026-03-30,BA,191.47999572753906,210.27999877929688,187.72000122070312,208.22000122070312,32637500,Boeing,True,True
2026-04-06,BA,207.3699951171875,221.2899932861328,206.9199981689453,217.6300048828125,24122000,Boeing,True,True
2026-04-13,BA,216.25,230.24000549316406,215.39999389648438,223.3800048828125,29320000,Boeing,True,True
2026-04-20,BA,222.22999572753906,236.4499969482422,218.89999389648438,232.44000244140625,42180600,Boeing,True,True
2026-04-27,BA,233.0,235.4499969482422,221.14999389648438,227.3800048828125,22923600,Boeing,True,True
2026-05-04,BA,226.49000549316406,238.5399932861328,221.0399932861328,237.36000061035156,31895000,Boeing,True,True
2026-05-11,BA,239.44000244140625,244.07000732421875,220.4499969482422,220.49000549316406,47987700,Boeing,True,True
2026-05-18,BA,220.47999572753906,223.02000427246094,214.0,219.02000427246094,30691900,Boeing,True,True
2026-05-25,BA,221.3000030517578,232.3000030517578,217.91000366210938,231.14999389648438,30421600,Boeing,True,True
2026-06-01,BA,228.36000061035156,228.8000030517578,209.6300048828125,215.4499969482422,36021400,Boeing,True,True
2026-06-08,BA,216.3000030517578,223.50999450683594,207.9499969482422,219.0500030517578,28265900,Boeing,True,True
2026-06-15,BA,225.3000030517578,231.33999633789062,220.1199951171875,222.72000122070312,26131200,Boeing,True,True
2026-06-22,BA,223.0,224.1300048828125,215.36000061035156,217.25,29619200,Boeing,True,True
2026-06-29,BA,218.6300048828125,220.75,213.9499969482422,218.2406005859375,14614711,Boeing,True,True
2024-01-01,CAT,283.29829608031025,286.3974808192019,273.53739332672154,278.95367431640625,11156700,Caterpillar,True,True
2024-01-08,CAT,277.6309688240045,285.6154071378272,275.3910679804583,280.382568359375,10288600,Caterpillar,True,True
2024-01-15,CAT,280.1975554265481,281.48756851156634,268.61641640923807,276.70574951171875,12524600,Caterpillar,True,True
2024-01-22,CAT,277.5011335101113,294.19387043635777,277.5011335101113,290.43048095703125,14272000,Caterpillar,True,True
2024-01-29,CAT,290.03279663663216,307.83128430983777,288.51000625266283,305.61981201171875,14922400,Caterpillar,True,True
2024-02-05,CAT,324.80533462188987,324.80533462188987,306.0854161917544,307.62762451171875,17395300,Caterpillar,True,True
2024-02-12,CAT,307.67608184336814,318.43276263153524,301.44905482496483,312.2348327636719,12170000,Caterpillar,True,True
2024-02-19,CAT,307.7246020189205,315.3095455244017,303.3404339278989,314.1456298828125,7932100,Caterpillar,True,True
2024-02-26,CAT,313.9225288860092,327.61814037569553,312.56461251740916,326.580322265625,9277200,Caterpillar,True,True
2024-03-04,CAT,325.51338613117804,334.14588642051905,321.7693848998536,328.9954833984375,9163200,Caterpillar,True,True
2024-03-11,CAT,326.87127865547103,336.85201530370347,321.56568134609944,336.5416259765625,11848900,Caterpillar,True,True
2024-03-18,CAT,337.61823019407484,354.53406272104917,337.4048412442942,347.3467712402344,11968000,Caterpillar,True,True
2024-03-25,CAT,346.23134292531677,356.1829818893889,344.3593573471911,355.4167175292969,7703400,Caterpillar,True,True
2024-04-01,CAT,356.43515236373685,369.5778861699935,350.6154863948524,367.8998718261719,11106900,Caterpillar,True,True
2024-04-08,CAT,367.71560922496946,370.52847168016274,351.77942975258196,354.6407775878906,11489800,Caterpillar,True,True
2024-04-15,CAT,363.0788738070862,364.52934964833304,342.801296411258,345.25445556640625,12309000,Caterpillar,True,True
2024-04-22,CAT,346.6562893738541,358.40620198270875,321.55997214914817,334.27362060546875,16713000,Caterpillar,True,True
2024-04-29,CAT,334.8577305629086,341.64288875885427,320.5183564931619,327.8194580078125,14362800,Caterpillar,True,True
2024-05-06,CAT,331.8301559398434,348.0288790152904,329.7566385797328,345.3810119628906,11299300,Caterpillar,True,True
2024-05-13,CAT,345.39076027303577,353.6750862144315,340.338395699387,346.82177734375,10454500,Caterpillar,True,True
2024-05-20,CAT,346.948317887557,354.7653622669836,337.4860896857029,339.647216796875,11577600,Caterpillar,True,True
2024-05-27,CAT,338.7710827276831,339.9684739736754,326.1742475622404,329.54248046875,16370100,Caterpillar,True,True
2024-06-03,CAT,331.83016342456614,332.34610669932823,315.1349853246449,320.216552734375,15152700,Caterpillar,True,True
2024-06-10,CAT,319.9926897642355,326.2813936695101,307.4737478094774,312.9447021484375,18084000,Caterpillar,True,True
2024-06-17,CAT,312.9446577766746,322.31927615784804,310.4233478114329,319.1457214355469,19202600,Caterpillar,True,True
2024-06-24,CAT,320.6254296599331,325.32735573951726,315.19342312665725,324.2662658691406,18522900,Caterpillar,True,True
2024-07-01,CAT,326.22297979182514,326.39822882986175,316.74129086492644,319.64227294921875,8703100,Caterpillar,True,True
2024-07-08,CAT,321.5989039342111,329.2602180470003,313.11018512803025,326.6902160644531,12181600,Caterpillar,True,True
2024-07-15,CAT,330.10710468681606,359.4380645719322,328.88051026593416,338.410888671875,18431300,Caterpillar,True,True
2024-07-22,CAT,340.1507555076921,344.9793347107214,326.4176694081169,342.5748291015625,12709400,Caterpillar,True,True
2024-07-29,CAT,342.2815935078081,343.45453913303623,310.4951011516848,313.6326904296875,14723800,Caterpillar,True,True
2024-08-05,CAT,302.03042041106795,330.8650398354256,300.1243912631833,330.6304626464844,16701100,Caterpillar,True,True
2024-08-12,CAT,330.6304944139349,339.79893159975023,326.07559797246216,335.7327575683594,10958700,Caterpillar,True,True
2024-08-19,CAT,335.9281894729498,341.6560309625772,334.06126650456974,340.551513671875,9370600,Caterpillar,True,True
2024-08-26,CAT,341.91988887218724,348.4198894152129,338.03943266544917,348.0680236816406,9082000,Caterpillar,True,True
2024-09-02,CAT,344.26576833577616,344.6763082094832,320.71913053538964,321.93115234375,11091800,Caterpillar,True,True
2024-09-09,CAT,326.3785598455598,339.3883462762701,318.7544733700273,337.52142333984375,10425300,Caterpillar,True,True
2024-09-16,CAT,340.49286556265156,366.238755256516,336.52444248620077,360.50115966796875,15234400,Caterpillar,True,True
2024-09-23,CAT,360.66731367558674,388.26058855278353,358.7026700941273,382.2590637207031,15719000,Caterpillar,True,True
2024-09-30,CAT,380.5974240794724,388.4951641725379,377.90945114020053,388.1335144042969,9651800,Caterpillar,True,True
2024-10-07,CAT,387.507956807091,394.49668033010335,376.1695925096629,392.9523010253906,9863300,Caterpillar,True,True
2024-10-14,CAT,384.51694803043864,388.16279732160234,378.14399010598396,384.976318359375,11858400,Caterpillar,True,True
2024-10-21,CAT,384.8194337587444,385.6630419792459,374.9411946192214,378.6197814941406,8851600,Caterpillar,True,True
2024-10-28,CAT,380.9936698042167,384.11310396524453,360.20720133483695,372.4004821777344,13465600,Caterpillar,True,True
2024-11-04,CAT,370.899650563041,410.5302863130247,368.1529544609848,385.87884521484375,14794700,Caterpillar,True,True
2024-11-11,CAT,390.33241622033984,394.42298818369505,374.92159752509355,376.7559814453125,9135900,Caterpillar,True,True
2024-11-18,CAT,378.6491993214255,390.57763364889524,370.8309750188089,389.9203796386719,9005500,Caterpillar,True,True
2024-11-25,CAT,392.3825909951537,404.2717787124803,392.3825909951537,398.376220703125,9528600,Caterpillar,True,True
2024-12-02,CAT,399.7005143882525,400.3773767466262,385.26083397030544,387.5072326660156,7080900,Caterpillar,True,True
2024-12-09,CAT,394.87420141118594,401.90764210199825,371.67458831679824,373.26373291015625,9481800,Caterpillar,True,True
2024-12-16,CAT,374.49976296561744,375.03930701793735,350.4369005281392,359.0693359375,14029200,Caterpillar,True,True
2024-12-23,CAT,357.92159282627915,360.57018734685806,354.61577421608314,357.9117736816406,5034600,Caterpillar,True,True
2024-12-30,CAT,353.5661228904886,361.8257892967963,351.2706884106223,356.8621520996094,5783700,Caterpillar,True,True
2025-01-06,CAT,360.0110071079004,363.7778761784581,343.13854466397265,344.3157043457031,7800800,Caterpillar,True,True
2025-01-13,CAT,346.23837533876815,379.48300333104714,345.100462280407,378.6687927246094,11642800,Caterpillar,True,True
2025-01-20,CAT,384.96010524645095,403.26293631234745,384.7631826882174,401.3332214355469,9664900,Caterpillar,True,True
2025-01-27,CAT,391.0545034490172,393.368208386865,365.5447384645798,365.7022705078125,14521700,Caterpillar,True,True
2025-02-03,CAT,358.51505705350814,363.9497774812589,351.6822584838854,358.2590637207031,12735100,Caterpillar,True,True
2025-02-10,CAT,359.68667219262613,360.5826188735386,345.0070159367687,347.8622131347656,11886900,Caterpillar,True,True
2025-02-17,CAT,349.97896460489574,351.4164031961286,332.38501190247126,334.7873229980469,10730500,Caterpillar,True,True
2025-02-24,CAT,338.08555476560537,343.39227801708097,331.03615406388053,338.63690185546875,13415900,Caterpillar,True,True
2025-03-03,CAT,342.26008538407564,346.68071772134726,313.75727057903964,344.8888244628906,14556900,Caterpillar,True,True
2025-03-10,CAT,339.6706817053758,346.9662208223266,326.5466074267527,334.39349365234375,12243100,Caterpillar,True,True
2025-03-17,CAT,334.491898588193,339.0405268999503,324.12456066783653,330.59307861328125,16950000,Caterpillar,True,True
2025-03-24,CAT,335.2893954042052,341.90559046269635,322.9824871887203,324.59716796875,9104700,Caterpillar,True,True
2025-03-31,CAT,320.59991774838477,331.1543244617859,277.15159995360074,283.62994384765625,18395900,Caterpillar,True,True
2025-04-07,CAT,271.7365648304816,297.1970850696126,263.17094370322826,288.9170227050781,26585700,Caterpillar,True,True
2025-04-14,CAT,294.05635634118795,297.8074995741191,283.1671762732423,289.7046203613281,12104500,Caterpillar,True,True
2025-04-21,CAT,286.23221857512783,304.91008099906605,279.4357784021293,303.1689453125,12704600,Caterpillar,True,True
2025-04-28,CAT,303.1689428419343,321.1938679149593,298.9446411430037,320.2144470214844,16691600,Caterpillar,True,True
2025-05-05,CAT,315.96048670124367,325.3488700921932,314.70406493695356,322.1336669921875,9308400,Caterpillar,True,True
2025-05-12,CAT,339.4364094709216,351.52557479741495,336.0926234791984,349.7943115234375,14918800,Caterpillar,True,True
2025-05-19,CAT,345.9558782337554,349.18095385403933,332.63996871116973,339.71343994140625,10747800,Caterpillar,True,True
2025-05-26,CAT,346.20319785002,349.55688639359977,342.9088342975561,344.3037414550781,11321900,Caterpillar,True,True
2025-06-02,CAT,342.7604301378651,353.61297819043347,335.8650550460752,349.5667724609375,10144600,Caterpillar,True,True
2025-06-09,CAT,351.4167793341917,360.3896771199618,350.14058247981365,353.2271728515625,9774500,Caterpillar,True,True
2025-06-16,CAT,357.1348447486308,360.7061787045175,353.138091772249,356.65997314453125,11408700,Caterpillar,True,True
2025-06-23,CAT,356.0664451228982,383.341237486264,353.8998904578891,380.59100341796875,15537000,Caterpillar,True,True
2025-06-30,CAT,382.17386450167083,398.11139410432855,380.1359228672135,393.6001892089844,9636500,Caterpillar,True,True
2025-07-07,CAT,393.79805323495464,407.5888030143475,383.93479871165863,401.57391357421875,13572900,Caterpillar,True,True
2025-07-14,CAT,399.6744584072127,415.404214469726,397.9234202873463,409.2804870605469,12877900,Caterpillar,True,True
2025-07-21,CAT,414.2649355431541,431.78991891516733,406.9372014025532,430.6778564453125,12003000,Caterpillar,True,True
2025-07-28,CAT,428.19558288865755,438.02545803555444,418.3061351282559,425.6537170410156,16250300,Caterpillar,True,True
2025-08-04,CAT,427.80834666088435,436.62545740779404,407.05638050468184,413.5699157714844,18246500,Caterpillar,True,True
2025-08-11,CAT,414.02667654493297,416.2706490915212,403.9187551605789,404.9017639160156,17367500,Caterpillar,True,True
2025-08-18,CAT,404.11730897269445,434.73887243410996,402.58820796785716,432.5842590332031,17078400,Caterpillar,True,True
2025-08-25,CAT,431.9190027924195,433.80553950295104,411.43511512210426,416.0720520019531,11946500,Caterpillar,True,True
2025-09-01,CAT,410.9783705929648,421.8905211556343,407.6123666689851,420.0834045410156,7304000,Caterpillar,True,True
2025-09-08,CAT,419.6564821430416,432.7034297410626,413.49047432141435,428.4636535644531,10888100,Caterpillar,True,True
2025-09-15,CAT,430.7572808812436,468.77609118997424,427.56008609712205,463.2356262207031,18535500,Caterpillar,True,True
2025-09-22,CAT,464.0001913693168,481.90248947483366,456.3249295609206,462.461181640625,15121500,Caterpillar,True,True
2025-09-29,CAT,464.7646869983659,500.9068986691116,464.14908315960685,494.3238525390625,13817200,Caterpillar,True,True
2025-10-06,CAT,496.8756515003615,507.8771610303251,480.12511244680616,487.8202209472656,15727000,Caterpillar,True,True
2025-10-13,CAT,498.59341169528346,541.1299848123699,491.94088402537574,523.3468627929688,17803100,Caterpillar,True,True
2025-10-20,CAT,527.3199863363873,531.9403739644085,508.0518297513803,520.5188598632812,13590300,Caterpillar,True,True
2025-10-27,CAT,524.8205447473104,593.6880291483989,519.224322439763,574.8181762695312,17767300,Caterpillar,True,True
2025-11-03,CAT,573.4938250936589,581.5197290905109,542.8938315732694,560.7180786132812,13147300,Caterpillar,True,True
2025-11-10,CAT,567.588942351123,578.8112905371207,538.7116101964168,551.6865234375,12215600,Caterpillar,True,True
2025-11-17,CAT,550.2525818476589,566.4636861619822,534.8081791200474,548.1016845703125,11857200,Caterpillar,True,True
2025-11-24,CAT,549.7945333556198,574.917792761404,545.2338894195855,573.3245849609375,10773200,Caterpillar,True,True
2025-12-01,CAT,567.9970977176599,604.4323461140822,559.8318329320961,600.6185302734375,11550600,Caterpillar,True,True
2025-12-08,CAT,602.1022220088756,624.8456340606156,589.4260901880384,595.3609008789062,13736300,Caterpillar,True,True
2025-12-15,CAT,599.9813613053958,601.5945039347391,555.1019975664885,573.7825927734375,17589900,Caterpillar,True,True
2025-12-22,CAT,582.0176231878495,586.2198043767983,573.2548589576323,580.533935546875,6020100,Caterpillar,True,True
2025-12-29,CAT,577.6362103212168,597.0735981908765,569.6301811190389,595.878662109375,7727900,Caterpillar,True,True
2026-01-05,CAT,605.3087165422451,624.1188277985189,591.6566869683584,615.0075073242188,13361400,Caterpillar,True,True
2026-01-12,CAT,612.0500706185936,652.9064831697896,610.3672168440504,644.1536865234375,10529300,Caterpillar,True,True
2026-01-19,CAT,640.7801018103272,654.5339469439733,622.3851289393759,625.4293212890625,8983200,Caterpillar,True,True
2026-01-26,CAT,626.8067039882134,678.6979052926529,618.0833210714972,656.1109008789062,14823100,Caterpillar,True,True
2026-02-02,CAT,658.5662004605967,726.0178002725005,656.180727379158,724.820068359375,21273900,Caterpillar,True,True
2026-02-09,CAT,723.1233093037301,788.3092051839079,720.238786244359,772.7288818359375,18558000,Caterpillar,True,True
2026-02-16,CAT,763.5463403328198,772.9484233093524,742.7359840522038,758.2963256835938,11017100,Caterpillar,True,True
2026-02-23,CAT,757.5078825455712,776.1224079312747,727.0159447464688,741.4185180664062,14304200,Caterpillar,True,True
2026-03-02,CAT,732.0962373143428,754.2939678699992,673.7872620837095,679.606201171875,15907100,Caterpillar,True,True
2026-03-09,CAT,663.9559141490146,729.401324796703,661.5904225163781,692.6712646484375,13895000,Caterpillar,True,True
2026-03-16,CAT,704.0296354539876,710.4873726948821,667.728751405804,679.586181640625,13137900,Caterpillar,True,True
2026-03-23,CAT,697.6717481314238,727.9640521697457,691.014439637954,694.07861328125,11159300,Caterpillar,True,True
2026-03-30,CAT,700.8756897187867,738.6038503641361,663.3071982386464,715.8571166992188,9812300,Caterpillar,True,True
2026-04-06,CAT,715.3780696502034,796.3339330605637,702.9317938852931,789.1575927734375,10483500,Caterpillar,True,True
2026-04-13,CAT,786.9218115931842,800.2464802094331,753.0163913033529,793.1400146484375,11275000,Caterpillar,True,True
2026-04-20,CAT,790.9000244140625,845.27001953125,786.8300170898438,830.7899780273438,10231700,Caterpillar,True,True
2026-04-27,CAT,829.760009765625,905.0,805.0,889.6699829101562,14008400,Caterpillar,True,True
2026-05-04,CAT,887.280029296875,931.3499755859375,869.5900268554688,897.4500122070312,13249200,Caterpillar,True,True
2026-05-11,CAT,903.6099853515625,929.0,880.2000122070312,888.3099975585938,12121200,Caterpillar,True,True
2026-05-18,CAT,893.3200073242188,893.8400268554688,845.5499877929688,879.8900146484375,12224100,Caterpillar,True,True
2026-05-25,CAT,884.9500122070312,911.6699829101562,866.1900024414062,875.8699951171875,12665100,Caterpillar,True,True
2026-06-01,CAT,860.1599731445312,946.8300170898438,853.3699951171875,904.280029296875,13866300,Caterpillar,True,True
2026-06-08,CAT,917.0,938.1799926757812,854.72998046875,910.5700073242188,14729600,Caterpillar,True,True
2026-06-15,CAT,935.0,994.489990234375,928.5,985.8200073242188,14202900,Caterpillar,True,True
2026-06-22,CAT,999.280029296875,1057.0699462890625,970.0499877929688,997.469970703125,30437000,Caterpillar,True,True
2026-06-29,CAT,998.4099731445312,1073.4599609375,992.1099853515625,1010.9099731445312,8172400,Caterpillar,True,True
2024-01-01,CRM,256.10917879103897,256.128827864918,245.59113453863625,246.849365234375,18004300,Salesforce,True,True
2024-01-08,CRM,247.92085817178298,270.5591878418816,247.1147961039995,267.30548095703125,30186300,Salesforce,True,True
2024-01-15,CRM,265.1134092681506,277.2042196135628,259.6381272342786,276.103271484375,22731200,Salesforce,True,True
2024-01-22,CRM,278.96382295620873,280.8609938181215,271.02121613755634,275.1792907714844,29402900,Salesforce,True,True
2024-01-29,CRM,276.6144088605036,284.37024320739806,276.04428573927385,280.8019714355469,21978400,Salesforce,True,True
2024-02-05,CRM,281.3819628638878,290.2190671373398,276.5751089941568,286.3460693359375,21968100,Salesforce,True,True
2024-02-12,CRM,285.8742373107522,287.1029794455396,271.71913391771915,284.7929382324219,20703200,Salesforce,True,True
2024-02-19,CRM,284.5767194540188,292.9321671754667,273.6261535703502,287.8205871582031,17773800,Salesforce,True,True
2024-02-26,CRM,290.5631134122744,313.2899236783681,289.77673042673143,311.4910583496094,58576900,Salesforce,True,True
2024-03-04,CRM,309.22033781475585,312.2479452349359,291.10377098244874,300.08831787109375,38275800,Salesforce,True,True
2024-03-11,CRM,297.88186063578473,304.62413982586173,289.1512909421491,289.7024841308594,31990200,Salesforce,True,True
2024-03-18,CRM,294.9092946877494,306.8977904752609,291.36588877972866,302.93115234375,23379900,Salesforce,True,True
2024-03-25,CRM,298.92513154516274,304.437062303779,293.93483669692324,296.4447326660156,16787300,Salesforce,True,True
2024-04-01,CRM,296.94672675836546,306.4056205607763,287.5075076953658,297.16326904296875,23980800,Salesforce,True,True
2024-04-08,CRM,296.36605994129695,300.7953101661453,288.88554244288684,289.6926574707031,16465600,Salesforce,True,True
2024-04-15,CRM,278.4915497008103,281.97590135530487,264.5049712480887,266.1191711425781,41020600,Salesforce,True,True
2024-04-22,CRM,274.9973924309904,275.3025161498195,265.04632812775094,269.9775695800781,25537700,Salesforce,True,True
2024-04-29,CRM,270.56812483743164,273.3044157781072,262.3592219776317,269.3574523925781,20456900,Salesforce,True,True
2024-05-06,CRM,271.8279600732152,275.5386758398023,266.8081382675348,272.3200988769531,18157800,Salesforce,True,True
2024-05-13,CRM,272.78276374636255,285.4602365710207,270.71577436004856,281.11956787109375,18922100,Salesforce,True,True
2024-05-20,CRM,281.5034745700119,283.1964337304756,264.3081387505354,268.009033203125,23382300,Salesforce,True,True
2024-05-27,CRM,268.8062548539031,268.9342157652196,208.66687936809194,230.7540740966797,126262700,Salesforce,True,True
2024-06-03,CRM,230.93126765137848,242.87056294803963,226.59061368538565,238.047607421875,60509900,Salesforce,True,True
2024-06-10,CRM,237.98850743603876,239.91769840899133,225.0649509612505,228.2933807373047,47581800,Salesforce,True,True
2024-06-17,CRM,226.65949766563006,241.51224652724758,224.18896571722502,241.20712280273438,48212700,Salesforce,True,True
2024-06-24,CRM,239.36652287692164,256.0893932469528,236.03965907502345,253.05783081054688,43596500,Salesforce,True,True
2024-07-01,CRM,254.09126479290202,261.6308350615114,250.06557288097545,259.0520324707031,22320100,Salesforce,True,True
2024-07-08,CRM,257.6709894124638,259.1102634033431,242.61766844025854,250.3661346435547,32549200,Salesforce,True,True
2024-07-15,CRM,252.3870333321259,253.13625846407174,241.69100521521574,244.11610412597656,25630500,Salesforce,True,True
2024-07-22,CRM,245.22021858444018,260.7368571604819,244.48086114147202,258.98211669921875,28040300,Salesforce,True,True
2024-07-29,CRM,258.9821091944068,262.30428372834837,237.6984771630665,240.50804138183594,25725300,Salesforce,True,True
2024-08-05,CRM,229.0233547954792,249.3606020584584,228.91491510876247,248.94656372070312,24058300,Salesforce,True,True
2024-08-12,CRM,249.01559286014023,259.8595020259184,245.4863915265696,259.1792907714844,20519300,Salesforce,True,True
2024-08-19,CRM,259.36662221397273,261.8311472633557,253.6193329514724,260.25384521484375,24703500,Salesforce,True,True
2024-08-26,CRM,260.19465919019024,268.09100586670274,247.4382770805501,249.31130981445312,44886000,Salesforce,True,True
2024-09-02,CRM,249.0352909600589,250.0901147684142,238.01394354987883,240.50804138183594,21239900,Salesforce,True,True
2024-09-09,CRM,243.00214823028742,253.18555159033028,238.5758562205322,250.9576416015625,23174400,Salesforce,True,True
2024-09-16,CRM,251.35163749948018,266.9025200729128,247.7872758752518,263.427001953125,37713100,Salesforce,True,True
2024-09-23,CRM,263.871336214029,275.1173544919731,258.92466466566304,273.14263916015625,31582000,Salesforce,True,True
2024-09-30,CRM,270.4866291428459,284.2503966281691,265.73744145226055,284.1121520996094,27940200,Salesforce,True,True
2024-10-07,CRM,282.9568999478533,288.9304309199765,279.7973740173528,284.45770263671875,22419400,Salesforce,True,True
2024-10-14,CRM,286.25473260231144,290.9841538767417,280.63666537020146,289.2365417480469,16908200,Salesforce,True,True
2024-10-21,CRM,285.346338694275,290.6583272599078,279.0469925553057,286.7878723144531,15601700,Salesforce,True,True
2024-10-28,CRM,289.88818291895825,296.79968577402724,285.8893667594688,290.9940185546875,18804300,Salesforce,True,True
2024-11-04,CRM,294.222709723714,318.7289349313138,289.2168291130501,317.87982177734375,29646500,Salesforce,True,True
2024-11-11,CRM,321.1380660003828,344.4495649522603,320.0815861150458,321.14794921875,43240400,Salesforce,True,True
2024-11-18,CRM,322.8659442037434,338.6044271971826,312.0050103008652,337.696044921875,27497400,Salesforce,True,True
2024-11-25,CRM,340.6383939239694,343.45236929143334,323.112795395997,325.8181457519531,22599100,Salesforce,True,True
2024-12-02,CRM,327.8027289202009,364.3349607576932,319.55828678998176,357.41357421875,60109900,Salesforce,True,True
2024-12-09,CRM,357.127244859166,360.18802921850653,343.03763306129633,349.8306579589844,31014600,Salesforce,True,True
2024-12-16,CRM,346.7404626054914,353.9465203740662,327.3266499400111,339.69256591796875,43149000,Salesforce,True,True
2024-12-23,CRM,338.30871813552886,340.9776375473945,331.4090875457361,334.552490234375,13845000,Salesforce,True,True
2024-12-30,CRM,329.6298189518889,335.01706977059246,324.0349949030134,329.0663757324219,15345400,Salesforce,True,True
2025-01-06,CRM,330.1734692894574,332.7237753232227,312.38075435416357,314.189697265625,20756600,Salesforce,True,True
2025-01-13,CRM,310.97712437497387,327.7121540503118,310.186318943205,320.8224182128906,27912200,Salesforce,True,True
2025-01-20,CRM,325.60667533101366,334.75015378462393,318.7367285385271,330.03509521484375,21311500,Salesforce,True,True
2025-01-27,CRM,328.5325766849264,362.8626419771277,326.6940106508755,337.7650451660156,47396200,Salesforce,True,True
2025-02-03,CRM,332.10100197307395,344.0320122169385,319.9920718323211,322.0777587890625,34902700,Salesforce,True,True
2025-02-10,CRM,324.14377620982714,327.9296577038846,313.31986134952535,322.7796630859375,27273000,Salesforce,True,True
2025-02-17,CRM,324.8060501851751,325.9428010887846,303.3262756405724,306.232421875,24020400,Salesforce,True,True
2025-02-24,CRM,307.922742605972,310.08752555653905,288.7856715763567,294.4200439453125,54206000,Salesforce,True,True
2025-03-03,CRM,297.53375952292083,299.5799291621726,272.00122459510436,279.63232421875,40652000,Salesforce,True,True
2025-03-10,CRM,273.7804251104512,282.6372336411432,266.6435691520799,276.18243408203125,42288900,Salesforce,True,True
2025-03-17,CRM,274.1758541265669,279.6224116502013,270.89407938579313,277.388427734375,30920200,Salesforce,True,True
2025-03-24,CRM,280.47250072707203,287.1052515108087,266.0900675054756,266.861083984375,24866400,Salesforce,True,True
2025-03-31,CRM,261.5034736536521,270.4789267604081,236.77161071751894,237.98744201660156,36158500,Salesforce,True,True
2025-04-07,CRM,227.70858525294884,265.4983233256247,227.70858525294884,252.4595184326172,49577900,Salesforce,True,True
2025-04-14,CRM,257.40969615039245,257.40969615039245,244.23230219916135,244.79661560058594,24023600,Salesforce,True,True
2025-04-21,CRM,238.03465287909933,266.3497247610452,230.45097889421075,265.1814880371094,35713500,Salesforce,True,True
2025-04-28,CRM,265.47849578798053,273.5671138179322,260.37980973884436,272.3394470214844,22273900,Salesforce,True,True
2025-05-05,CRM,270.6465221233396,280.2300770074684,265.86465472371606,272.6761169433594,22282900,Salesforce,True,True
2025-05-12,CRM,282.16066554001964,293.10056697817106,280.40831017827867,288.2493896484375,29056800,Salesforce,True,True
2025-05-19,CRM,285.2297653009993,287.0118204376059,268.94363888098036,270.4089050292969,31033800,Salesforce,True,True
2025-05-26,CRM,270.44850544014065,276.03230016108114,251.96449555662582,262.7261962890625,64158200,Salesforce,True,True
2025-06-02,CRM,260.4886971935002,272.1612453169144,256.5582781523087,271.775146484375,40574400,Salesforce,True,True
2025-06-09,CRM,270.13170530968443,271.46826181605593,255.42964416668408,255.82565307617188,34319400,Salesforce,True,True
2025-06-16,CRM,258.20458989523485,268.22972325171736,255.3090838190334,258.44256591796875,36774300,Salesforce,True,True
2025-06-23,CRM,258.4525639753688,271.8690107163253,256.57841148769893,271.12530517578125,53521400,Salesforce,True,True
2025-06-30,CRM,272.1565160774933,274.0604153035476,263.42045866713465,269.86590576171875,25945700,Salesforce,True,True
2025-07-07,CRM,269.23128674736415,274.47686716775627,255.10088382239738,255.90408325195312,33574100,Salesforce,True,True
2025-07-14,CRM,256.42964325158675,260.77288788820994,252.3838838188342,260.17791748046875,29603500,Salesforce,True,True
2025-07-21,CRM,261.4075257415201,268.8247596413471,259.444162548518,266.8514404296875,27229300,Salesforce,True,True
2025-07-28,CRM,267.23815123775773,271.7003838187221,248.03072383663869,248.63560485839844,28586200,Salesforce,True,True
2025-08-04,CRM,248.89340468947498,251.37242266446975,234.98115702426233,238.49143981933594,35821400,Salesforce,True,True
2025-08-11,CRM,236.9148115454834,242.44798203083127,224.57921445600462,240.4052734375,54614900,Salesforce,True,True
2025-08-18,CRM,237.75766374884418,247.43574462133716,237.48001494193792,246.20614624023438,37987600,Salesforce,True,True
2025-08-25,CRM,247.27710231327427,255.4777138776314,240.81183374855576,254.099365234375,36151300,Salesforce,True,True
2025-09-01,CRM,252.68134862327378,255.83465218984256,232.65087150227993,248.65541076660156,70727300,Salesforce,True,True
2025-09-08,CRM,248.69511103035333,253.1970014635,239.22525839718975,240.7225799560547,50199000,Salesforce,True,True
2025-09-15,CRM,241.62848755564804,245.64155011459252,235.65855586847633,245.44288635253906,47306700,Salesforce,True,True
2025-09-22,CRM,243.6449707796604,249.68444352851887,237.89357338878057,241.8072967529297,35020800,Salesforce,True,True
2025-09-29,CRM,243.08868814095246,244.18136156084796,231.95340776937527,238.75775146484375,43720200,Salesforce,True,True
2025-10-06,CRM,237.7346286559584,248.80036883839978,233.8407611846996,240.06895446777344,45347600,Salesforce,True,True
2025-10-13,CRM,241.27088936314738,255.02855586722595,234.32747939885533,241.45962524414062,61510500,Salesforce,True,True
2025-10-20,CRM,243.36682696289026,265.3493129588223,242.67149620298247,253.1313018798828,44289500,Salesforce,True,True
2025-10-27,CRM,255.3662836869531,260.07470731869716,247.3798852367157,258.6741027832031,33928300,Salesforce,True,True
2025-11-03,CRM,258.2668514582232,259.81645014184056,232.9169624095736,238.28097534179688,35871000,Salesforce,True,True
2025-11-10,CRM,238.4001605159958,246.7739588787246,233.51295904426675,242.0357666015625,27582600,Salesforce,True,True
2025-11-17,CRM,240.4563678543332,241.2112962352716,220.4804205745986,225.59608459472656,38037100,Salesforce,True,True
2025-11-24,CRM,225.8245387068332,233.06595175928635,223.5398675686515,229.00320434570312,30994400,Salesforce,True,True
2025-12-01,CRM,227.1456757774759,260.1343033980639,227.07615028165927,258.8330383300781,63807400,Salesforce,True,True
2025-12-08,CRM,260.13429117735774,266.1141504478957,254.63121278618905,260.4819641113281,41536400,Salesforce,True,True
2025-12-15,CRM,259.88758369069427,260.9521739710028,250.83366267079276,258.59417724609375,49072400,Salesforce,True,True
2025-12-22,CRM,259.30056086177,266.55366246487364,257.1017578745172,264.73291015625,14942300,Salesforce,True,True
2025-12-29,CRM,263.3698657092872,267.74758411450813,251.20178578649464,252.3360137939453,20640400,Salesforce,True,True
2026-01-05,CRM,252.33601194641616,266.4740635298896,251.03264641546758,258.6240234375,28918900,Salesforce,True,True
2026-01-12,CRM,257.68877156435207,260.23580873069096,225.29361413959407,225.96022033691406,54130200,Salesforce,True,True
2026-01-19,CRM,222.4082849439812,229.68128960740884,217.8514853143945,226.8954620361328,44558400,Salesforce,True,True
2026-01-26,CRM,228.26846581828337,234.5465331638773,207.72301589287358,211.21524047851562,55189900,Salesforce,True,True
2026-02-02,CRM,213.26483081703606,215.79196505085514,186.17267536666094,190.3812713623047,86764000,Salesforce,True,True
2026-02-09,CRM,188.34163438036313,198.09202298017712,179.32750484967795,188.75950622558594,73527200,Salesforce,True,True
2026-02-16,CRM,190.00317853341645,192.0229000499891,180.93929906887303,184.22259521484375,43927100,Salesforce,True,True
2026-02-23,CRM,180.35230563256667,200.02220697811393,173.6862281301334,193.80384826660156,95965400,Salesforce,True,True
2026-03-02,CRM,191.52544328137273,203.38509488251768,188.62022798948675,201.0867919921875,60243600,Salesforce,True,True
2026-03-09,CRM,197.55474619579934,203.8228541693377,189.63505385613436,191.853759765625,75946600,Salesforce,True,True
2026-03-16,CRM,194.1620073728938,201.3554149585388,189.03808636764919,194.39085388183594,64959400,Salesforce,True,True
2026-03-23,CRM,196.09219055773343,197.04733705410663,177.91469685574646,178.40220642089844,65405500,Salesforce,True,True
2026-03-30,CRM,179.18823263409448,188.02326646315103,178.67086093289143,186.2323760986328,45972300,Salesforce,True,True
2026-04-06,CRM,187.01730645939037,187.6556582566581,163.09904400673946,164.53533935546875,79172400,Salesforce,True,True
2026-04-13,CRM,166.61996225885224,187.49607435707364,165.3432586108329,181.67111206054688,68947100,Salesforce,True,True
2026-04-20,CRM,182.0301785884661,193.06170368862402,170.21067871286414,177.70135498046875,74559400,Salesforce,True,True
2026-04-27,CRM,177.80110201250912,185.56107283738152,172.55464824433452,183.3468017578125,54234200,Salesforce,True,True
2026-05-04,CRM,183.76571228268688,189.82007823034385,176.424658688263,181.35194396972656,58567900,Salesforce,True,True
2026-05-11,CRM,179.4468574478694,182.03018630216062,163.90696355255494,173.06332397460938,56943700,Salesforce,True,True
2026-05-18,CRM,172.44492118304396,186.95746753234803,171.35773086989153,179.6064453125,65333100,Salesforce,True,True
2026-05-25,CRM,177.97065112773205,193.64021475971825,171.20810644955546,190.60804748535156,88700400,Salesforce,True,True
2026-06-01,CRM,198.23835091417126,210.79593638354933,184.35418748403288,185.1820526123047,88603300,Salesforce,True,True
2026-06-08,CRM,183.91000366210938,185.02000427246094,161.39999389648438,165.88999938964844,67681500,Salesforce,True,True
2026-06-15,CRM,166.02999877929688,169.9499969482422,149.8000030517578,151.77999877929688,107854100,Salesforce,True,True
2026-06-22,CRM,150.16000366210938,158.4600067138672,146.32000732421875,158.3699951171875,86962900,Salesforce,True,True
2026-06-29,CRM,160.27000427246094,165.80999755859375,154.07000732421875,164.47000122070312,33204108,Salesforce,True,True
2024-01-01,CSCO,47.5267520976151,47.87503585533915,46.943137206407606,47.15022659301758,72670200,Cisco,True,True
2024-01-08,CSCO,46.83017833974888,47.83737987808245,46.52895938945173,47.38555145263672,88977700,Cisco,True,True
2024-01-15,CSCO,47.300834300400375,48.373927280148,46.98078871075519,48.26097106933594,75889300,Cisco,True,True
2024-01-22,CSCO,48.524537150353645,49.531738716033544,48.20449155812179,49.07991027832031,86898400,Cisco,True,True
2024-01-29,CSCO,48.797514146946696,49.34347212003882,46.70780464357796,47.23493957519531,98295100,Cisco,True,True
2024-02-05,CSCO,47.00903023308178,47.639709936153174,46.36893900794072,47.18788146972656,99338100,Cisco,True,True
2024-02-12,CSCO,47.09374439944232,47.38555183085254,45.36173362600279,45.59706115722656,141535200,Cisco,True,True
2024-02-19,CSCO,45.154654633863586,46.25598592209748,45.04169481649573,45.9924201965332,77546000,Cisco,True,True
2024-02-26,CSCO,45.982992915716274,46.030061289238574,44.86283528765289,45.55940628051758,81639800,Cisco,True,True
2024-03-04,CSCO,45.531170972068196,46.85841814057685,45.39938812553465,46.594852447509766,104760300,Cisco,True,True
2024-03-11,CSCO,46.80194743207334,47.58323308325128,46.03007330356871,46.058311462402344,126264000,Cisco,True,True
2024-03-18,CSCO,46.331286131934704,47.24435452385478,46.067716851595684,46.85841751098633,96687700,Cisco,True,True
2024-03-25,CSCO,46.6513282822606,47.253766151502184,46.39717413289687,46.98078536987305,65404800,Cisco,True,True
2024-04-01,CSCO,47.412069125791994,47.63983086274748,45.447638172632175,46.073978424072266,89797800,Cisco,True,True
2024-04-08,CSCO,45.732333388155695,47.639826445315684,45.7038645312323,46.01703643798828,94210700,Cisco,True,True
2024-04-15,CSCO,47.18430352436539,47.25073326624206,45.276810592908454,45.8557014465332,82997100,Cisco,True,True
2024-04-22,CSCO,46.01704178555527,46.43460075627079,45.18192022397416,45.41917037963867,84675700,Cisco,True,True
2024-04-29,CSCO,45.542544519342954,45.84622444928651,44.223430524722104,44.71691131591797,81778300,Cisco,True,True
2024-05-06,CSCO,44.8118099844952,45.68488880844884,44.57455983187953,45.608970642089844,68147600,Cisco,True,True
2024-05-13,CSCO,45.84621913966086,47.55441945279777,45.656418300390115,45.713356018066406,139720600,Cisco,True,True
2024-05-20,CSCO,45.552027311984396,45.61845706220238,44.01464740384689,44.05260467529297,97932100,Cisco,True,True
2024-05-27,CSCO,43.79637982779976,44.49863825557548,43.511676747196034,44.1285285949707,93343200,Cisco,True,True
2024-06-03,CSCO,44.33730732809662,45.20089769301624,43.31238498547563,43.5021858215332,106562400,Cisco,True,True
2024-06-10,CSCO,43.464228489168626,43.72995112946669,42.676559842237204,43.35034942626953,79077400,Cisco,True,True
2024-06-17,CSCO,43.08462814577769,45.40018827737903,42.65757715712275,44.878238677978516,124589200,Cisco,True,True
2024-06-24,CSCO,45.06804023299664,45.41916944249316,44.38475864033314,45.08701705932617,91196300,Cisco,True,True
2024-07-01,CSCO,45.44457079399029,45.78913847260721,44.32472948964957,44.65015411376953,60381100,Cisco,True,True
2024-07-08,CSCO,44.36301814609532,45.8082879276604,43.69302940090867,45.3488655090332,96078900,Cisco,True,True
2024-07-15,CSCO,45.377573349352815,46.65055912951944,44.78415324602714,45.29143142700195,96353600,Cisco,True,True
2024-07-22,CSCO,45.29142477057891,46.12412746347966,44.25772550545451,45.82741928100586,98325700,Cisco,True,True
2024-07-29,CSCO,45.769992916503035,46.67926787400827,44.363009522772174,44.65972137451172,94433000,Cisco,True,True
2024-08-05,CSCO,44.55444382402049,44.67887186658405,42.72632390350157,43.52074432373047,108081400,Cisco,True,True
2024-08-12,CSCO,43.578163102243614,48.12453429234743,42.592319570446264,47.33968734741211,145343300,Cisco,True,True
2024-08-19,CSCO,47.21525761055082,48.746665219065406,47.1865412077161,48.56481170654297,91928700,Cisco,True,True
2024-08-26,CSCO,48.61267289127129,48.83281253116758,47.291831400729365,48.373390197753906,68772000,Cisco,True,True
2024-09-02,CSCO,48.153257097185715,48.33511065453598,46.13371030545341,46.42084884643555,68682800,Cisco,True,True
2024-09-09,CSCO,46.39213694386812,47.91397525544055,45.798713143566616,47.66511917114258,68937300,Cisco,True,True
2024-09-16,CSCO,47.74168482099805,50.08665598641026,47.64596955131261,49.742088317871094,102966800,Cisco,True,True
2024-09-23,CSCO,49.82823320512977,51.005503708702946,49.66551906254769,50.74707794189453,99487200,Cisco,True,True
2024-09-30,CSCO,51.1349048361351,51.41459493590596,50.27654886289921,50.87450408935547,68253800,Cisco,True,True
2024-10-07,CSCO,50.71054481570759,52.39832439610073,50.344054505254746,52.3211669921875,55974800,Cisco,True,True
2024-10-14,CSCO,52.37903943333155,54.84801770032085,51.877527303082395,54.74192810058594,99940400,Cisco,True,True
2024-10-21,CSCO,54.67441425455625,55.03126173968599,53.69067939975712,53.75819396972656,77143000,Cisco,True,True
2024-10-28,CSCO,53.91250928660156,54.1150419750232,52.59121619569566,53.526729583740234,86265700,Cisco,True,True
2024-11-04,CSCO,53.47850505849093,56.22717333113131,53.160236269517995,55.99570846557617,79357400,Cisco,True,True
2024-11-11,CSCO,56.90228492801535,57.26877525091099,55.19521593868677,55.41703796386719,132708400,Cisco,True,True
2024-11-18,CSCO,55.50384283397169,56.61295673140691,54.34650739296709,56.46828842163086,87705000,Cisco,True,True
2024-11-25,CSCO,56.564733096943314,57.74135416862794,56.18859624124292,57.104820251464844,90939600,Cisco,True,True
2024-12-02,CSCO,57.14339844624812,58.088554637288645,57.03730884782365,57.760643005371094,78339900,Cisco,True,True
2024-12-09,CSCO,57.70277513746484,57.75099667590464,56.06321707703874,56.53579330444336,89674900,Cisco,True,True
2024-12-16,CSCO,56.391132401256954,56.96979825876226,55.23379700717853,56.439353942871094,167483200,Cisco,True,True
2024-12-23,CSCO,56.063221594511965,57.92460182500185,56.05357507860617,57.4906005859375,50139400,Cisco,True,True
2024-12-30,CSCO,57.37742829238726,57.95032880618302,56.66858591161252,57.15409469604492,62124400,Cisco,True,True
2025-01-06,CSCO,57.20264598009545,57.85322969042543,56.58119531622917,57.037574768066406,67081900,Cisco,True,True
2025-01-13,CSCO,57.2123521233192,59.18352026364779,56.48408896266103,58.4843864440918,97563400,Cisco,True,True
2025-01-20,CSCO,58.7174365556904,60.513817667638165,58.53294083759079,60.42642593383789,69505300,Cisco,True,True
2025-01-27,CSCO,59.6107670182408,59.67873795065651,57.056989815311276,58.84366226196289,110762100,Cisco,True,True
2025-02-03,CSCO,58.44554876919218,61.416863997252584,57.824098089787235,60.465267181396484,91498600,Cisco,True,True
2025-02-10,CSCO,61.29062573633446,64.57266603988101,59.42627384820681,62.98991012573242,130586000,Cisco,True,True
2025-02-17,CSCO,63.40745236118401,64.32991611958832,62.02860544046891,62.12570571899414,69954000,Cisco,True,True
2025-02-24,CSCO,62.56266319657675,63.397738910986654,61.0090365447477,62.25193786621094,104247300,Cisco,True,True
2025-03-03,CSCO,62.52381929396254,62.999615817943855,60.38757994852904,62.08686065673828,105640400,Cisco,True,True
2025-03-10,CSCO,61.64019487052555,61.84410767113787,57.51337019993884,58.74656295776367,104854300,Cisco,True,True
2025-03-17,CSCO,58.64946451714341,59.79526558138632,57.707576259891646,58.55236053466797,129957400,Cisco,True,True
2025-03-24,CSCO,59.27091000542998,60.183665136053236,58.75626820365897,59.096126556396484,130486300,Cisco,True,True
2025-03-31,CSCO,59.265855792248104,60.64413133491116,53.215125368643136,53.3128776550293,148258500,Cisco,True,True
2025-04-07,CSCO,52.178979849724364,57.11535682910028,50.937553716925464,56.04010772705078,192575500,Cisco,True,True
2025-04-14,CSCO,56.587501542136025,56.90030139384213,54.17307419096544,54.50542449951172,70663000,Cisco,True,True
2025-04-21,CSCO,53.918926510312595,55.697977091630214,52.618852806519754,55.434051513671875,105047900,Cisco,True,True
2025-04-28,CSCO,55.25810139388932,58.083077207615275,55.15057574358942,57.9951057434082,91701800,Cisco,True,True
2025-05-05,CSCO,57.67252939955951,59.46135710130102,57.261980980131376,58.42520523071289,76280700,Cisco,True,True
2025-05-12,CSCO,60.2238052331491,64.27065662801263,59.48090277939664,62.18857955932617,167808300,Cisco,True,True
2025-05-19,CSCO,62.00285570224426,62.687103054680904,61.123103779299434,61.69005584716797,78126600,Cisco,True,True
2025-05-26,CSCO,62.32542943763122,62.55025783114361,60.898279620916504,61.62163162231445,71055700,Cisco,True,True
2025-06-02,CSCO,61.31860976229676,64.67144071470182,61.2990593036067,64.57368469238281,83712800,Cisco,True,True
2025-06-09,CSCO,64.62255778434469,64.86693290606502,62.43295505302836,62.64800262451172,81143100,Cisco,True,True
2025-06-16,CSCO,63.72325466554444,65.1504043815601,63.3909006452469,64.82782745361328,108888800,Cisco,True,True
2025-06-23,CSCO,64.85716105945082,67.66259036852213,64.72031157683635,67.10541534423828,125967000,Cisco,True,True
2025-06-30,CSCO,67.68595460659735,68.62016132756995,67.0467569804975,68.21697998046875,89129400,Cisco,True,True
2025-07-07,CSCO,67.93180225921473,68.23664725477123,66.56490646918628,66.8205795288086,98638400,Cisco,True,True
2025-07-14,CSCO,66.70258551822626,67.69579270010074,65.86671504233212,66.91893005371094,82097200,Cisco,True,True
2025-07-21,CSCO,66.77141635163424,67.68595885809313,66.66324409261127,67.54828643798828,67367700,Cisco,True,True
2025-07-28,CSCO,66.62389904688843,68.00063056461015,65.4143400877788,65.99453735351562,91517600,Cisco,True,True
2025-08-04,CSCO,66.64356950633677,70.82292887525757,66.31906024553726,70.59675598144531,109836500,Cisco,True,True
2025-08-11,CSCO,71.0982868020767,71.34413149018542,64.76532523556894,65.09967041015625,169114500,Cisco,True,True
2025-08-18,CSCO,64.98166987957114,66.90909133753496,64.65715309005779,66.20105743408203,83883600,Cisco,True,True
2025-08-25,CSCO,66.16171454217884,68.4234884440441,65.99454197186789,67.9416275024414,84118100,Cisco,True,True
2025-09-01,CSCO,66.97792755348853,67.27294418080311,65.37502288495999,65.78804016113281,68688200,Cisco,True,True
2025-09-08,CSCO,65.611031068926,67.43028024671769,65.03083370801342,65.42418670654297,76466900,Cisco,True,True
2025-09-15,CSCO,65.40451511974119,67.77445372893499,65.24717093688864,67.07625579833984,120976000,Cisco,True,True
2025-09-22,CSCO,66.73208398102047,67.10576521296223,65.73886932187322,66.10272216796875,97498900,Cisco,True,True
2025-09-29,CSCO,66.99652141286472,68.74760847518516,66.71951397230661,67.19438171386719,77209400,Cisco,True,True
2025-10-06,CSCO,67.7088306643407,70.05350618071499,67.08555637435832,67.21417236328125,114863200,Cisco,True,True
2025-10-13,CSCO,67.81765338965289,70.01392981853857,66.09623713614236,69.38076782226562,76027900,Cisco,True,True
2025-10-20,CSCO,69.37088879966996,70.47891865830219,69.1037690674016,69.87543487548828,70603700,Cisco,True,True
2025-10-27,CSCO,69.78639784046426,72.69499122528161,69.67757240444136,72.32894134521484,96014000,Cisco,True,True
2025-11-03,CSCO,73.81291963574058,74.04045825006207,69.78640096620624,70.31073760986328,93575500,Cisco,True,True
2025-11-10,CSCO,70.99336820227566,78.65067731417143,70.34041556007772,77.16670227050781,197663800,Cisco,True,True
2025-11-17,CSCO,77.05788043756431,79.2046959564067,74.51533671230835,75.28700256347656,131316000,Cisco,True,True
2025-11-24,CSCO,75.67282970475539,76.23673990272685,74.53511402873936,76.11802673339844,68803800,Cisco,True,True
2025-12-01,CSCO,75.85090920297675,77.35467480636854,74.84180949502986,77.13702392578125,71389100,Cisco,True,True
2025-12-08,CSCO,77.37445747100477,79.95657463746613,76.88969440598838,76.96884155273438,89819300,Cisco,True,True
2025-12-15,CSCO,77.37445114377053,78.32419418339602,75.10891520166822,77.58220672607422,165608900,Cisco,True,True
2025-12-22,CSCO,78.17579465343113,78.30441064247755,76.76107160912719,77.32498931884766,53991100,Cisco,True,True
2025-12-29,CSCO,77.6094608804576,77.87800998143071,75.20250514341136,75.63018798828125,61214300,Cisco,True,True
2026-01-05,CSCO,76.03797566455088,76.35625074602905,72.9447361594303,73.48182678222656,89989700,Cisco,True,True
2026-01-12,CSCO,72.5170563877774,75.64013280198225,72.40764862391934,74.7847671508789,100553200,Cisco,True,True
2026-01-19,CSCO,74.11837347696267,74.66541230466031,72.6165170377858,74.18799591064453,68215200,Cisco,True,True
2026-01-26,CSCO,76.05786786415268,79.05164766137666,75.23233930935162,77.89789581298828,105595300,Cisco,True,True
2026-02-02,CSCO,77.698981398528,84.54189947098847,77.57962539690706,84.36286926269531,151139500,Cisco,True,True
2026-02-09,CSCO,84.27335775782976,87.7147094530397,73.02430694126029,76.43582153320312,200463000,Cisco,True,True
2026-02-16,CSCO,76.53528139854686,78.90245944481099,76.06782079824936,78.77315521240234,93346300,Cisco,True,True
2026-02-23,CSCO,78.42504049634361,79.10137597513807,76.52533828819863,79.03175354003906,113798800,Cisco,True,True
2026-03-02,CSCO,78.32557902972029,80.73253468474893,77.15193830390265,78.21617126464844,103915600,Cisco,True,True
2026-03-09,CSCO,76.76404091766173,78.8328326387883,74.79470873176169,77.90784454345703,111461700,Cisco,True,True
2026-03-16,CSCO,78.49466608989525,79.61858091521542,76.29657759243611,77.23151397705078,157653600,Cisco,True,True
2026-03-23,CSCO,78.21617278563387,82.6620831435189,77.70891928209818,79.48927307128906,113953200,Cisco,True,True
2026-03-30,CSCO,79.86000061035156,80.38999938964844,76.30999755859375,79.0199966430664,83355900,Cisco,True,True
2026-04-06,CSCO,79.12000274658203,84.7699966430664,79.0199966430664,82.22000122070312,84621400,Cisco,True,True
2026-04-13,CSCO,82.04000091552734,86.37999725341797,80.87999725341797,86.25,87851600,Cisco,True,True
2026-04-20,CSCO,86.19999694824219,90.44999694824219,85.86000061035156,89.01000213623047,92461700,Cisco,True,True
2026-04-27,CSCO,89.27999877929688,92.91999816894531,85.77999877929688,91.8499984741211,83910100,Cisco,True,True
2026-05-04,CSCO,91.8499984741211,97.0199966430664,91.0,96.56999969482422,94882400,Cisco,True,True
2026-05-11,CSCO,96.3499984741211,119.36000061035156,95.33000183105469,118.20999908447266,215356800,Cisco,True,True
2026-05-18,CSCO,118.80000305175781,120.79000091552734,113.56999969482422,120.41000366210938,128381600,Cisco,True,True
2026-05-25,CSCO,120.54000091552734,121.43000030517578,116.7699966430664,120.41999816894531,111122900,Cisco,True,True
2026-06-01,CSCO,119.80000305175781,130.3699951171875,118.30000305175781,121.63999938964844,136899600,Cisco,True,True
2026-06-08,CSCO,123.55999755859375,126.44000244140625,116.5,121.0999984741211,109621100,Cisco,True,True
2026-06-15,CSCO,122.55999755859375,122.58999633789062,116.94000244140625,119.54000091552734,110548700,Cisco,True,True
2026-06-22,CSCO,119.5999984741211,122.88999938964844,112.86000061035156,113.7699966430664,143141500,Cisco,True,True
2026-06-29,CSCO,114.9800033569336,119.0999984741211,114.7300033569336,116.44499969482422,60908120,Cisco,True,True
2024-01-01,CVX,134.85808884284373,138.77822570617923,133.68023819652234,135.22671508789062,34810700,Chevron,True,True
2024-01-08,CVX,133.44646620883407,134.8221092011523,129.5712879939122,132.41249084472656,48312700,Chevron,True,True
2024-01-15,CVX,131.72915185579967,131.79209640421817,125.53425860677277,127.88994598388672,39927700,Chevron,True,True
2024-01-22,CVX,127.59323761778712,134.20171555548558,126.70311005191824,134.0938262939453,42977300,Chevron,True,True
2024-01-29,CVX,134.04885664511946,137.9060620550737,131.73814159769864,136.88107299804688,52305900,Chevron,True,True
2024-02-05,CVX,136.32361160352164,139.65034319093374,135.5773456037143,135.8021240234375,39159500,Chevron,True,True
2024-02-12,CVX,137.81115542718206,141.5832011674525,135.97513756087636,140.54702758789062,36215700,Chevron,True,True
2024-02-19,CVX,141.3105218193914,142.36487778207245,139.29270791012212,140.5742950439453,29043300,Chevron,True,True
2024-02-26,CVX,140.46521228371765,141.38323507587907,136.24780237315457,138.8927764892578,45504000,Chevron,True,True
2024-03-04,CVX,138.6110076359099,138.69280752494964,134.22089995928184,136.22962951660156,50448500,Chevron,True,True
2024-03-11,CVX,136.79315247752993,142.73751326684547,135.9660277618752,141.3832244873047,51510000,Chevron,True,True
2024-03-18,CVX,141.81951742369534,142.55574419914143,140.11983270166107,140.5742950439453,37302300,Chevron,True,True
2024-03-25,CVX,141.31958567130167,143.7827773132752,140.56517662773174,143.37376403808594,28485100,Chevron,True,True
2024-04-01,CVX,143.85551184142656,147.40031251756338,142.64664036236198,146.88223266601562,39623300,Chevron,True,True
2024-04-08,CVX,146.92764611561216,148.9454597008114,143.64642797653488,144.48265075683594,40108700,Chevron,True,True
2024-04-15,CVX,145.37341473660197,146.1096415042877,141.265071322312,145.42794799804688,32226600,Chevron,True,True
2024-04-22,CVX,145.3825094801696,151.77224929684135,144.01003811478336,150.78152465820312,39426100,Chevron,True,True
2024-04-29,CVX,150.79971476750342,151.89042173828582,142.73754247434746,145.6551971435547,42796600,Chevron,True,True
2024-05-06,CVX,146.09147318522238,151.26325730261675,146.09147318522238,150.71791076660156,34180800,Chevron,True,True
2024-05-13,CVX,152.84577892124136,153.24057048412246,147.0525514069109,149.34780883789062,31282700,Chevron,True,True
2024-05-20,CVX,149.3937068426754,149.6507745371001,143.52702980002215,144.8307342529297,27153700,Chevron,True,True
2024-05-27,CVX,145.17042503740728,149.2651701064413,143.6280189007125,149.0081024169922,29541700,Chevron,True,True
2024-06-03,CVX,148.2644406025247,148.4388683837757,140.8278015972358,143.29750061035156,33531700,Chevron,True,True
2024-06-10,CVX,143.6004625680118,145.2438604189421,139.5240838872312,140.074951171875,34546200,Chevron,True,True
2024-06-17,CVX,140.01069382877887,144.7572841942054,139.48736844549128,142.56301879882812,42890100,Chevron,True,True
2024-06-24,CVX,143.47193983096145,146.47412613793472,142.89353053827023,143.60964965820312,39446900,Chevron,True,True
2024-07-01,CVX,144.2890692169567,145.70294165700957,141.0940607263637,141.67247009277344,22248200,Chevron,True,True
2024-07-08,CVX,140.76354225228914,143.84835452340772,139.82707337904907,142.84762573242188,30477700,Chevron,True,True
2024-07-15,CVX,144.09626504108053,150.82596180525172,143.3617798290943,146.1160888671875,32887400,Chevron,True,True
2024-07-22,CVX,145.26224418597673,146.01508129076765,140.8553473965799,144.91336059570312,28452300,Chevron,True,True
2024-07-29,CVX,145.2897809359744,148.4480570884618,134.9794895036453,136.38418579101562,46990600,Chevron,True,True
2024-08-05,CVX,133.60233130718498,134.14400862913794,130.62767301536465,133.11573791503906,46782000,Chevron,True,True
2024-08-12,CVX,133.8961204910535,135.53034249469695,128.24979338970692,135.20901489257812,35289800,Chevron,True,True
2024-08-19,CVX,135.55250585595687,137.48353435394944,134.19708151714656,137.0471954345703,28301100,Chevron,True,True
2024-08-26,CVX,138.3005265616163,139.3403058002832,135.0233520570975,137.35357666015625,27376200,Chevron,True,True
2024-09-02,CVX,135.12544643491157,135.3296907670341,127.9954946724685,128.63607788085938,34972900,Chevron,True,True
2024-09-09,CVX,128.71036969963583,131.8482929538814,125.6745686272127,130.53927612304688,40121000,Chevron,True,True
2024-09-16,CVX,131.5419192965646,136.26736128937915,130.96632930246415,135.2461395263672,50793700,Chevron,True,True
2024-09-23,CVX,135.77532558776855,138.42120939379905,130.5578441051169,135.06976318359375,36958600,Chevron,True,True
2024-09-30,CVX,134.95834006853224,141.57768144561078,133.9464111878584,139.94374084472656,39531900,Chevron,True,True
2024-10-07,CVX,140.64929942285258,141.80977219036785,136.80581418347904,140.5750274658203,26234300,Chevron,True,True
2024-10-14,CVX,139.7395256330301,141.02067823710837,136.99151923968944,139.9530487060547,27024300,Chevron,True,True
2024-10-21,CVX,141.11350046198285,141.55911807592912,138.59758905626393,140.00872802734375,27053200,Chevron,True,True
2024-10-28,CVX,137.63208237253573,144.7620208856797,137.08434257775625,142.10687255859375,40819600,Chevron,True,True
2024-11-04,CVX,143.36015973230892,147.25006665111087,141.6240970339702,145.6903839111328,38412500,Chevron,True,True
2024-11-11,CVX,145.88538248880914,150.75009044720855,143.4623142769211,149.8588409423828,41411600,Chevron,True,True
2024-11-18,CVX,150.5809585196969,152.54105852373044,148.8834549606806,152.2690887451172,32075200,Chevron,True,True
2024-11-25,CVX,152.0721267626037,154.44488229486774,149.8963257096139,151.8657989501953,30823400,Chevron,True,True
2024-12-02,CVX,152.2034186340334,153.05686415792553,145.52594225024356,145.5915985107422,36052500,Chevron,True,True
2024-12-09,CVX,147.2422178884144,150.13079305213967,143.55648006760384,144.30674743652344,45733100,Chevron,True,True
2024-12-16,CVX,144.3255056091812,144.3255056091812,131.8146100089035,133.97166442871094,82798500,Chevron,True,True
2024-12-23,CVX,133.6246524075347,136.65391341443402,132.74307251378357,135.05018615722656,21501700,Chevron,True,True
2024-12-30,CVX,134.8532567486147,139.2705303721617,133.50276665668065,138.6609344482422,25311900,Chevron,True,True
2025-01-06,CVX,139.1767239149732,144.74754678453837,137.74181672862264,143.62213134765625,32340300,Chevron,True,True
2025-01-13,CVX,144.5224779787304,151.71577517252598,144.42868739261345,151.43441772460938,41343600,Chevron,True,True
2025-01-20,CVX,151.13427118369563,151.3687332949396,145.61973205833075,145.97610473632812,31347200,Chevron,True,True
2025-01-27,CVX,146.61385540981945,149.04287955200445,139.4111716019972,139.91761779785156,42855700,Chevron,True,True
2025-02-03,CVX,139.73943792226115,145.61036486039336,138.61402249235653,143.1344451904297,33742200,Chevron,True,True
2025-02-10,CVX,146.30560333978707,150.4968844302942,145.38581341455335,147.30126953125,32024300,Chevron,True,True
2025-02-17,CVX,147.30129186558466,150.72447820571867,146.7702736747318,148.79953002929688,23873300,Chevron,True,True
2025-02-24,CVX,148.96070704905986,150.76239215802406,146.40991021299857,150.41152954101562,35086800,Chevron,True,True
2025-03-03,CVX,151.20807932011346,151.80546748660913,140.09457875823375,148.24952697753906,43051700,Chevron,True,True
2025-03-10,CVX,149.05556432330576,152.07099530155287,144.05827792711332,148.8943634033203,47621100,Chevron,True,True
2025-03-17,CVX,149.08399208431868,156.75533759147945,148.64779034944758,156.2243194580078,59580000,Chevron,True,True
2025-03-24,CVX,156.16744958914538,160.21648515341545,155.81660137155447,157.4949951171875,37799000,Chevron,True,True
2025-03-31,CVX,157.5898007229032,160.17852132195932,135.36279994415335,135.86537170410156,59974500,Chevron,True,True
2025-04-07,CVX,131.55083603590165,139.83855365280542,125.2070355504057,128.61126708984375,85783800,Chevron,True,True
2025-04-14,CVX,131.31376988436057,132.9827005926791,127.16044111970258,130.73533630371094,36034600,Chevron,True,True
2025-04-21,CVX,128.98107550810093,132.186153314447,125.48202780503848,131.5508270263672,42578500,Chevron,True,True
2025-04-28,CVX,131.7784274894213,133.19132652601215,127.19837394925776,131.33274841308594,50510300,Chevron,True,True
2025-05-05,CVX,129.69226492585423,132.1577083045598,127.6535170407313,131.32325744628906,42638300,Chevron,True,True
2025-05-12,CVX,135.0783390976019,136.27314450324346,132.29047910998574,134.7464599609375,38764100,Chevron,True,True
2025-05-19,CVX,133.86343274986174,133.91142572396146,128.39257054668445,131.05120849609375,39194200,Chevron,True,True
2025-05-26,CVX,131.85744514125068,133.21075320598104,129.7746790592259,131.20477294921875,35638400,Chevron,True,True
2025-06-02,CVX,132.9228411172306,134.97681459963653,130.94563882418896,134.57369995117188,39719600,Chevron,True,True
2025-06-09,CVX,134.90002215028042,141.6666215611068,134.07459277378328,140.0445556640625,47405100,Chevron,True,True
2025-06-16,CVX,139.87177690756005,144.13329512042336,137.96178254626795,143.53822326660156,54983200,Chevron,True,True
2025-06-23,CVX,146.00490891756561,146.03370177307093,136.78122163877475,138.009765625,45334300,Chevron,True,True
2025-06-30,CVX,137.2899143505961,142.99113404229232,136.67564236015002,142.40565490722656,28890500,Chevron,True,True
2025-07-07,CVX,141.47463751393968,149.62335189231518,139.7278076062279,149.06666564941406,49767200,Chevron,True,True
2025-07-14,CVX,148.67316291672603,149.6425712598445,140.63963356422383,144.00852966308594,80118200,Chevron,True,True
2025-07-21,CVX,145.12189532581675,149.92089989773794,142.51123566705965,148.61557006835938,80918000,Chevron,True,True
2025-07-28,CVX,149.15303050996698,150.89028216748227,144.30604844469505,145.31382751464844,45336700,Chevron,True,True
2025-08-04,CVX,145.16988618661674,149.48899023844996,143.79737792882594,148.7787322998047,39404800,Chevron,True,True
2025-08-11,CVX,149.09544010648762,152.16679947680586,146.8399172051055,150.25680541992188,38347500,Chevron,True,True
2025-08-18,CVX,151.5218997090665,154.10337977997085,147.36822312218428,153.51138305664062,41436000,Chevron,True,True
2025-08-25,CVX,153.23964751590648,156.34521282057355,151.92950103590584,155.85997009277344,38219800,Chevron,True,True
2025-09-01,CVX,155.74348893852613,157.08276349562618,148.9598056401038,149.12478637695312,36758100,Chevron,True,True
2025-09-08,CVX,149.3674111148114,155.06415566064194,148.36781233984973,152.47296142578125,36635700,Chevron,True,True
2025-09-15,CVX,152.7349992387554,155.92788973604044,150.95900915360335,151.5995330810547,41756500,Chevron,True,True
2025-09-22,CVX,151.0269406549213,156.53930569906524,150.5708113097596,155.43295288085938,32036800,Chevron,True,True
2025-09-29,CVX,154.43334618885257,154.43334618885257,147.7369880547136,149.01803588867188,37650900,Chevron,True,True
2025-10-06,CVX,149.42564794728005,150.39613341043915,144.4955800174199,144.50527954101562,29911700,Chevron,True,True
2025-10-13,CVX,145.57282308825805,149.6585735053125,145.01963925247466,148.56192016601562,31235400,Chevron,True,True
2025-10-20,CVX,148.90156561348277,153.90927375750246,148.65894426706825,150.9687042236328,32808900,Chevron,True,True
2025-10-27,CVX,151.20164156909289,154.4818724396216,148.71720109611255,153.06497192382812,37402600,Chevron,True,True
2025-11-03,CVX,152.76413146484086,153.06497961103906,147.65936807847353,150.44467163085938,37685900,Chevron,True,True
2025-11-10,CVX,150.8328457539723,153.327000450198,147.59142792880755,152.96791076660156,42952600,Chevron,True,True
2025-11-17,CVX,154.7744716783337,154.94129501450638,145.9719914022551,147.17901611328125,43970100,Chevron,True,True
2025-11-24,CVX,147.02200850280113,148.69025675777766,144.98085223567196,148.3075408935547,37056500,Chevron,True,True
2025-12-01,CVX,148.91595637003581,151.07486674604007,146.4724535734548,147.19863891601562,45380000,Chevron,True,True
2025-12-08,CVX,146.46264218959902,149.10240677964813,144.90234024843153,147.18882751464844,44392500,Chevron,True,True
2025-12-15,CVX,147.04161028735115,147.2967641552258,143.7541832965917,144.9906463623047,56299000,Chevron,True,True
2025-12-22,CVX,146.0308528398646,148.31734003890773,145.92290657814775,147.21826171875,18741800,Chevron,True,True
2025-12-29,CVX,148.17996611941868,152.9884490966797,147.28695743186958,152.9884490966797,22554800,Chevron,True,True
2026-01-05,CVX,162.65450900462452,162.65450900462452,152.00713394903167,159.08248901367188,94676900,Chevron,True,True
2026-01-12,CVX,159.66145624515076,166.20688735013766,157.70863052484657,163.15496826171875,56123500,Chevron,True,True
2026-01-19,CVX,163.59657642517192,165.33350961025587,162.0656979786174,163.60638427734375,39387100,Chevron,True,True
2026-01-26,CVX,165.18632599239942,173.98880641583827,163.53769333434076,173.5962677001953,67630900,Chevron,True,True
2026-02-02,CVX,170.20087585728754,179.17998652004596,169.4256213347568,177.4822998046875,69207100,Chevron,True,True
2026-02-09,CVX,177.62950658812176,183.03661307762965,176.5893052233816,180.30853271484375,48690000,Chevron,True,True
2026-02-16,CVX,181.63636356753264,186.19460467811328,177.11775276213118,182.26063537597656,40501900,Chevron,True,True
2026-02-23,CVX,182.9939291801477,185.84779507493005,180.11033677565302,185.06495666503906,43109000,Chevron,True,True
2026-03-02,CVX,188.60255470123425,190.6636783041667,182.4786369093957,188.21609497070312,67508000,Chevron,True,True
2026-03-09,CVX,189.26647618894043,197.074961825179,183.95512316332886,195.03366088867188,79527600,Chevron,True,True
2026-03-16,CVX,194.81564893571826,203.218679552934,193.80490230251596,199.89907836914062,92775400,Chevron,True,True
2026-03-23,CVX,196.8272248395277,210.531704590903,195.57865101209921,209.23358154296875,66289600,Chevron,True,True
2026-03-30,CVX,211.32443533285127,212.76128715114575,193.14098999143948,197.1641387939453,62392800,Chevron,True,True
2026-04-06,CVX,196.6984049204273,202.76285468199697,184.77759096031454,186.83871459960938,59899100,Chevron,True,True
2026-04-13,CVX,189.71238290925945,190.86185829411272,176.12682432963925,182.32009887695312,56506600,Chevron,True,True
2026-04-20,CVX,182.82545959469343,187.7008033694494,180.68506034129848,183.52902221679688,44479800,Chevron,True,True
2026-04-27,CVX,184.50013646093873,192.36807520486056,182.00300382194268,188.89984130859375,52420600,Chevron,True,True
2026-05-04,CVX,189.1178423606782,191.95188546930947,177.90057596194325,179.9716033935547,50202200,Chevron,True,True
2026-05-11,CVX,181.33908014497047,189.76193359432702,181.33908014497047,189.36557006835938,46025100,Chevron,True,True
2026-05-18,CVX,191.1699981689453,198.8699951171875,189.0,191.42999267578125,52514600,Chevron,True,True
2026-05-25,CVX,190.0,190.49000549316406,180.39999389648438,182.4600067138672,46319300,Chevron,True,True
2026-06-01,CVX,184.3800048828125,191.47999572753906,184.02000427246094,187.30999755859375,34858100,Chevron,True,True
2026-06-08,CVX,188.6999969482422,192.69000244140625,184.36000061035156,187.22000122070312,42602200,Chevron,True,True
2026-06-15,CVX,178.89999389648438,181.6699981689453,172.22999572753906,173.6300048828125,44424500,Chevron,True,True
2026-06-22,CVX,174.0800018310547,176.39999389648438,169.27000427246094,171.05999755859375,49355200,Chevron,True,True
2026-06-29,CVX,171.3699951171875,171.60000610351562,164.77999877929688,166.6699981689453,31427393,Chevron,True,True
2024-01-01,DIS,87.64234320741714,89.56833806534219,87.28244043721976,88.42052459716797,43696900,Walt Disney,True,True
2024-01-08,DIS,89.05280071018066,89.43216211668786,86.27081211493568,87.88552856445312,59012000,Walt Disney,True,True
2024-01-15,DIS,87.82716680898416,91.20251704652814,87.0198048804357,90.5216064453125,64509400,Walt Disney,True,True
2024-01-22,DIS,90.3367946080914,93.27441502796219,90.3367946080914,92.75887298583984,53608100,Walt Disney,True,True
2024-01-29,DIS,92.8172352311875,95.25877225885333,92.40869331553324,94.4805908203125,49960200,Walt Disney,True,True
2024-02-05,DIS,94.06232098491179,109.69398093554292,93.85805002406805,105.43345642089844,139088600,Walt Disney,True,True
2024-02-12,DIS,104.9373693177247,109.83989481734976,104.88873761366183,108.55590057373047,58168100,Walt Disney,True,True
2024-02-19,DIS,107.82634721873472,108.09870848181886,102.9432808360272,104.80117797851562,41188600,Walt Disney,True,True
2024-02-26,DIS,104.5871907843184,109.67453617096386,104.45101013576931,108.89635467529297,45962900,Walt Disney,True,True
2024-03-04,DIS,109.59670395116513,112.04797018612541,106.22135378984416,107.31080627441406,59850900,Walt Disney,True,True
2024-03-11,DIS,107.08708900595356,111.01689145864297,106.52291521394535,108.89635467529297,50031900,Walt Disney,True,True
2024-03-18,DIS,109.22707644368238,114.45060209798302,109.22707644368238,112.70942687988281,52018400,Walt Disney,True,True
2024-03-25,DIS,113.7794156588136,120.36474740217933,113.68214483865859,119.02239227294922,50123800,Walt Disney,True,True
2024-04-01,DIS,118.73057642092283,120.3161197862858,113.12769683992263,115.15095520019531,69886500,Walt Disney,True,True
2024-04-08,DIS,114.80076809912927,115.28712961143437,110.6277928542847,110.90015411376953,39178000,Walt Disney,True,True
2024-04-15,DIS,111.74642343703074,112.39815353310125,108.05008022952295,109.53834533691406,43979100,Walt Disney,True,True
2024-04-22,DIS,110.01498551436914,111.12388929890156,107.37890669876747,109.65508270263672,34248900,Walt Disney,True,True
2024-04-29,DIS,109.95661666684778,110.99743005436139,107.20380859905332,110.55970764160156,35857100,Walt Disney,True,True
2024-05-06,DIS,111.66860171796931,113.7502283134983,101.36746144115837,102.90436553955078,117606500,Walt Disney,True,True
2024-05-13,DIS,102.70983095935458,103.73119320666201,98.6243968127018,100.43366241455078,58523100,Walt Disney,True,True
2024-05-20,DIS,100.51147358320188,100.99783510358363,97.53493603198982,98.98429870605469,39146600,Walt Disney,True,True
2024-05-27,DIS,98.59521383641075,101.24102185116658,98.02130334934955,101.0756607055664,37225800,Walt Disney,True,True
2024-06-03,DIS,101.32856865866137,101.37720778463088,97.8073156086128,98.77030944824219,41317100,Walt Disney,True,True
2024-06-10,DIS,98.48821025029787,100.07374617328094,96.54276412189692,97.24312591552734,43050100,Walt Disney,True,True
2024-06-17,DIS,98.22558613374639,99.74303186028749,97.64194631157956,99.48039245605469,39457900,Walt Disney,True,True
2024-06-24,DIS,99.46093201017754,100.85192627059438,95.69649112942453,96.58167266845703,57616600,Walt Disney,True,True
2024-07-01,DIS,96.68868186525252,97.0194041715404,94.30550571294778,95.317138671875,42220100,Walt Disney,True,True
2024-07-08,DIS,95.46371645493622,96.05004138865955,93.95881106987983,94.91647338867188,38861400,Walt Disney,True,True
2024-07-15,DIS,95.11192790628085,96.47025030688555,93.26500011105502,93.55815887451172,44459700,Walt Disney,True,True
2024-07-22,DIS,92.94252181057888,92.9913853338548,87.17697647378529,87.88056945800781,69747400,Walt Disney,True,True
2024-07-29,DIS,88.33007529972217,92.67865996811393,86.97175301204358,87.52876281738281,57859900,Walt Disney,True,True
2024-08-05,DIS,84.90984205271451,89.81544422641403,81.99775817286066,84.2453384399414,109301500,Walt Disney,True,True
2024-08-12,DIS,83.90331572459971,87.62648630224008,83.36584682903617,87.26492309570312,58523600,Walt Disney,True,True
2024-08-19,DIS,87.37242172862572,89.29752075348404,87.27469468362051,88.49620819091797,41206800,Walt Disney,True,True
2024-08-26,DIS,88.84799957008697,89.70794980132779,86.73722822768732,88.32030487060547,38436300,Walt Disney,True,True
2024-09-02,DIS,87.5678531986954,88.42779594813958,85.72092553469493,85.9359130859375,28808300,Walt Disney,True,True
2024-09-09,DIS,86.20953213721869,88.65255897195952,84.61667386943088,88.48643493652344,40645000,Walt Disney,True,True
2024-09-16,DIS,89.02390008767073,93.11841561959808,88.87731698035448,91.61351013183594,57675400,Walt Disney,True,True
2024-09-23,DIS,91.5646517684242,94.69173089704488,90.05975365142264,93.82201385498047,43824200,Walt Disney,True,True
2024-09-30,DIS,94.64285307788377,95.34644596193642,91.00762814729556,92.98159790039062,36714900,Walt Disney,True,True
2024-10-07,DIS,92.92296176924121,92.97182528639108,89.37568961662467,91.9848403930664,44694300,Walt Disney,True,True
2024-10-14,DIS,92.03370522730563,95.3171338186694,91.49623635306934,95.06305694580078,40886300,Walt Disney,True,True
2024-10-21,DIS,94.98487959271142,95.22918227423129,92.84479317235524,92.86433410644531,30576100,Walt Disney,True,True
2024-10-28,DIS,93.05000565219014,94.50604753276262,92.66889406905725,93.62655639648438,38791600,Walt Disney,True,True
2024-11-04,DIS,93.64610025074184,97.28132513429136,92.86432873290457,96.76339721679688,39762000,Walt Disney,True,True
2024-11-11,DIS,96.74386237495331,112.56490649658528,96.74386237495331,112.45741271972656,115689500,Walt Disney,True,True
2024-11-18,DIS,110.74729849400191,113.68869754745644,108.29449737064105,113.0144271850586,56071300,Walt Disney,True,True
2024-11-25,DIS,113.04373024402615,115.50629784415698,112.31082224385885,114.79293823242188,30443500,Walt Disney,True,True
2024-12-02,DIS,115.09588342568036,115.92651108999856,112.81898053972252,114.06981658935547,42082200,Walt Disney,True,True
2024-12-09,DIS,113.73755280797508,114.50955015585144,110.71797532279346,110.7570571899414,34768900,Walt Disney,True,True
2024-12-16,DIS,110.91410900683984,113.9765189602561,108.39154948206746,109.9620132446289,62483700,Walt Disney,True,True
2024-12-23,DIS,109.54977292715209,111.22820685229485,108.27376684932877,109.49088287353516,17817400,Walt Disney,True,True
2024-12-30,DIS,108.39155750929264,110.12888153716548,107.80263449078807,109.10808563232422,21555000,Walt Disney,True,True
2025-01-06,DIS,109.41236175738179,111.64045623284049,105.63343091318198,106.64441680908203,30794000,Walt Disney,True,True
2025-01-13,DIS,105.9377080585058,107.57687953983383,104.20038398635242,105.04450225830078,33505800,Walt Disney,True,True
2025-01-20,DIS,105.12301354694166,111.29690580533445,104.82855581306283,110.08961486816406,33338200,Walt Disney,True,True
2025-01-27,DIS,109.61847597536405,113.05386874815574,109.40253580290438,110.9729995727539,38330400,Walt Disney,True,True
2025-02-03,DIS,109.29457445082438,116.40092825764076,107.13518753078661,108.8136215209961,66841900,Walt Disney,True,True
2025-02-10,DIS,109.08844903090872,109.32401673716325,105.70213610746127,108.34247589111328,34735100,Walt Disney,True,True
2025-02-17,DIS,107.75354912704475,109.69700322948088,105.92788261791333,106.65422821044922,31867200,Walt Disney,True,True
2025-02-24,DIS,106.83089938654525,111.88583611351562,106.64441172273666,111.69934844970703,44678000,Walt Disney,True,True
2025-03-03,DIS,111.96435702178013,113.41704067824081,101.40297608061152,103.56237030029297,54833500,Walt Disney,True,True
2025-03-10,DIS,102.50230544717174,102.86547823694107,94.15920869571288,96.81918334960938,61004200,Walt Disney,True,True
2025-03-17,DIS,96.91734333106187,99.09636525892448,95.9456199673208,97.62405395507812,46600100,Walt Disney,True,True
2025-03-24,DIS,98.3700187775957,100.38217289589163,95.93579433318747,96.25970458984375,36182100,Walt Disney,True,True
2025-03-31,DIS,95.04260203798324,97.02531125449231,81.54641538808121,81.98810577392578,69210900,Walt Disney,True,True
2025-04-07,DIS,79.49499470189446,90.54714723644076,78.62142390758724,83.32300567626953,86853900,Walt Disney,True,True
2025-04-14,DIS,84.24564444849511,84.85419492138445,80.49615907953311,83.24446868896484,43637000,Walt Disney,True,True
2025-04-21,DIS,83.34263318266781,88.67239255428538,81.44825913321196,88.6135025024414,53894000,Walt Disney,True,True
2025-04-28,DIS,88.78036306786606,91.46979027293553,86.9252515402554,90.78270721435547,38711100,Walt Disney,True,True
2025-05-05,DIS,88.0442078541299,104.22982123819291,87.95587277554651,103.98443603515625,87929300,Walt Disney,True,True
2025-05-12,DIS,107.84189704793755,111.34599762066989,106.65423350526181,111.32636260986328,67078900,Walt Disney,True,True
2025-05-19,DIS,110.05035575911336,111.30672676858647,106.77200563574264,107.69465637207031,39783400,Walt Disney,True,True
2025-05-26,DIS,108.98047010321893,111.25764438189157,108.11671692460578,110.953369140625,38552200,Walt Disney,True,True
2025-06-02,DIS,110.60001961483816,112.57291875479979,109.77552143409035,111.79750061035156,37238400,Walt Disney,True,True
2025-06-09,DIS,111.87602353013426,118.27566624265329,111.87602353013426,115.76292419433594,58533200,Walt Disney,True,True
2025-06-16,DIS,115.84144901800775,118.11862351397536,114.68323050350753,115.45864868164062,44194900,Walt Disney,True,True
2025-06-23,DIS,114.99485375091398,121.18521478735649,113.37825541913652,120.5937728881836,47549700,Walt Disney,True,True
2025-06-30,DIS,122.53566009191525,122.9102409789564,120.70220818107144,122.23008728027344,34841300,Walt Disney,True,True
2025-07-07,DIS,121.45135753071351,122.83137609354532,118.02103362477034,118.1590347290039,33372400,Walt Disney,True,True
2025-07-14,DIS,118.0703141152909,120.64306077621819,117.18315879764424,119.68690490722656,40964900,Walt Disney,True,True
2025-07-21,DIS,119.34190632360742,121.63865085946662,118.83918370594594,119.73619842529297,32624700,Walt Disney,True,True
2025-07-28,DIS,119.3024780149795,119.66719953018071,113.9204121857883,114.92584991455078,33480200,Walt Disney,True,True
2025-08-04,DIS,116.04958704795109,117.86332024334197,110.22393967783847,110.82523345947266,71339800,Walt Disney,True,True
2025-08-11,DIS,111.29838343295587,115.556721639229,109.94793541198517,113.74298095703125,38401800,Walt Disney,True,True
2025-08-18,DIS,113.5458377058659,118.07031872163594,113.5162671142067,117.1634521484375,32257900,Walt Disney,True,True
2025-08-25,DIS,116.79873050408438,117.35074245624875,114.94556739741574,116.69029998779297,26490600,Walt Disney,True,True
2025-09-01,DIS,115.34971672178114,118.07032408546763,114.34427895721042,116.22702026367188,25923000,Walt Disney,True,True
2025-09-08,DIS,116.27629301976972,117.3507387783018,112.86568035007842,114.30484008789062,35419900,Walt Disney,True,True
2025-09-15,DIS,114.45270143609129,115.08356577747156,110.33236447617224,112.13624572753906,54188600,Walt Disney,True,True
2025-09-22,DIS,110.16479615444824,112.52068189654882,109.92821637881315,111.85038757324219,49891200,Walt Disney,True,True
2025-09-29,DIS,111.8503886838549,114.40341674383849,109.19878195612966,110.86466217041016,44187600,Walt Disney,True,True
2025-10-06,DIS,111.08152005513182,111.78138495736201,107.55261743219965,107.63147735595703,34763000,Walt Disney,True,True
2025-10-13,DIS,108.81435269014038,111.07166738042658,106.96118949310262,109.0903549194336,39967400,Walt Disney,True,True
2025-10-20,DIS,109.44521376112753,112.90511593464164,109.02135105884236,110.0859375,36960500,Walt Disney,True,True
2025-10-27,DIS,110.3422255234611,111.95881636287659,107.98633981770936,111.01251983642578,36978000,Walt Disney,True,True
2025-11-03,DIS,110.9435175645723,111.19980103284179,107.62161664257815,109.15934753417969,41312300,Walt Disney,True,True
2025-11-10,DIS,109.56350671465836,115.41871726379502,103.41257519454149,104.28987121582031,94857500,Walt Disney,True,True
2025-11-17,DIS,104.24057645753776,106.13316951596117,101.03696536073399,102.79155731201172,60277900,Walt Disney,True,True
2025-11-24,DIS,102.60426282392282,103.24498652210353,100.43566763676841,102.97884368896484,42255000,Walt Disney,True,True
2025-12-01,DIS,103.42242381210902,105.3051650594666,102.97884989000201,103.79700469970703,53506400,Walt Disney,True,True
2025-12-08,DIS,103.79700740432968,111.72224214759265,103.3337147284369,110.007080078125,59855500,Walt Disney,True,True
2025-12-15,DIS,109.85821696865133,112.61708377659764,107.72457195986522,110.39411163330078,76093000,Walt Disney,True,True
2025-12-22,DIS,110.56281962731677,113.86749188452968,110.30479459952886,112.69646453857422,26473400,Walt Disney,True,True
2025-12-29,DIS,112.45829667301923,114.40339161754859,110.7712267677642,110.99947357177734,30364100,Walt Disney,True,True
2026-01-05,DIS,110.57274061778227,115.1476859607476,110.53304387635555,114.99882507324219,46427000,Walt Disney,True,True
2026-01-12,DIS,113.75832610958727,114.06597395147695,110.27502235560766,110.35440826416016,48738500,Walt Disney,True,True
2026-01-19,DIS,108.82613093982854,113.42092093184831,107.97266991570869,110.13609313964844,43117100,Walt Disney,True,True
2026-01-26,DIS,110.83076705292663,112.09110643080152,107.93297303454364,111.94225311279297,55807500,Walt Disney,True,True
2026-02-02,DIS,103.2190895496213,108.1314457439972,101.56178280501176,107.87342071533203,105641100,Walt Disney,True,True
2026-02-09,DIS,107.8635001136199,110.26509609216183,100.25181870118557,104.64813232421875,67870700,Walt Disney,True,True
2026-02-16,DIS,105.759622761849,106.95049472323484,103.5763549755152,104.77715301513672,35795500,Walt Disney,True,True
2026-02-23,DIS,104.18171309568625,106.41460361740113,102.17706936510776,105.23365020751953,56310300,Walt Disney,True,True
2026-03-02,DIS,103.81453063268224,103.81453063268224,99.18996233036073,100.76787567138672,59659400,Walt Disney,True,True
2026-03-09,DIS,99.78540161312188,101.46254538161959,97.70136435733534,98.53498077392578,47561900,Walt Disney,True,True
2026-03-16,DIS,98.71361441546348,100.2518234090415,97.64182510199821,98.75331115722656,78317200,Walt Disney,True,True
2026-03-23,DIS,99.45790663136177,99.83501430338613,91.48896970147202,91.71721649169922,50020900,Walt Disney,True,True
2026-03-30,DIS,92.18364500421715,97.61205122679405,92.18364500421715,95.87535858154297,36670500,Walt Disney,True,True
2026-04-06,DIS,95.76619848119886,99.4678382927599,94.60509716648532,98.4158935546875,39894100,Walt Disney,True,True
2026-04-13,DIS,97.78075696046187,105.52144722884589,97.78075696046187,105.48175048828125,42475100,Walt Disney,True,True
2026-04-20,DIS,105.10464425147855,106.29551619923373,101.19460232309635,101.81980895996094,33216000,Walt Disney,True,True
2026-04-27,DIS,101.83966428641253,104.03285819415163,99.65638888572505,102.2961654663086,33627700,Walt Disney,True,True
2026-05-04,DIS,101.95874442173037,109.63989351954046,99.2991233214078,107.19859313964844,68613500,Walt Disney,True,True
2026-05-11,DIS,107.17874470911299,107.5657784592967,101.52209176690585,101.93889617919922,41749900,Walt Disney,True,True
2026-05-18,DIS,101.90912608540101,104.06262313230505,100.82741073731704,102.21676635742188,38315700,Walt Disney,True,True
2026-05-25,DIS,102.3160110958401,104.44966369752385,101.05567169189453,101.05567169189453,33925900,Walt Disney,True,True
2026-06-01,DIS,100.88696631725651,102.22669920807644,98.25711578557026,98.95178985595703,43157600,Walt Disney,True,True
2026-06-08,DIS,98.76323153489521,100.99612219455338,97.20517035523336,99.27928161621094,40738500,Walt Disney,True,True
2026-06-15,DIS,100.11288501300211,103.42749090340284,99.28920225790125,103.0999984741211,55072000,Walt Disney,True,True
2026-06-22,DIS,102.62365145094142,103.73512988109954,97.15554857213215,98.03878021240234,70045000,Walt Disney,True,True
2026-06-29,DIS,99.70999908447266,100.04000091552734,95.98999786376953,96.91500091552734,26690690,Walt Disney,True,True
2024-01-01,GS,362.9446882719915,369.0758960426638,357.03144725257766,366.2045593261719,9060600,Goldman Sachs,True,True
2024-01-08,GS,365.7592070461784,368.70634224454915,355.060384443709,357.9696350097656,9592400,Goldman Sachs,True,True
2024-01-15,GS,358.5476962639052,364.849501491922,352.58708409938373,362.1866455078125,10716200,Goldman Sachs,True,True
2024-01-22,GS,366.1286968056921,372.16516350177966,357.02192709224005,358.0074768066406,14312800,Goldman Sachs,True,True
2024-01-29,GS,356.2070226684334,373.2834183824333,354.64339963786915,367.5502014160156,13270700,Goldman Sachs,True,True
2024-02-05,GS,364.4608952363592,367.78707869632484,361.0493990675564,364.1387023925781,9624000,Goldman Sachs,True,True
2024-02-12,GS,364.8400307843011,375.59571020302485,355.55320520489204,364.3093566894531,12465000,Goldman Sachs,True,True
2024-02-19,GS,361.00210693266723,376.0126644035949,360.90733750644745,370.5732116699219,8705600,Goldman Sachs,True,True
2024-02-26,GS,373.19929275230027,377.98060501308277,367.66406347247255,370.38397216796875,10932400,Goldman Sachs,True,True
2024-03-04,GS,371.06154284652865,379.34530996773435,366.96736522892866,369.3246154785156,11035600,Goldman Sachs,True,True
2024-03-11,GS,368.06483472542703,378.2859333267646,364.0088399809039,369.5345153808594,12522100,Goldman Sachs,True,True
2024-03-18,GS,370.9088345244042,397.73567972760384,365.9080402332072,388.2494201660156,12888700,Goldman Sachs,True,True
2024-03-25,GS,388.29713588489017,400.06431060618934,385.4245274718734,398.62322998046875,7854200,Goldman Sachs,True,True
2024-04-01,GS,397.6593074456424,399.8734106472221,383.1436244884654,389.4423522949219,8788700,Goldman Sachs,True,True
2024-04-08,GS,390.4252698968819,394.3571940758191,369.4486099270892,371.7104187011719,9324400,Goldman Sachs,True,True
2024-04-15,GS,388.4211914515732,394.0232319853149,377.1407459286263,385.5581359863281,19592300,Goldman Sachs,True,True
2024-04-22,GS,388.3639328257974,408.9683851705508,386.1021236672805,408.0522155761719,12696600,Goldman Sachs,True,True
2024-04-29,GS,408.05222780641117,422.1098119279761,405.78086574175313,418.1778869628906,11086800,Goldman Sachs,True,True
2024-05-06,GS,421.58488539684294,437.8088651404679,419.6093702852382,433.9723815917969,10513300,Goldman Sachs,True,True
2024-05-13,GS,435.4420757627656,447.26650828551266,432.62675548913893,446.3694152832031,9936400,Goldman Sachs,True,True
2024-05-20,GS,446.82752854272934,449.95780131070256,436.53006437062146,440.1279602050781,12270300,Goldman Sachs,True,True
2024-05-27,GS,441.6008779269022,445.20135469221003,429.7529125672867,438.3172302246094,9019800,Goldman Sachs,True,True
2024-06-03,GS,440.5735492415061,445.99826188485787,431.2987172751785,436.7714538574219,8778700,Goldman Sachs,True,True
2024-06-10,GS,434.2942664308027,439.3925681497394,421.63979862939084,428.6583251953125,8778000,Goldman Sachs,True,True
2024-06-17,GS,427.35260838228146,442.0521529818602,425.71079912903895,432.23004150390625,9191400,Goldman Sachs,True,True
2024-06-24,GS,433.2573858987903,445.57580460996235,425.14429958381805,434.28472900390625,12244700,Goldman Sachs,True,True
2024-07-01,GS,436.3874230589387,451.15418408342174,435.9073594589269,446.2191162109375,5930000,Goldman Sachs,True,True
2024-07-08,GS,449.003483298439,464.16390012836285,443.17550410931807,460.745849609375,13664600,Goldman Sachs,True,True
2024-07-15,GS,461.10109409669593,489.16562308421146,457.31819053297687,465.594482421875,16811700,Goldman Sachs,True,True
2024-07-22,GS,465.23922178306844,483.90409641751893,463.14615157280906,479.13226318359375,9151000,Goldman Sachs,True,True
2024-07-29,GS,480.46685366948043,496.6353917758012,448.58100910023495,451.874267578125,17023200,Goldman Sachs,True,True
2024-08-05,GS,429.7433063151931,472.3825564400268,419.9308056984127,470.7119445800781,12533200,Goldman Sachs,True,True
2024-08-12,GS,470.7119668610311,486.69807875905246,464.4615294604224,484.15374755859375,7947900,Goldman Sachs,True,True
2024-08-19,GS,484.8642266742748,492.00757524894243,474.3316303208251,489.1080017089844,6763300,Goldman Sachs,True,True
2024-08-26,GS,494.8216941186365,495.9420045500348,481.42592329786527,492.8031311035156,7035400,Goldman Sachs,True,True
2024-09-02,GS,490.1181892876643,492.27194999092086,460.7479882999172,463.2107849121094,7706900,Goldman Sachs,True,True
2024-09-09,GS,468.9283871011747,477.379200433927,441.8375058641051,462.61199951171875,10998800,Goldman Sachs,True,True
2024-09-16,GS,464.9686048775373,489.09448202445736,463.0949363434558,481.3873291015625,12158000,Goldman Sachs,True,True
2024-09-23,GS,481.1748397390951,488.1189964838506,473.63188719283346,481.464599609375,6550700,Goldman Sachs,True,True
2024-09-30,GS,477.9683991282063,479.5426403028328,467.64391651114386,478.2291564941406,7588400,Goldman Sachs,True,True
2024-10-07,GS,477.71727341323714,500.2591829681972,474.0085768878645,498.64630126953125,7884600,Goldman Sachs,True,True
2024-10-14,GS,499.95009318360655,522.0284304146849,497.8832517416272,510.4290771484375,13252000,Goldman Sachs,True,True
2024-10-21,GS,509.9462400032006,511.73295987847814,493.2763970441116,495.0727844238281,8294700,Goldman Sachs,True,True
2024-10-28,GS,497.77708843861075,512.6408174606139,496.9368408331091,501.59197998046875,8097000,Goldman Sachs,True,True
2024-11-04,GS,500.2881939452496,578.141908202945,493.0543065185642,569.1116333007812,19200100,Goldman Sachs,True,True
2024-11-11,GS,578.4221343197305,586.3900461808237,566.1949783800728,573.245361328125,10345000,Goldman Sachs,True,True
2024-11-18,GS,574.3751798704216,583.2895608225934,555.8316711729426,582.1692504882812,9610500,Goldman Sachs,True,True
2024-11-25,GS,587.9738629060255,591.7791464010648,572.7237853570788,587.7614135742188,8382000,Goldman Sachs,True,True
2024-12-02,GS,590.1198875498885,593.9148758926087,576.8907149368133,582.0445556640625,8218000,Goldman Sachs,True,True
2024-12-09,GS,581.374852489825,585.2669356197297,566.5927563065851,568.2621459960938,8862700,Goldman Sachs,True,True
2024-12-16,GS,570.7080117244433,570.9700904826175,528.4775505621117,549.4520263671875,14568200,Goldman Sachs,True,True
2024-12-23,GS,548.384445960666,565.6512552423958,545.278539905409,559.2356567382812,5010900,Goldman Sachs,True,True
2024-12-30,GS,550.5876609606913,567.1265248559653,548.48143398078,563.0694580078125,5963300,Goldman Sachs,True,True
2025-01-06,GS,567.776862190238,576.1919370828463,541.6000256309552,543.531494140625,8610200,Goldman Sachs,True,True
2025-01-13,GS,541.4738061946659,608.5611126273853,540.3867480213759,607.5322875976562,15862600,Goldman Sachs,True,True
2025-01-20,GS,598.6707662641293,626.5558516065505,591.0904461632376,618.1699829101562,13678600,Goldman Sachs,True,True
2025-01-27,GS,606.6199386522362,630.8847361983258,606.0958403517229,621.5670776367188,11416500,Goldman Sachs,True,True
2025-02-03,GS,607.5904865932037,644.3467945173796,604.1739843890347,636.6112060546875,10810100,Goldman Sachs,True,True
2025-02-10,GS,639.6394759209188,643.7547759892756,620.3149585302009,641.1244506835938,11636600,Goldman Sachs,True,True
2025-02-17,GS,643.1045147430738,652.4221733109808,605.0961026666519,607.2022705078125,11233500,Goldman Sachs,True,True
2025-02-24,GS,617.9286295947427,621.6253919071443,589.1541914768842,606.9845581054688,13894700,Goldman Sachs,True,True
2025-03-03,GS,607.0918327005961,613.3149186662365,531.5076820001354,545.9046630859375,18215800,Goldman Sachs,True,True
2025-03-10,GS,528.961935471137,533.0293562358225,507.26894534751324,528.0938110351562,17877900,Goldman Sachs,True,True
2025-03-17,GS,527.9182743235174,554.4590580245028,526.7185455761339,551.240234375,14203300,Goldman Sachs,True,True
2025-03-24,GS,560.8577500556837,578.0639047107654,524.4849271408282,529.7618408203125,10571400,Goldman Sachs,True,True
2025-03-31,GS,520.6905800819391,553.3666397901148,448.6861930077857,459.2303161621094,20184500,Goldman Sachs,True,True
2025-04-07,GS,435.90839247245657,509.16129778092693,428.57335920521615,482.2791442871094,26763500,Goldman Sachs,True,True
2025-04-14,GS,497.45641980266146,505.8936946580049,480.57216605307156,496.9589538574219,12252900,Goldman Sachs,True,True
2025-04-21,GS,492.9695803100952,538.218593534788,482.5132396561297,531.4590454101562,12258300,Goldman Sachs,True,True
2025-04-28,GS,531.459105975364,555.7662392428163,518.3789523025855,552.1766967773438,11059600,Goldman Sachs,True,True
2025-05-05,GS,544.6270101429124,558.0875844836058,533.6049478035758,553.1520385742188,10571700,Goldman Sachs,True,True
2025-05-12,GS,581.5948839391243,605.5215330696144,573.6160797044349,603.8048706054688,13617800,Goldman Sachs,True,True
2025-05-19,GS,594.2068097726767,604.1461863514415,568.1732551510078,583.8187255859375,10549800,Goldman Sachs,True,True
2025-05-26,GS,593.943600583227,606.4223761737633,582.1117746707836,588.6011352539062,8232200,Goldman Sachs,True,True
2025-06-02,GS,586.7875975614675,609.1181007500264,580.4844901300542,601.8837280273438,8009000,Goldman Sachs,True,True
2025-06-09,GS,602.6189445207182,617.4111951208514,597.2862913618237,601.4328002929688,8360200,Goldman Sachs,True,True
2025-06-16,GS,606.7851045260408,629.95862433129,605.804837798212,628.1549072265625,9888200,Goldman Sachs,True,True
2025-06-23,GS,626.6453029142529,680.5011580374714,617.5778359001938,677.1780395507812,12395000,Goldman Sachs,True,True
2025-06-30,GS,700.1751305357548,711.6736400367959,686.7846536105685,709.3994140625,11685900,Goldman Sachs,True,True
2025-07-07,GS,707.458468198801,709.6836328563577,680.079627266284,691.0390014648438,11143100,Goldman Sachs,True,True
2025-07-14,GS,690.8331335316255,703.2923446283392,677.6583469011954,694.28369140625,11185000,Goldman Sachs,True,True
2025-07-21,GS,695.1463894815339,715.486924895958,678.2269755108831,714.5948486328125,10207200,Goldman Sachs,True,True
2025-07-28,GS,713.6341797559609,723.3192198391076,680.3541122915796,695.56787109375,10774200,Goldman Sachs,True,True
2025-08-04,GS,701.0867612101354,718.4766830292601,700.4495639179313,707.0369873046875,7883900,Goldman Sachs,True,True
2025-08-11,GS,707.9486442212968,734.2687819838953,701.6160996077823,716.3004760742188,8571300,Goldman Sachs,True,True
2025-08-18,GS,715.1045425197567,730.1418597051176,691.6271435853473,727.2500610351562,7997500,Goldman Sachs,True,True
2025-08-25,GS,731.143154451588,742.417439462564,723.2294464429447,734.4544677734375,7305800,Goldman Sachs,True,True
2025-09-01,GS,725.7227754954483,746.3791134729543,710.7133541680795,727.5164184570312,7383000,Goldman Sachs,True,True
2025-09-08,GS,728.7089398051962,781.6803314632554,722.9437054246794,768.76025390625,9182700,Goldman Sachs,True,True
2025-09-15,GS,771.608352218934,797.9313979121331,768.3955663140192,793.3389282226562,10058200,Goldman Sachs,True,True
2025-09-22,GS,789.5348601245605,813.2955930352796,770.6819686784111,790.885009765625,7101600,Goldman Sachs,True,True
2025-09-29,GS,796.0983695236712,797.8920126101118,761.250601375432,778.5364990234375,8336000,Goldman Sachs,True,True
2025-10-06,GS,783.4837663058398,793.6542797733653,752.9328269907693,753.28759765625,9152000,Goldman Sachs,True,True
2025-10-13,GS,766.6118073559537,779.5910128095287,729.2903886035565,739.89453125,16739800,Goldman Sachs,True,True
2025-10-20,GS,746.0342159869626,773.2442473940491,732.3454099258074,772.5248413085938,9970000,Goldman Sachs,True,True
2025-10-27,GS,777.5707283161157,795.4479709040124,767.5382006619205,777.9353637695312,8296400,Goldman Sachs,True,True
2025-11-03,GS,778.1324714738555,794.3244629230105,751.7502365028895,774.9492797851562,9118700,Goldman Sachs,True,True
2025-11-10,GS,784.5482160438912,829.0934730292657,766.7301012195379,779.4530639648438,11283200,Goldman Sachs,True,True
2025-11-17,GS,778.5562607181935,804.1796313241088,743.0777475715416,762.817626953125,9928900,Goldman Sachs,True,True
2025-11-24,GS,767.3608190268702,818.5385660756641,764.1283034608438,814.0741577148438,7303200,Goldman Sachs,True,True
2025-12-01,GS,810.7314845805238,847.9804104882268,800.5402308737337,846.3561401367188,10683600,Goldman Sachs,True,True
2025-12-08,GS,852.8333587148677,910.2765548684898,848.0794511230315,879.435546875,12305400,Goldman Sachs,True,True
2025-12-15,GS,883.436693341028,895.7869508343332,860.1028745761325,884.9024658203125,13226100,Goldman Sachs,True,True
2025-12-22,GS,887.9133702017664,904.5520770411326,885.1204351276004,898.3323364257812,4419600,Goldman Sachs,True,True
2025-12-29,GS,897.7480467810997,905.6613327098464,868.3727504120889,905.5623168945312,7450400,Goldman Sachs,True,True
2026-01-05,GS,905.6217117135839,952.4577022041394,903.8389434968626,929.9656982421875,11686200,Goldman Sachs,True,True
2026-01-12,GS,925.0335121075478,975.2467994263548,909.0880978022956,952.7647094726562,13507500,Goldman Sachs,True,True
2026-01-19,GS,937.2947145928076,961.6288487499937,908.2462669762169,910.0587158203125,11221300,Goldman Sachs,True,True
2026-01-26,GS,909.5931934886352,946.2083111545094,909.1673287631014,926.4299926757812,10571600,Goldman Sachs,True,True
2026-02-02,GS,923.1814798967915,955.2407203889952,868.3033866188407,919.8339233398438,13373300,Goldman Sachs,True,True
2026-02-09,GS,920.0815507868136,959.0934192079651,860.6575539652756,896.4506225585938,14113500,Goldman Sachs,True,True
2026-02-16,GS,899.0157010470132,938.6020173274406,891.9244642095072,913.3864135742188,7856700,Goldman Sachs,True,True
2026-02-23,GS,909.6823133884037,929.3813820206518,845.950103636087,851.3180541992188,14043600,Goldman Sachs,True,True
2026-03-02,GS,836.3142260690458,874.9439662625757,797.8139203195095,817.8157348632812,14303700,Goldman Sachs,True,True
2026-03-09,GS,806.4458096765311,842.3774774897487,777.075252410534,778.7777709960938,13457500,Goldman Sachs,True,True
2026-03-16,GS,788.5248292504184,823.600226136298,786.5336049341295,809.9603881835938,11263900,Goldman Sachs,True,True
2026-03-23,GS,829.3449331219996,850.9994977023159,794.2795018526815,799.3670654296875,9634300,Goldman Sachs,True,True
2026-03-30,GS,807.5609454918892,866.381730021875,798.3614986838622,859.2531127929688,7832500,Goldman Sachs,True,True
2026-04-06,GS,859.2132985777624,914.091436262848,846.2703404300094,903.8167114257812,8822400,Goldman Sachs,True,True
2026-04-13,GS,871.708208157109,925.1128586129627,861.5430469689774,921.8870849609375,14009900,Goldman Sachs,True,True
2026-04-20,GS,919.6270266623676,947.8327359861722,915.1865745814679,922.8428344726562,8440600,Goldman Sachs,True,True
2026-04-27,GS,921.9766539448264,941.1521536856499,895.2145944788101,919.6569213867188,7690600,Goldman Sachs,True,True
2026-05-04,GS,918.2232398061401,941.1421902467381,895.0553255599452,932.370849609375,8865800,Goldman Sachs,True,True
2026-05-11,GS,928.5576967880329,971.3789243511009,916.7596563401707,944.3082275390625,10763800,Goldman Sachs,True,True
2026-05-18,GS,943.5814174538866,1000.9485827382347,919.7564268010275,992.3564453125,10755500,Goldman Sachs,True,True
2026-05-25,GS,1002.1135301422115,1022.7126872637696,970.1443777065875,1021.06005859375,8706600,Goldman Sachs,True,True
2026-06-01,GS,1015.3300170898438,1098.3599853515625,1011.5999755859375,1038.6800537109375,12607100,Goldman Sachs,True,True
2026-06-08,GS,1052.780029296875,1073.739990234375,1000.0399780273438,1062.75,12250300,Goldman Sachs,True,True
2026-06-15,GS,1089.52001953125,1125.0,1075.0,1096.56005859375,11008700,Goldman Sachs,True,True
2026-06-22,GS,1109.699951171875,1115.97998046875,1013.3800048828125,1019.6099853515625,11852900,Goldman Sachs,True,True
2026-06-29,GS,1029.18994140625,1035.9300537109375,1006.1099853515625,1011.3699951171875,5048600,Goldman Sachs,True,True
2024-01-01,HD,323.20668639171123,326.1081346416889,316.0516547735526,322.0141906738281,12459900,Home Depot,True,True
2024-01-08,HD,322.47425761095457,338.9721616639806,322.30524789795385,334.00494384765625,14670100,Home Depot,True,True
2024-01-15,HD,336.21153892650574,340.81254015507193,332.42744659366247,340.2961120605469,12060800,Home Depot,True,True
2024-01-22,HD,337.43216374037866,339.4040293688905,325.8921090678161,333.6199035644531,17598400,Home Depot,True,True
2024-01-29,HD,333.47909343186205,338.1646280655823,328.6621163601407,335.43218994140625,14583100,Home Depot,True,True
2024-02-05,HD,332.08001597174115,343.338388723262,329.35697686782663,340.9909362792969,12883100,Home Depot,True,True
2024-02-12,HD,341.9956972000716,346.221112147747,332.28663607006445,340.23980712890625,15787500,Home Depot,True,True
2024-02-19,HD,333.62936784397016,351.41367193028447,332.9251320284786,349.2633972167969,14893500,Home Depot,True,True
2024-02-26,HD,350.7187874624948,361.60157334785947,347.9957197547516,360.9912414550781,14680100,Home Depot,True,True
2024-03-04,HD,361.68620400053993,363.2259018014393,351.4845674104201,352.6653137207031,12658300,Home Depot,True,True
2024-03-11,HD,350.9744512789365,361.5067018314599,348.4334830987904,352.55194091796875,22551100,Home Depot,True,True
2024-03-18,HD,355.63125846067,374.88214685586286,350.57768837989204,368.6572570800781,16822900,Home Depot,True,True
2024-03-25,HD,367.54266461329166,368.26053866494004,358.3800630264768,362.3473815917969,12048800,Home Depot,True,True
2024-04-01,HD,360.3354016209285,361.91289121976814,336.29539758251804,338.04290771484375,21331700,Home Depot,True,True
2024-04-08,HD,338.2318161799635,344.2583489657626,322.5892939479707,323.8739318847656,19822400,Home Depot,True,True
2024-04-15,HD,326.75499992385284,326.90611007302044,312.9733046214975,316.780029296875,19802400,Home Depot,True,True
2024-04-22,HD,319.48161781516586,321.3424751707821,308.7887722100327,316.5250244140625,17092500,Home Depot,True,True
2024-04-29,HD,316.4399801540058,327.6617965998168,311.1785681924134,323.8550720214844,16163500,Home Depot,True,True
2024-05-06,HD,326.83052459086286,330.4294364427852,318.92425321810754,327.2366943359375,16635100,Home Depot,True,True
2024-05-13,HD,328.776413511006,331.0245588738699,314.5507856895686,325.13970947265625,19901600,Home Depot,True,True
2024-05-20,HD,322.2303902517752,323.5717018946712,306.4461819130119,307.0885009765625,18294900,Home Depot,True,True
2024-05-27,HD,309.4991612799178,318.8015408344391,307.9582517478486,318.51617431640625,15793300,Home Depot,True,True
2024-06-03,HD,317.3556569116308,317.3556569116308,308.11034766839094,311.0589599609375,15995200,Home Depot,True,True
2024-06-10,HD,311.0305271690828,333.37335299719985,310.55494532325855,329.901611328125,16704700,Home Depot,True,True
2024-06-17,HD,328.0468414703131,339.0042361445543,327.58075154858255,338.42401123046875,16592800,Home Depot,True,True
2024-06-24,HD,339.4702933756967,340.2217207702058,318.19276763988205,327.4285583496094,21780400,Home Depot,True,True
2024-07-01,HD,327.124188723904,327.8185195546229,315.44390121120273,318.24029541015625,10810000,Home Depot,True,True
2024-07-08,HD,319.47682139035,346.17598950389714,318.63979281263806,342.2001037597656,17218700,Home Depot,True,True
2024-07-15,HD,341.60095458772565,357.39024922213196,337.6916565785815,345.6148376464844,14955000,Home Depot,True,True
2024-07-22,HD,346.6991476283027,349.34338139288417,332.26998240222474,341.9528503417969,15829700,Home Depot,True,True
2024-07-29,HD,341.6674182006309,354.2988677832279,329.8064086981456,338.072021484375,15980600,Home Depot,True,True
2024-08-05,HD,333.7443057809899,341.1443578085786,324.6701964425765,331.61370849609375,15994000,Home Depot,True,True
2024-08-12,HD,333.6396505645249,347.56469981203577,322.79639116609184,344.3782958984375,21917700,Home Depot,True,True
2024-08-19,HD,344.7967707544762,357.9418573674247,342.894443743417,357.24749755859375,19205400,Home Depot,True,True
2024-08-26,HD,360.84319854708417,362.27860964577656,349.16853913316044,352.6326599121094,12365800,Home Depot,True,True
2024-09-02,HD,352.05853077505174,353.474813737873,342.1828942530938,344.5465393066406,11837400,Home Depot,True,True
2024-09-09,HD,347.13988732620965,365.55142074311937,344.5274281777893,363.6279602050781,13355100,Home Depot,True,True
2024-09-16,HD,365.55133632022466,375.7619061292902,363.1876916947257,373.0728759765625,19712500,Home Depot,True,True
2024-09-23,HD,374.00117170194176,386.16391067655707,370.58491513385604,382.3265686035156,14649100,Home Depot,True,True
2024-09-30,HD,382.9677253291226,395.18784900696454,381.8385129742697,390.7763366699219,17659200,Home Depot,True,True
2024-10-07,HD,387.45574476032755,401.94381217333876,383.96288774588146,394.16387939453125,16347700,Home Depot,True,True
2024-10-14,HD,393.76204128380954,403.40799244263894,393.5897697318435,397.1304626464844,12661100,Home Depot,True,True
2024-10-21,HD,398.1543847883202,398.62327645771626,379.14952440168287,381.7332763671875,15836900,Home Depot,True,True
2024-10-28,HD,386.0778181749767,388.3648917424488,372.29784583829286,375.6854248046875,15001200,Home Depot,True,True
2024-11-04,HD,375.07296485523085,388.90074213695266,365.28344978534244,388.4222717285156,20092200,Home Depot,True,True
2024-11-11,HD,390.2117462198086,398.1065079557084,384.872029313438,390.6040954589844,19389300,Home Depot,True,True
2024-11-18,HD,388.03951866513205,402.0491468708785,382.1638877680259,401.9151611328125,20020600,Home Depot,True,True
2024-11-25,HD,408.84153175440974,422.6651807309141,408.3220542940184,412.81451416015625,11625000,Home Depot,True,True
2024-12-02,HD,412.6894418106601,419.18280715383486,407.0714818366266,414.9693298339844,12984800,Home Depot,True,True
2024-12-09,HD,415.91209399522813,419.76961415803174,397.4709229206597,401.12646484375,17315200,Home Depot,True,True
2024-12-16,HD,401.96339890218184,402.56945107478265,368.4864731210675,377.67340087890625,23454100,Home Depot,True,True
2024-12-23,HD,376.2304273987285,381.0788153796976,372.3151613000073,377.9234924316406,7088600,Home Depot,True,True
2024-12-30,HD,375.6821019085965,377.7407534942703,371.01649237044677,374.3834228515625,9271700,Home Depot,True,True
2025-01-06,HD,375.65319997407624,379.01050086888097,365.6486135799015,375.06640625,13720700,Home Depot,True,True
2025-01-13,HD,375.1625918329565,398.69264508903603,372.9596786467424,393.8153991699219,17037800,Home Depot,True,True
2025-01-20,HD,397.2977830175899,404.24328054390867,393.20936757491495,398.7407531738281,13359600,Home Depot,True,True
2025-01-27,HD,399.1254627275772,409.9862242387343,394.71960761349476,396.3164978027344,14744700,Home Depot,True,True
2025-02-03,HD,390.67933036617137,401.905650385199,385.7636264379436,391.8818054199219,11813000,Home Depot,True,True
2025-02-10,HD,395.0274879604087,402.10764678843293,386.8313994333694,393.9308166503906,13518700,Home Depot,True,True
2025-02-17,HD,392.7860802405548,393.32478673145516,369.30414319657723,370.6509094238281,15764500,Home Depot,True,True
2025-02-24,HD,371.4108813491389,385.7636368970608,363.8208738698759,381.52130126953125,23506000,Home Depot,True,True
2025-03-03,HD,381.8579809616329,381.9734138669494,354.8744237664871,362.47406005859375,19358600,Home Depot,True,True
2025-03-10,HD,365.39396329688805,370.8926783824021,334.2409986227372,340.097900390625,23664900,Home Depot,True,True
2025-03-17,HD,340.5335097215846,350.22401822438127,335.228394521791,339.9429626464844,21276300,Home Depot,True,True
2025-03-24,HD,343.3022659427711,353.5542815910204,342.9731206187136,346.7196044921875,15980400,Home Depot,True,True
2025-03-31,HD,342.21802705880475,360.42770245762483,337.9003764889152,342.6052551269531,23428100,Home Depot,True,True
2025-04-07,HD,333.31160881211713,344.67694527176906,315.89577146059383,342.5664978027344,27762700,Home Depot,True,True
2025-04-14,HD,346.38075353034867,349.9045966265,333.33098843353787,343.72821044921875,11594500,Home Depot,True,True
2025-04-21,HD,342.98277735719637,353.19606033736864,330.89137792894877,346.1677551269531,15661700,Home Depot,True,True
2025-04-28,HD,346.56466841823186,354.5417072672521,341.133726866144,352.8862609863281,14484800,Home Depot,True,True
2025-05-05,HD,350.57255701244634,357.5233988585779,345.7321329618917,351.134033203125,12526900,Home Depot,True,True
2025-05-12,HD,363.0318205741437,369.0049171278432,358.994893730173,368.6273498535156,15105200,Home Depot,True,True
2025-05-19,HD,362.2476574588958,377.31105474073354,349.6238232628403,351.134033203125,20753900,Home Depot,True,True
2025-05-26,HD,354.21255215803217,359.30465797988455,352.44094047710337,356.53594970703125,14129800,Home Depot,True,True
2025-06-02,HD,355.69302548626104,365.6483403306472,352.46875308958096,357.8165588378906,12969000,Home Depot,True,True
2025-06-09,HD,357.8067928581262,359.57966384438373,343.6628270595843,345.47467041015625,15714400,Home Depot,True,True
2025-06-16,HD,346.6630983600039,347.86122366732366,336.84414279087133,340.5652160644531,20429100,Home Depot,True,True
2025-06-23,HD,340.90616586831356,360.5635190881765,339.4937073711936,359.1900329589844,20803200,Home Depot,True,True
2025-06-30,HD,359.7160269999323,369.856422284722,353.5499805629056,362.0538635253906,15338300,Home Depot,True,True
2025-07-07,HD,361.39150257775276,368.15176648662896,355.28389947587436,360.485595703125,16119600,Home Depot,True,True
2025-07-14,HD,360.8849754584061,361.6739949476796,343.3316551349106,350.0919189453125,17100100,Home Depot,True,True
2025-07-21,HD,351.3777271880015,368.09330454696413,350.52051351925394,365.61907958984375,15146300,Home Depot,True,True
2025-07-28,HD,364.0605199851558,371.2104181852008,356.277462042711,363.98260498046875,16204900,Home Depot,True,True
2025-08-04,HD,365.13202052356394,381.3118538243859,364.01181030289524,377.8050842285156,13348200,Home Depot,True,True
2025-08-11,HD,379.87992490138436,397.25788345864095,373.37290752217353,389.0364685058594,18146200,Home Depot,True,True
2025-08-18,HD,386.29926185475836,403.7648866064881,382.3444139564032,402.09918212890625,24459000,Home Depot,True,True
2025-08-25,HD,399.7320961374007,401.0276671925715,394.22843110176046,396.2350769042969,15510100,Home Depot,True,True
2025-09-01,HD,395.4559578440355,411.835328181562,394.5449115919008,410.4148864746094,16082400,Home Depot,True,True
2025-09-08,HD,409.97409388373416,416.55719164085565,403.3518026571934,414.0787353515625,20477000,Home Depot,True,True
2025-09-15,HD,413.8631860067154,418.0559900538347,406.6433369020692,407.2213134765625,23778700,Home Depot,True,True
2025-09-22,HD,405.6735041372384,406.4278363981017,396.7589183651118,401.73541259765625,13344900,Home Depot,True,True
2025-09-29,HD,401.69620177934195,402.5778903524437,384.63110928236614,387.0115966796875,15923800,Home Depot,True,True
2025-10-06,HD,386.4630152536723,386.4630152536723,367.1447614322299,368.0950012207031,14990800,Home Depot,True,True
2025-10-13,HD,371.34734877463853,386.33563535343876,369.5056445632086,383.91595458984375,16457300,Home Depot,True,True
2025-10-20,HD,383.43595538664914,385.6107293603738,373.53190705500606,378.80230712890625,13119100,Home Depot,True,True
2025-10-27,HD,379.8015751893199,382.064512212311,367.3701004288066,371.8567810058594,14318700,Home Depot,True,True
2025-11-03,HD,369.32935592339624,375.86345429855476,360.0620586854414,363.5495300292969,16639100,Home Depot,True,True
2025-11-10,HD,362.2564377702611,368.3399157743107,352.4699393597344,354.977783203125,15489100,Home Depot,True,True
2025-11-17,HD,353.7728450638369,356.3688516749887,324.6191242941402,336.32568359375,34357300,Home Depot,True,True
2025-11-24,HD,335.2285042530644,350.5400552205181,329.6935855921803,349.64862060546875,19086400,Home Depot,True,True
2025-12-01,HD,349.08033969402464,357.2046988024893,344.6237958309911,349.6324768066406,23221100,Home Depot,True,True
2025-12-08,HD,347.0098451618499,357.62866059132824,339.1714237687177,354.60174560546875,29123200,Home Depot,True,True
2025-12-15,HD,354.3454071757478,361.1583879144241,340.0785153162193,340.1573791503906,29390600,Home Depot,True,True
2025-12-22,HD,340.46301226421167,345.1364690558136,337.1403204886321,344.8702697753906,10552600,Home Depot,True,True
2025-12-29,HD,345.0872012728747,345.4027167925932,336.1346665476792,340.96588134765625,12263100,Home Depot,True,True
2026-01-05,HD,337.88967382364604,370.21939248630673,332.96969592988376,369.38134765625,26138300,Home Depot,True,True
2026-01-12,HD,369.3813635273168,377.39722114810644,364.06700605767924,374.833740234375,22304600,Home Depot,True,True
2026-01-19,HD,367.0150214460708,385.1173258591999,366.0882134049067,378.3831787109375,18489900,Home Depot,True,True
2026-01-26,HD,379.59591398962,381.98195868823814,363.37680381074097,369.33203125,19322500,Home Depot,True,True
2026-02-02,HD,368.9869404161993,386.2807472159789,363.0711599003044,379.7438049316406,24461400,Home Depot,True,True
2026-02-09,HD,378.96487659213363,392.0486301192746,372.8913685489045,385.56097412109375,16608100,Home Depot,True,True
2026-02-16,HD,386.7244473574714,388.4695917981524,370.67296390501485,376.884521484375,13382900,Home Depot,True,True
2026-02-23,HD,375.6422063803058,388.8146937605453,364.39235976936084,375.3760070800781,23917300,Home Depot,True,True
2026-03-02,HD,369.7362998955605,369.844741434039,348.26201680119505,352.89605712890625,21746300,Home Depot,True,True
2026-03-09,HD,352.95262804670097,358.94766981487834,335.513426265367,336.5059814453125,17833100,Home Depot,True,True
2026-03-16,HD,339.8906164968434,344.198302574296,317.87574869308355,318.3620910644531,23380100,Home Depot,True,True
2026-03-23,HD,329.5183881327731,334.6796872415866,318.35214223518864,319.25537109375,22196300,Home Depot,True,True
2026-03-30,HD,323.2950818118749,330.6102088087884,316.28764450454594,319.23553466796875,16933600,Home Depot,True,True
2026-04-06,HD,317.31992399024466,338.68963720668444,312.96259192465766,334.8285827636719,17930800,Home Depot,True,True
2026-04-13,HD,333.04196710195015,349.39925676441203,329.4588272208326,346.79876708984375,17776000,Home Depot,True,True
2026-04-20,HD,345.74666758975695,350.9178715936092,332.18836020303655,333.3893737792969,15166000,Home Depot,True,True
2026-04-27,HD,331.989871613674,334.8682756131693,316.6747219763201,321.4687805175781,19895400,Home Depot,True,True
2026-05-04,HD,319.68217519347013,325.0519026233355,308.0891373752082,315.086669921875,27650600,Home Depot,True,True
2026-05-11,HD,314.1437183910074,314.75909776382747,294.669790362803,295.29510498046875,26063300,Home Depot,True,True
2026-05-18,HD,297.02213794019076,312.61517135375607,286.94770891023694,310.7392578125,28349900,Home Depot,True,True
2026-05-25,HD,312.7144294652412,319.7020263439793,306.65983686961783,314.7789611816406,26750500,Home Depot,True,True
2026-06-01,HD,315.1300048828125,320.75,307.1199951171875,310.7799987792969,21687400,Home Depot,True,True
2026-06-08,HD,308.8800048828125,331.0199890136719,307.07000732421875,328.3900146484375,22386500,Home Depot,True,True
2026-06-15,HD,333.760009765625,341.1499938964844,326.1700134277344,334.2799987792969,26516300,Home Depot,True,True
2026-06-22,HD,330.0,350.5,321.70001220703125,348.8599853515625,30632400,Home Depot,True,True
2026-06-29,HD,348.8599853515625,357.1199951171875,345.5400085449219,355.5899963378906,11619526,Home Depot,True,True
2024-01-01,HON,186.1758687340727,187.73581338060725,180.2927004644202,181.4247589111328,12913750,Honeywell,True,True
2024-01-08,HON,181.0592667502602,181.83478694645217,177.2976063200401,179.2586669921875,14688696,Honeywell,True,True
2024-01-15,HON,178.8842774441259,179.3834539004751,174.71256787144173,178.97341918945312,12418899,Honeywell,True,True
2024-01-22,HON,179.47260990971012,181.77240073824674,177.99290299963116,179.8826446533203,14519573,Honeywell,True,True
2024-01-29,HON,179.5528138011704,185.15074784681363,169.0611467174148,174.8106231689453,27165951,Honeywell,True,True
2024-02-05,HON,172.89411887739737,174.55210904326586,171.18264655436235,173.6785430908203,18679966,Honeywell,True,True
2024-02-12,HON,172.91196307794783,177.29761596397785,171.78882320574954,175.75550842285156,14538352,Honeywell,True,True
2024-02-19,HON,176.45078918317458,180.62249893996588,175.52374096708354,178.8397216796875,11475564,Honeywell,True,True
2024-02-26,HON,179.33299465718213,179.49436628433503,175.78273177313307,178.11370849609375,14182599,Honeywell,True,True
2024-03-04,HON,177.89855095837206,182.82050183026513,176.28479110148416,179.97850036621094,12712265,Honeywell,True,True
2024-03-11,HON,180.72262543290537,181.61019849744858,174.7875947063918,177.23512268066406,19169830,Honeywell,True,True
2024-03-18,HON,178.41851148506348,182.07635514794387,175.82753768098598,179.96054077148438,15484234,Honeywell,True,True
2024-03-25,HON,179.64680224837457,185.4204468909425,177.2889154805401,184.0128936767578,11684368,Honeywell,True,True
2024-04-01,HON,184.13839492101215,184.58665911847817,174.95791977263585,176.7509765625,13751091,Honeywell,True,True
2024-04-08,HON,177.14548144395695,178.87579258216863,174.16900316463278,175.8634490966797,14705248,Honeywell,True,True
2024-04-15,HON,177.61167098348932,177.95235412792994,170.11667083469362,174.16001892089844,14980471,Honeywell,True,True
2024-04-22,HON,174.177949357481,179.43161350941227,170.43941941473744,173.43382263183594,16379823,Honeywell,True,True
2024-04-29,HON,173.26349569938537,176.77789383119142,172.04422389749203,175.54965209960938,17481249,Honeywell,True,True
2024-05-06,HON,176.05166659899936,182.20187280754487,173.8820617236137,181.9239501953125,11786118,Honeywell,True,True
2024-05-13,HON,184.30472952697178,186.85600547285568,182.79920466686693,185.6840362548828,14210503,Honeywell,True,True
2024-05-20,HON,185.48568966745566,185.88235434524628,179.57178390632225,180.02255249023438,11396625,Honeywell,True,True
2024-05-27,HON,178.64326017946846,182.35748590842394,177.49835011676174,182.27635192871094,11394928,Honeywell,True,True
2024-06-03,HON,183.74579478610673,190.1915889240798,181.1945188692006,188.21728515625,15237128,Honeywell,True,True
2024-06-10,HON,189.1097628151929,190.78657525853572,185.72008811751527,187.9918975830078,12332003,Honeywell,True,True
2024-06-17,HON,187.51410289587622,194.79829574966485,187.09939870512042,193.9058074951172,18583415,Honeywell,True,True
2024-06-24,HON,194.01399347521152,196.85375547472313,190.34485225287906,192.5084686279297,15693039,Honeywell,True,True
2024-07-01,HON,192.1478716643191,194.30248292099722,189.98425525173775,191.33651733398438,6895227,Honeywell,True,True
2024-07-08,HON,191.02098685942383,195.49247732600523,189.8219729716065,193.92384338378906,10392070,Honeywell,True,True
2024-07-15,HON,193.28380138438695,199.0444456025275,192.39129837047884,193.47311401367188,12970513,Honeywell,True,True
2024-07-22,HON,194.06807993283834,197.3045065895528,178.7153696450741,182.77215576171875,23592927,Honeywell,True,True
2024-07-29,HON,183.48435803328283,188.37955788888843,179.51771089521083,183.62860107421875,16898548,Honeywell,True,True
2024-08-05,HON,182.58285334802602,183.86300123807413,177.50734594868408,178.70635986328125,16112133,Honeywell,True,True
2024-08-12,HON,179.9406567156352,181.54547968982666,177.3203368634193,179.97691345214844,16971331,Honeywell,True,True
2024-08-19,HON,179.94066698845015,183.85753970506536,179.37851139431356,183.58554077148438,12504309,Honeywell,True,True
2024-08-26,HON,184.59197741127008,189.27047715620253,183.97543662273,188.5088653564453,11488826,Honeywell,True,True
2024-09-02,HON,188.2730919803652,188.50883416944717,179.3875784166908,179.64144897460938,8328108,Honeywell,True,True
2024-09-09,HON,181.3188125613725,186.43252442986983,178.9433063680032,185.0996856689453,10982941,Honeywell,True,True
2024-09-16,HON,186.77708007407062,187.63841984794678,181.8719101346187,184.37435913085938,12647332,Honeywell,True,True
2024-09-23,HON,184.97277061479846,191.17449328749078,183.7034030738541,188.25497436523438,12473010,Honeywell,True,True
2024-09-30,HON,188.6811085614792,189.31577762866894,182.7876564766164,184.76422119140625,11095514,Honeywell,True,True
2024-10-07,HON,183.3407229916526,196.36072303225174,182.8964531836965,195.8348388671875,20990294,Honeywell,True,True
2024-10-14,HON,196.06151452016698,201.34749748265588,195.1729748816537,201.30215454101562,16512873,Honeywell,True,True
2024-10-21,HON,201.2568258968941,202.1725801059614,187.357342758192,188.59043884277344,30422584,Honeywell,True,True
2024-10-28,HON,188.64484923591624,189.97767344493903,184.08422098232182,189.66940307617188,28284456,Honeywell,True,True
2024-11-04,HON,189.34298610188455,199.20772579020232,187.1578789877888,199.0082550048828,30373990,Honeywell,True,True
2024-11-11,HON,199.7716867982431,221.25260932022385,199.7716867982431,208.6939697265625,33382349,Honeywell,True,True
2024-11-18,HON,209.14054693508857,209.72381290316707,204.89356921502798,208.80332946777344,22535959,Honeywell,True,True
2024-11-25,HON,210.63516006409603,212.5946065873148,209.07673006965368,212.2847442626953,13610827,Honeywell,True,True
2024-12-02,HON,212.5217018578939,212.99562112188337,203.38069633807908,206.31529235839844,19381393,Honeywell,True,True
2024-12-09,HON,206.55224576956573,213.25991469205928,204.67483502322722,207.4453887939453,16573882,Honeywell,True,True
2024-12-16,HON,211.85643217795408,217.1879210520946,204.71130193699764,208.08335876464844,33646750,Honeywell,True,True
2024-12-23,HON,207.58207688747163,211.44627432043904,205.64998554831075,209.16786193847656,12166064,Honeywell,True,True
2024-12-30,HON,207.01704867707977,207.78259352491847,204.7386213676821,206.44288635253906,9586136,Honeywell,True,True
2025-01-06,HON,204.76596542102612,206.80743314005977,197.1104872952822,198.8511962890625,14377505,Honeywell,True,True
2025-01-13,HON,198.37729243409123,208.67574100864306,195.57939821606905,202.8520965576172,23365979,Honeywell,True,True
2025-01-20,HON,203.57206917431196,207.5456282337746,201.66731810107888,201.87692260742188,18035516,Honeywell,True,True
2025-01-27,HON,200.7286000573094,205.9233861138978,200.5918835126791,203.8910369873047,13709287,Honeywell,True,True
2025-02-03,HON,202.7791809390371,205.69555478754344,187.17657052127586,187.30416870117188,31980981,Honeywell,True,True
2025-02-10,HON,188.24288968062572,190.78560232662633,183.67694601338815,184.77969360351562,23184865,Honeywell,True,True
2025-02-17,HON,186.3016767890031,193.6655146117782,184.8070310336681,193.1551513671875,21029657,Honeywell,True,True
2025-02-24,HON,194.0746332157744,197.21817702374813,192.20500621456446,195.11026000976562,21643657,Honeywell,True,True
2025-03-03,HON,195.87094648789062,198.01551207161523,189.5197016414107,196.6041259765625,30043489,Honeywell,True,True
2025-03-10,HON,196.39332140363823,200.22422635449695,187.6317423160754,191.9758758544922,21908059,Honeywell,True,True
2025-03-17,HON,191.0319084098841,194.4045726345682,189.98711205937417,192.57159423828125,26272906,Honeywell,True,True
2025-03-24,HON,193.96465911153885,199.02364810996153,192.4341279872008,192.77322387695312,21375860,Honeywell,True,True
2025-03-31,HON,193.2223184359336,198.3362953770615,174.7826618031058,175.03927612304688,26431632,Honeywell,True,True
2025-04-07,HON,174.87428640418207,183.0951581704891,164.38054933847664,181.96788024902344,38588251,Honeywell,True,True
2025-04-14,HON,182.39863284166952,185.45968027417968,176.4323167362233,180.1807403564453,15762323,Honeywell,True,True
2025-04-21,HON,178.69602647700975,184.76314792419248,176.0748810434862,182.52691650390625,21571829,Honeywell,True,True
2025-04-28,HON,182.90270040198882,196.9890684661172,181.45466561867042,196.24671936035156,29110977,Honeywell,True,True
2025-05-05,HON,195.27521975486596,198.66620824468458,191.99420670363867,195.2385711669922,23388578,Honeywell,True,True
2025-05-12,HON,200.86435868945162,205.4621249905784,198.85572330691392,205.36077880859375,19262031,Honeywell,True,True
2025-05-19,HON,204.1905988906221,207.5536989961481,203.27842358456004,204.5775909423828,16777487,Honeywell,True,True
2025-05-26,HON,206.77973812812783,209.97697610179875,204.85401142250802,208.85287475585938,21976706,Honeywell,True,True
2025-06-02,HON,207.3141436732339,212.35418476389918,205.49899675358557,210.79702758789062,13409449,Honeywell,True,True
2025-06-09,HON,210.71410373528323,210.72330753243227,204.22747037601755,206.6599578857422,12536458,Honeywell,True,True
2025-06-16,HON,207.83932656571835,208.60409194315008,202.89142823016374,204.36566162109375,15933885,Honeywell,True,True
2025-06-23,HON,205.7662030023023,210.96287267598638,203.76677132279994,210.8615264892578,17815995,Honeywell,True,True
2025-06-30,HON,210.86152179626004,222.33289850513967,210.37316863357577,221.50364685058594,14842222,Honeywell,True,True
2025-07-07,HON,221.015318565776,222.71990060402297,215.60672276416793,217.385009765625,13089239,Honeywell,True,True
2025-07-14,HON,217.91017680832397,220.87706593019854,214.6945017725428,217.94703674316406,15078508,Honeywell,True,True
2025-07-21,HON,217.94704595593598,221.6049806963767,204.8171517519919,206.61386108398438,28960631,Honeywell,True,True
2025-07-28,HON,207.43391789946764,209.84798279062107,200.09039195979094,200.59715270996094,21597186,Honeywell,True,True
2025-08-04,HON,201.15921198636178,204.4578109894144,198.66222340806402,199.3072052001953,15582908,Honeywell,True,True
2025-08-11,HON,200.39561045501563,203.75853820509747,198.44084439432507,200.82176208496094,17084964,Honeywell,True,True
2025-08-18,HON,200.78472812986084,206.66753478797125,199.18200614315666,206.43592834472656,17529418,Honeywell,True,True
2025-08-25,HON,205.42612555628696,206.41740473061617,203.0544767830621,203.35092163085938,13811249,Honeywell,True,True
2025-09-01,HON,201.06264561168155,202.0724478830632,196.49535524861284,198.4871826171875,16481575,Honeywell,True,True
2025-09-08,HON,199.01524889206556,200.25665760176938,195.42069957074565,195.90245056152344,21796760,Honeywell,True,True
2025-09-15,HON,196.18036646635028,197.93131828753337,192.15966561736852,193.96620178222656,29711714,Honeywell,True,True
2025-09-22,HON,193.39181354610196,195.49480947017213,192.04849029062518,192.87301635742188,26339431,Honeywell,True,True
2025-09-29,HON,194.44794956514733,197.34766443928748,189.33405504477477,193.66973876953125,23704438,Honeywell,True,True
2025-10-06,HON,194.5498547404882,195.01306760902696,185.95260950187424,186.12863159179688,22421476,Honeywell,True,True
2025-10-13,HON,187.518273349105,194.00326861611708,185.8506979952536,188.02780151367188,20352420,Honeywell,True,True
2025-10-20,HON,189.3062658481232,206.1116806983689,189.28774273306925,200.2381134033203,31289632,Honeywell,True,True
2025-10-27,HON,202.8506552492183,203.08226168361,195.01306771202806,197.8953094482422,25244355,Honeywell,True,True
2025-11-03,HON,197.89530944048596,198.01325743944884,190.39547253796778,190.75917053222656,21635000,Honeywell,True,True
2025-11-10,HON,192.86779403581974,200.8301682288888,191.51269443288115,196.8737030029297,20511700,Honeywell,True,True
2025-11-17,HON,195.73622971663352,197.1803461975813,184.72736014662632,187.95188903808594,20688800,Honeywell,True,True
2025-11-24,HON,187.98155829554855,190.30597257536135,185.00430853421648,190.0982666015625,13732600,Honeywell,True,True
2025-12-01,HON,188.2090445165529,193.07549480213666,187.4672073066886,189.24761962890625,20178900,Honeywell,True,True
2025-12-08,HON,190.0488003892551,192.60072218873253,187.7936164906874,191.55226135253906,18637800,Honeywell,True,True
2025-12-15,HON,193.53049916619676,200.25649303467793,191.26541438392854,196.9429473876953,26523600,Honeywell,True,True
2025-12-22,HON,196.12197750124855,197.57597966035917,192.60072591062203,195.2218780517578,9741700,Honeywell,True,True
2025-12-29,HON,195.20211009535754,195.44938917321196,191.245644849687,193.74810791015625,9155600,Honeywell,True,True
2026-01-05,HON,193.66897166923025,206.46813881511645,192.79854450854657,205.12294006347656,23838500,Honeywell,True,True
2026-01-12,HON,204.8459805064525,218.22872210236946,202.4127479014148,217.00221252441406,28162800,Honeywell,True,True
2026-01-19,HON,214.3316089972939,221.00814388322127,211.86870402821825,219.04969787597656,22050700,Honeywell,True,True
2026-01-26,HON,218.9507720142164,227.09119446294184,213.83704285230147,225.04373168945312,25996600,Honeywell,True,True
2026-02-02,HON,223.77766698655586,236.47791607975128,222.63028850839126,235.78553771972656,23983000,Honeywell,True,True
2026-02-09,HON,234.81619039153014,242.95662794997705,234.420549930843,238.7528839111328,22954000,Honeywell,True,True
2026-02-16,HON,237.06149429196307,242.08620674774082,236.50759159636365,241.314697265625,11594300,Honeywell,True,True
2026-02-23,HON,242.33286142143925,244.5898533404778,238.44528625830475,242.19366455078125,15368300,Honeywell,True,True
2026-03-02,HON,241.3087656367412,246.7573483369259,232.77794702509402,233.9412384033203,22942800,Honeywell,True,True
2026-03-09,HON,232.78790278126723,243.8540920287774,229.4670371141549,233.15577697753906,19445700,Honeywell,True,True
2026-03-16,HON,233.6529151795949,234.9554034708442,218.5698756245175,220.2303009033203,21786200,Honeywell,True,True
2026-03-23,HON,223.6605151217256,227.3393025616875,219.31557014617857,221.84100341796875,19628600,Honeywell,True,True
2026-03-30,HON,224.50564882619335,229.17870396386036,220.8467358152539,228.1347198486328,13521500,Honeywell,True,True
2026-04-06,HON,226.73279885341103,235.47242040231558,220.17064115875573,233.6926727294922,15765600,Honeywell,True,True
2026-04-13,HON,232.10185736170388,235.09459771630742,227.61770026620465,232.2112274169922,16324900,Honeywell,True,True
2026-04-20,HON,231.99248429965044,232.27087804199047,206.6386579454875,211.9480438232422,25209900,Honeywell,True,True
2026-04-27,HON,212.13696171668744,214.32434767024483,207.10596947210897,211.28189086914062,19031800,Honeywell,True,True
2026-05-04,HON,210.69527524857102,217.00886613967813,207.34458273058544,211.89833068847656,17079300,Honeywell,True,True
2026-05-11,HON,215.27999877929688,221.0399932861328,211.5,213.24000549316406,19240900,Honeywell,True,True
2026-05-18,HON,214.11000061035156,228.99000549316406,213.02000427246094,227.9199981689453,24782800,Honeywell,True,True
2026-05-25,HON,233.1300048828125,239.94000244140625,228.30999755859375,237.86000061035156,20994300,Honeywell,True,True
2026-06-01,HON,234.0,239.00999450683594,213.0,213.97000122070312,27573100,Honeywell,True,True
2026-06-08,HON,213.7899932861328,225.52000427246094,205.52000427246094,220.30999755859375,24233100,Honeywell,True,True
2026-06-15,HON,227.0,234.6999969482422,225.0500030517578,229.00999450683594,25147200,Honeywell,True,True
2026-06-22,HON,229.77999877929688,237.3699951171875,220.63999938964844,232.2100067138672,38263300,Honeywell,True,True
2026-06-29,HON,240.64999389648438,252.0,219.3300018310547,222.56500244140625,15742784,Honeywell,True,True
2024-01-01,IBM,151.20960158380223,151.63676564369385,147.34647753257624,147.801513671875,15322500,IBM,True,True
2024-01-08,IBM,147.36507203287897,154.13481410359844,146.62216129159052,153.96766662597656,17643200,IBM,True,True
2024-01-15,IBM,153.9676701104947,159.33517872876675,153.2618985138683,159.2423095703125,19864200,IBM,True,True
2024-01-22,IBM,160.4866927743895,182.8482090529104,160.0966536407175,174.0447540283203,57499400,IBM,True,True
2024-01-29,IBM,174.08188420662816,175.93915378917268,169.67086894808494,172.5310516357422,28283900,IBM,True,True
2024-02-05,IBM,173.84161965547355,175.40657677426873,170.07448353436186,174.61941528320312,22784200,IBM,True,True
2024-02-12,IBM,174.20710057106086,177.0652619794764,170.7960529079599,175.83766174316406,21745000,IBM,True,True
2024-02-19,IBM,175.83765407034383,176.8965829145567,167.50682566250273,174.03842163085938,17483100,IBM,True,True
2024-02-26,IBM,173.92598748933136,176.53112766717527,171.13341563328788,176.36244201660156,21955400,IBM,True,True
2024-03-04,IBM,175.95012331352262,186.23012503914015,175.80019798269336,183.62498474121094,29085300,IBM,True,True
2024-03-11,IBM,182.8190776101524,186.65181825271728,178.70520373558108,179.05194091796875,27536300,IBM,True,True
2024-03-18,IBM,179.64230289326292,181.77889255328938,178.0585995270525,178.83639526367188,23968500,IBM,True,True
2024-03-25,IBM,178.29285505296895,179.85781221722343,176.6435622191565,178.94883728027344,15383300,IBM,True,True
2024-04-01,IBM,178.04922423732071,181.12291496444266,175.55653166623122,177.24331665039062,12882200,IBM,True,True
2024-04-08,IBM,177.33703151470678,179.2205997289131,170.26191478324975,170.80543518066406,14963300,IBM,True,True
2024-04-15,IBM,173.89786747595093,175.68771980731876,168.83751268051248,170.15882873535156,16929500,IBM,True,True
2024-04-22,IBM,170.9741039035087,173.06383548806338,155.24018170751745,156.6177215576172,42329300,IBM,True,True
2024-04-29,IBM,156.8706911358418,157.63912076772215,152.39134980085666,155.28700256347656,22514000,IBM,True,True
2024-05-06,IBM,157.57620389248393,161.1346763311854,156.9894382648666,158.1913604736328,17421600,IBM,True,True
2024-05-13,IBM,158.52259998826455,160.5384442390773,157.55726429113233,159.97059631347656,15933400,IBM,True,True
2024-05-20,IBM,159.94222411160123,166.05599832220355,159.35545844307282,161.73092651367188,18409700,IBM,True,True
2024-05-27,IBM,161.3050410963202,161.9201976950231,155.058771203608,157.90745544433594,15583500,IBM,True,True
2024-06-03,IBM,157.61406457991137,162.12841423617925,154.7653946645084,160.89808654785156,14102300,IBM,True,True
2024-06-10,IBM,160.46274974335236,163.22624680617156,157.86959841435603,160.14097595214844,16217400,IBM,True,True
2024-06-17,IBM,159.71506158875292,165.58277528707794,158.52259828695634,163.21676635742188,21530800,IBM,True,True
2024-06-24,IBM,165.62064188199324,168.89520492694575,161.27665251217925,163.68051147460938,18800800,IBM,True,True
2024-07-01,IBM,164.1537038002989,168.44091101226738,164.0874630566894,166.58596801757812,9939300,IBM,True,True
2024-07-08,IBM,166.95506584259087,174.28969388759893,165.10010839588966,173.03097534179688,16070300,IBM,True,True
2024-07-15,IBM,173.55148862140686,179.3150828083263,172.1981240277932,173.42845153808594,17829300,IBM,True,True
2024-07-22,IBM,173.5704095205013,185.74116004752955,173.0593579450836,181.47288513183594,25458500,IBM,True,True
2024-07-29,IBM,182.82623717765938,184.12281990584347,175.7471424224064,178.9838409423828,20594400,IBM,True,True
2024-08-05,IBM,176.18638831149931,184.1388830986714,173.57055702560734,182.773681640625,18895800,IBM,True,True
2024-08-12,IBM,182.58276582050127,185.54228314567942,180.43473328143656,184.99810791015625,11330700,IBM,True,True
2024-08-19,IBM,185.05537834005918,188.95047892166383,184.94082127118995,187.2129669189453,11022600,IBM,True,True
2024-08-26,IBM,187.1174814249367,193.00786161763833,187.0220074952583,192.9696807861328,15570100,IBM,True,True
2024-09-02,IBM,192.75967539798523,196.61658085249758,190.30613783866806,191.6427001953125,13550900,IBM,True,True
2024-09-09,IBM,192.78828147901976,206.29701166254728,192.30138485099337,205.05592346191406,21517500,IBM,True,True
2024-09-16,IBM,206.0965790037594,208.92242715538936,200.83627634817506,207.83409118652344,28532500,IBM,True,True
2024-09-23,IBM,208.12046594444678,213.991748491657,207.42355286668126,210.83175659179688,16300000,IBM,True,True
2024-09-30,IBM,210.65036981949476,215.83429554430873,206.02017542419324,215.75791931152344,17777300,IBM,True,True
2024-10-07,IBM,215.16602679272617,225.14244118014489,214.8223410207227,222.68890380859375,18397900,IBM,True,True
2024-10-14,IBM,222.9848792347618,226.61265588646398,219.7389546420835,221.6769561767578,18477500,IBM,True,True
2024-10-21,IBM,220.7318081856545,222.76526888145048,204.67406620839915,204.94137573242188,31380700,IBM,True,True
2024-10-28,IBM,205.73378567735688,206.44979653238246,194.2871535641274,198.81234741210938,26467700,IBM,True,True
2024-11-04,IBM,198.2395328353273,206.87940006322194,196.25380888392067,204.03445434570312,15846600,IBM,True,True
2024-11-11,IBM,206.29673868816695,207.268575099656,196.35717431681786,197.24240112304688,19438000,IBM,True,True
2024-11-18,IBM,199.17644606058815,218.61298520351377,197.60804712522582,214.54286193847656,21386600,IBM,True,True
2024-11-25,IBM,214.90849816614195,221.6535501045726,214.23494290310188,218.81504821777344,17274200,IBM,True,True
2024-12-02,IBM,218.9016395891101,229.3704347872867,216.98684633528615,229.04327392578125,18743400,IBM,True,True
2024-12-09,IBM,229.00480134223395,230.30378402940372,219.19031279255498,222.09617614746094,20885700,IBM,True,True
2024-12-16,IBM,222.00955212167807,222.29821655365134,211.7139617165722,214.91810607910156,28264500,IBM,True,True
2024-12-23,IBM,214.38889610368653,216.88100355791755,212.72428554601328,214.3600311279297,9271600,IBM,True,True
2024-12-30,IBM,212.20470153126698,215.20679135970715,209.37583093370785,214.23495483398438,10817400,IBM,True,True
2025-01-06,IBM,214.5717158225345,218.1415028463354,208.60604773608244,211.44454956054688,12336100,IBM,True,True
2025-01-13,IBM,209.65484360017274,217.41984487673759,206.49881242385197,216.29405212402344,18989800,IBM,True,True
2025-01-20,IBM,216.4865322569192,218.853548597597,212.02190114880656,216.3037109375,15594300,IBM,True,True
2025-01-27,IBM,213.79232853096588,251.9052539926827,211.53114093741033,246.0358123779297,39045300,IBM,True,True
2025-02-03,IBM,242.86054062088022,255.6771185054287,242.32170816004336,242.8028106689453,30149900,IBM,True,True
2025-02-10,IBM,242.98687780244435,253.71913900161078,239.12209674990643,253.07984924316406,19898100,IBM,True,True
2025-02-17,IBM,253.7094187543448,256.770246894663,251.6753205494744,253.2735595703125,18534200,IBM,True,True
2025-02-24,IBM,253.29294187927061,255.5691941140458,238.80244814661646,244.5172882080078,25541400,IBM,True,True
2025-03-03,IBM,246.7451074760019,253.73849749614743,237.4851312679839,253.33169555664062,22284200,IBM,True,True
2025-03-10,IBM,253.351034332127,258.087577689845,234.09495600745888,240.55563354492188,25552500,IBM,True,True
2025-03-17,IBM,241.4273878688276,246.6385434378505,229.77494581726958,236.2162322998047,27866300,IBM,True,True
2025-03-24,IBM,239.5482623037905,246.33826543615564,234.47272727680087,236.34214782714844,18351800,IBM,True,True
2025-03-31,IBM,235.12171835128535,244.85629174594072,219.75947680818993,220.34063720703125,28005400,IBM,True,True
2025-04-07,IBM,212.35926315574838,230.12366751175452,207.76802045978928,228.08956909179688,31932700,IBM,True,True
2025-04-14,IBM,232.24492553270073,235.66413681442856,228.48669293888832,231.31504821777344,16190300,IBM,True,True
2025-04-21,IBM,230.59827240228228,241.51455717815566,217.39603994075753,225.11590576171875,39218100,IBM,True,True
2025-04-28,IBM,225.55177451131266,237.97911141929484,224.78657487602865,237.843505859375,20198200,IBM,True,True
2025-05-05,IBM,237.66138915445902,250.1226534869576,237.5638770967344,242.98521423339844,16976400,IBM,True,True
2025-05-12,IBM,246.20289057831016,261.2968448397675,238.54865614764512,260.1072692871094,20439800,IBM,True,True
2025-05-19,IBM,258.8299774663415,262.5644483369729,249.4108689161768,252.1800537109375,15204300,IBM,True,True
2025-05-26,IBM,254.4909403221486,258.3911846182735,250.36642126665564,252.5993194580078,17566500,IBM,True,True
2025-06-02,IBM,251.41953952279445,263.4323007989335,250.80524619805337,262.1647033691406,13068800,IBM,True,True
2025-06-09,IBM,261.41390445024615,276.00081115588915,260.0585551469314,270.30645751953125,20812800,IBM,True,True
2025-06-16,IBM,272.34428579265585,279.7547553511169,270.2869213637879,273.962890625,17966000,IBM,True,True
2025-06-23,IBM,274.62593014929723,288.7740750621805,273.22183990090974,282.4751892089844,19051200,IBM,True,True
2025-06-30,IBM,283.6744659104795,287.7502134087218,279.7449715987296,284.68853759765625,11879000,IBM,True,True
2025-07-07,IBM,285.2053447569522,288.23777020782893,275.1719586557336,276.5175476074219,17663200,IBM,True,True
2025-07-14,IBM,275.7765284660016,279.9985598556275,272.890355830407,278.74072265625,16341400,IBM,True,True
2025-07-21,IBM,279.1502214901461,280.89555925214177,246.44666728061378,253.2428436279297,46388300,IBM,True,True
2025-07-28,IBM,253.80838706447565,259.17122300115994,239.4847523058627,243.81402587890625,29960600,IBM,True,True
2025-08-04,IBM,246.4441275716521,250.32165611173158,237.21657518257962,237.82521057128906,27875400,IBM,True,True
2025-08-11,IBM,237.7957775340826,238.68907094147832,229.07868862337233,235.32200622558594,32739400,IBM,True,True
2025-08-18,IBM,235.17475753414377,239.20933940571547,234.27162305077425,237.6485137939453,16264800,IBM,True,True
2025-08-25,IBM,238.11970768418144,241.44751260374719,235.03730117210753,239.0228271484375,18386700,IBM,True,True
2025-09-01,IBM,236.48033089782064,244.70659232506,233.87895501822175,243.97035217285156,14545300,IBM,True,True
2025-09-08,IBM,244.06853192755221,255.877823177565,242.4880690805351,248.790283203125,24066100,IBM,True,True
2025-09-15,IBM,249.3596508637485,262.95554419269587,249.340013597735,261.51251220703125,25569600,IBM,True,True
2025-09-22,IBM,261.7284498758597,283.5506178404856,261.1198295025799,279.0939025878906,34154600,IBM,True,True
2025-09-29,IBM,280.7529230711921,287.93863444593666,274.5292429868444,283.0794372558594,24519600,IBM,True,True
2025-10-06,IBM,283.3150120032616,295.5169881959344,272.408855622706,272.7229919433594,24789900,IBM,True,True
2025-10-13,IBM,274.6568222902715,280.2129843136079,267.5496310671518,276.1194763183594,19005200,IBM,True,True
2025-10-20,IBM,276.09005293776613,305.0488318236829,258.72459974481654,301.8191833496094,51704400,IBM,True,True
2025-10-27,IBM,302.1529403773986,313.49105646690236,296.09615495726416,301.7701110839844,32440700,IBM,True,True
2025-11-03,IBM,302.34930723365596,309.65281237643484,290.56946409468236,300.759033203125,27175000,IBM,True,True
2025-11-10,IBM,302.8516260777287,320.69776779653813,293.74099518927125,301.7362365722656,22302500,IBM,True,True
2025-11-17,IBM,301.6375082453941,302.0422089374724,284.3441220288918,293.5929260253906,23675400,IBM,True,True
2025-11-24,IBM,295.31042157424935,305.18108234046827,293.2178463114695,304.5888366699219,12761300,IBM,True,True
2025-12-01,IBM,302.54562557628304,307.79679408541966,295.04391754811815,303.9571228027344,16688300,IBM,True,True
2025-12-08,IBM,305.6153853285044,311.27128463455676,299.40673144473857,305.24029541015625,15686100,IBM,True,True
2025-12-15,IBM,304.9935369831309,307.33287876205225,291.8754505301908,297.087158203125,26507300,IBM,True,True
2025-12-22,IBM,297.1364660110199,301.79541856715923,294.4615256823241,301.1439514160156,9560400,IBM,True,True
2025-12-29,IBM,300.70967997729105,305.9904896129261,285.26210160688925,287.7297668457031,14641100,IBM,True,True
2026-01-05,IBM,291.9445272736996,303.0292903343983,290.44419765764394,300.2852478027344,17232700,IBM,True,True
2026-01-12,IBM,298.7058919704904,308.76409637718547,293.19807724196755,301.7164611816406,23314100,IBM,True,True
2026-01-19,IBM,297.452354732251,297.69912124022153,286.04187381352284,288.6575927734375,19429100,IBM,True,True
2026-01-26,IBM,289.368272220366,315.76240742521094,287.4928528446431,302.733154296875,28537700,IBM,True,True
2026-02-02,IBM,303.5326722130835,312.54458952111116,275.351920125899,295.0636291503906,34032800,IBM,True,True
2026-02-09,IBM,293.74803569707063,295.54480911085665,254.76495978935756,260.4630126953125,35501300,IBM,True,True
2026-02-16,IBM,257.3062470383979,259.2022655515873,251.6578017024852,255.28114318847656,18536200,IBM,True,True
2026-02-23,IBM,252.51151939855714,253.32553559280612,219.1073787779667,238.45498657226562,55457700,IBM,True,True
2026-03-02,IBM,233.97793025676853,258.47762160177706,232.07195994076017,256.95880126953125,35394700,IBM,True,True
2026-03-09,IBM,253.51414073610948,256.1943957479262,242.92209999001707,244.48062133789062,24959200,IBM,True,True
2026-03-16,IBM,246.05900894610807,256.3929551061222,240.0035858154297,240.0035858154297,32254900,IBM,True,True
2026-03-23,IBM,244.69902344781494,249.51359447112617,232.04217740741072,234.61325073242188,21791900,IBM,True,True
2026-03-30,IBM,236.06258509248912,246.3965310292558,234.40478828928576,246.34689331054688,16212500,IBM,True,True
2026-04-06,IBM,246.32702741160188,248.173438399184,228.82583168855396,229.07400512695312,21451600,IBM,True,True
2026-04-13,IBM,231.92304726737754,253.78215288785026,230.00714043999773,251.6180877685547,23495400,IBM,True,True
2026-04-20,IBM,253.13690991164202,256.6113380868999,220.10998413016011,230.28509521484375,55047500,IBM,True,True
2026-04-27,IBM,228.26993324242247,234.22609596315004,223.25682658968245,230.5034942626953,29532700,IBM,True,True
2026-05-04,IBM,232.0,234.08999633789062,224.3800048828125,229.75999450683594,26716500,IBM,True,True
2026-05-11,IBM,228.66000366210938,230.22999572753906,212.33999633789062,219.3000030517578,33144300,IBM,True,True
2026-05-18,IBM,218.5500030517578,264.3800048828125,216.77999877929688,253.83999633789062,61538300,IBM,True,True
2026-05-25,IBM,254.5500030517578,301.0,245.4499969482422,297.79998779296875,59445500,IBM,True,True
2026-06-01,IBM,322.54998779296875,332.4599914550781,281.07000732421875,284.8399963378906,86135100,IBM,True,True
2026-06-08,IBM,286.44000244140625,290.5,266.5,272.239990234375,34602800,IBM,True,True
2026-06-15,IBM,272.0,276.6199951171875,243.67999267578125,249.10000610351562,34253100,IBM,True,True
2026-06-22,IBM,248.42999267578125,273.1400146484375,243.80999755859375,271.6300048828125,51692000,IBM,True,True
2026-06-29,IBM,274.29998779296875,294.4599914550781,269.05999755859375,292.739990234375,17445473,IBM,True,True
2024-01-01,JNJ,145.97616262879532,150.67367171670008,145.84593530052751,149.8830108642578,30223200,Johnson & Johnson,True,True
2024-01-08,JNJ,149.85510293899384,151.88293046511782,148.46910096445453,151.0550537109375,27314800,Johnson & Johnson,True,True
2024-01-15,JNJ,150.2923145010805,150.92484324066191,148.54353519611806,150.39462280273438,24435100,Johnson & Johnson,True,True
2024-01-22,JNJ,150.6923045573937,152.16202132977972,145.95759296266883,148.36680603027344,34292700,Johnson & Johnson,True,True
2024-01-29,JNJ,147.91098521012432,149.4086066470948,145.0552807470602,145.6785125732422,38248400,Johnson & Johnson,True,True
2024-02-05,JNJ,145.6785147212104,148.24585971085077,144.46925277768798,145.8180389404297,43326000,Johnson & Johnson,True,True
2024-02-12,JNJ,146.75649501356872,148.53728720627848,145.12565388127243,146.72837829589844,40424800,Johnson & Johnson,True,True
2024-02-19,JNJ,146.7377354774362,152.07075851098955,146.62526861464227,151.6864776611328,31765200,Johnson & Johnson,True,True
2024-02-26,JNJ,151.64901239431092,152.37070822407398,149.6245228025388,151.9489288330078,32134300,Johnson & Johnson,True,True
2024-03-04,JNJ,151.19909822450828,151.47089788582565,148.31232982479355,149.51202392578125,33077500,Johnson & Johnson,True,True
2024-03-11,JNJ,149.48394419382723,152.87682857179394,147.24388824624123,148.25611877441406,39053300,Johnson & Johnson,True,True
2024-03-18,JNJ,148.6216620457565,148.73412892429627,145.36936132745456,145.49119567871094,33589600,Johnson & Johnson,True,True
2024-03-25,JNJ,145.65050352303635,149.15586841784534,145.05065643797903,148.26547241210938,29005300,Johnson & Johnson,True,True
2024-04-01,JNJ,147.82496932535295,148.22798513574813,142.09829771862874,142.82936096191406,32295600,Johnson & Johnson,True,True
2024-04-08,JNJ,142.4544705328988,143.4385842884582,137.91811113781276,138.26490783691406,34354800,Johnson & Johnson,True,True
2024-04-15,JNJ,139.06157996583838,140.11132329391774,134.15033547585767,138.6304473876953,50293800,Johnson & Johnson,True,True
2024-04-22,JNJ,139.1927723948387,141.0485614242199,136.79338399887266,136.97146606445312,43811100,Johnson & Johnson,True,True
2024-04-29,JNJ,136.9714559558288,142.7731095093432,135.4624636976473,139.90509033203125,44430700,Johnson & Johnson,True,True
2024-05-06,JNJ,140.46744536042823,140.68302590828293,138.63041992776698,140.50494384765625,32368200,Johnson & Johnson,True,True
2024-05-13,JNJ,140.62676117174993,145.14437013709,140.31747734767387,144.93817138671875,33543500,Johnson & Johnson,True,True
2024-05-20,JNJ,144.65476374315315,145.58070133155934,138.66447737421296,138.86289978027344,37365500,Johnson & Johnson,True,True
2024-05-27,JNJ,138.69279797163847,139.34473865958,135.78270889908214,138.5794219970703,41875100,Johnson & Johnson,True,True
2024-06-03,JNJ,139.1274481833503,140.68642570685438,136.6803202967972,138.96682739257812,32224800,Johnson & Johnson,True,True
2024-06-10,JNJ,138.44714430282355,139.42032652364531,135.943328767134,137.51174926757812,28507300,Johnson & Johnson,True,True
2024-06-17,JNJ,137.02045027455708,140.8564913530482,136.75589671170167,140.54469299316406,36745200,Johnson & Johnson,True,True
2024-06-24,JNJ,140.78090191801803,141.4611866242775,136.85037126342732,138.09756469726562,34329900,Johnson & Johnson,True,True
2024-07-01,JNJ,138.01252961957854,140.4974444048504,136.52912665201552,138.39990234375,18771100,Johnson & Johnson,True,True
2024-07-08,JNJ,138.3243032303531,142.55718864007747,137.17159950200963,141.6123504638672,28930600,Johnson & Johnson,True,True
2024-07-15,JNJ,141.8013381825465,148.80259366232394,140.65807746064579,146.15704345703125,44546600,Johnson & Johnson,True,True
2024-07-22,JNJ,146.2326129468191,152.66695881271127,143.20913357584539,151.77880859375,38647200,Johnson & Johnson,True,True
2024-07-29,JNJ,151.14579537594375,155.7566112403105,149.01046584744228,155.0857696533203,38957700,Johnson & Johnson,True,True
2024-08-05,JNJ,154.75508491661935,156.63531864091743,149.3128205808034,151.75994873046875,35306300,Johnson & Johnson,True,True
2024-08-12,JNJ,152.090624586766,152.7803525193319,147.81050817690206,150.5977783203125,34708600,Johnson & Johnson,True,True
2024-08-19,JNJ,150.66393105678827,155.16135645509195,150.3521326682942,155.07632446289062,30348400,Johnson & Johnson,True,True
2024-08-26,JNJ,156.29141576758968,158.01455083565116,154.37788168302947,157.9003143310547,31807400,Johnson & Johnson,True,True
2024-09-02,JNJ,157.3100924714235,160.74684816591414,156.24383169947552,156.49136352539062,24512900,Johnson & Johnson,True,True
2024-09-09,JNJ,156.92928596314064,160.37557118579193,154.9015150444752,157.57666015625,28252300,Johnson & Johnson,True,True
2024-09-16,JNJ,158.37633989577222,160.2708444955768,155.70119486804106,156.28192138671875,31772200,Johnson & Johnson,True,True
2024-09-23,JNJ,156.51040251800762,156.60560930691628,152.34060954640785,153.6543731689453,29809000,Johnson & Johnson,True,True
2024-09-30,JNJ,153.81621149134324,154.93957594482123,151.16009634029794,152.59762573242188,25224700,Johnson & Johnson,True,True
2024-10-07,JNJ,152.55959416404738,154.85394162504753,151.32197832636754,153.71153259277344,25126900,Johnson & Johnson,True,True
2024-10-14,JNJ,153.6543690965212,158.74762711129824,151.3695514884343,157.1958465576172,33200100,Johnson & Johnson,True,True
2024-10-21,JNJ,157.17681455751153,158.03361751657337,152.90228557706573,153.15933227539062,30991300,Johnson & Johnson,True,True
2024-10-28,JNJ,153.39733752029724,154.38742128059863,151.3981112105236,152.44532775878906,29750200,Johnson & Johnson,True,True
2024-11-04,JNJ,152.03595408193053,153.13077400970812,147.9518386484552,148.0089569091797,36566600,Johnson & Johnson,True,True
2024-11-11,JNJ,148.15176358953264,150.01770922902506,143.52499528172237,146.60951232910156,40535000,Johnson & Johnson,True,True
2024-11-18,JNJ,145.26717113989304,149.57977434933565,144.5246046618775,147.72335815429688,43212700,Johnson & Johnson,True,True
2024-11-25,JNJ,148.90865897175058,150.7031970169269,146.97977071960503,148.75511169433594,27767900,Johnson & Johnson,True,True
2024-12-02,JNJ,148.50561629934248,148.74552844199084,142.392659590446,143.28512573242188,42241700,Johnson & Johnson,True,True
2024-12-09,JNJ,143.26593434436776,144.80137797545908,139.1874277575494,140.70367431640625,45756900,Johnson & Johnson,True,True
2024-12-16,JNJ,140.80922707856564,141.3082484226318,136.9898299648943,138.6404266357422,55631000,Johnson & Johnson,True,True
2024-12-23,JNJ,138.7939860756375,140.68449504863244,137.6615930775691,139.19703674316406,22129500,Johnson & Johnson,True,True
2024-12-30,JNJ,138.99546969965732,139.8879503193644,137.18173482297723,138.3717041015625,24010200,Johnson & Johnson,True,True
2025-01-06,JNJ,137.7191546701648,141.2410630027871,135.00334758490075,136.32766723632812,36329600,Johnson & Johnson,True,True
2025-01-13,JNJ,137.21054271732496,142.39265356509358,136.56757995940333,141.0971221923828,46229800,Johnson & Johnson,True,True
2025-01-20,JNJ,141.6057298814824,142.85327585625933,136.37564850118665,140.89559936523438,48340100,Johnson & Johnson,True,True
2025-01-27,JNJ,142.45981678700508,147.92021909070445,142.02797789095146,146.01051330566406,49998100,Johnson & Johnson,True,True
2025-02-03,JNJ,145.86657408285825,148.591972347437,144.69580172469463,146.94137573242188,38902500,Johnson & Johnson,True,True
2025-02-10,JNJ,147.41160511366007,151.74922038790393,146.14486207836475,149.84910583496094,39353200,Johnson & Johnson,True,True
2025-02-17,JNJ,149.1042488891868,158.16812646525884,148.23365777415162,156.99766540527344,37416300,Johnson & Johnson,True,True
2025-02-24,JNJ,157.36526612384895,160.99275428793152,156.44630540767213,159.6288299560547,54303800,Johnson & Johnson,True,True
2025-03-03,JNJ,159.57078569328814,164.43645509545365,158.1681451881736,161.2442626953125,47611500,Johnson & Johnson,True,True
2025-03-10,JNJ,162.00844240784244,164.34937949873222,155.83688635378243,157.4910125732422,46982500,Johnson & Johnson,True,True
2025-03-17,JNJ,157.10409673232877,159.47405270099765,156.44630454020648,158.28424072265625,44488000,Johnson & Johnson,True,True
2025-03-24,JNJ,157.5200611687373,159.14518373425472,155.31454928433348,158.3616485595703,35238900,Johnson & Johnson,True,True
2025-03-31,JNJ,159.0000473083408,161.18622282897337,147.93378835947183,148.23367309570312,75992400,Johnson & Johnson,True,True
2025-04-07,JNJ,146.33769939311395,148.5722296089787,136.8772119990221,146.7729949951172,72649500,Johnson & Johnson,True,True
2025-04-14,JNJ,146.63756433622544,154.23111142279075,146.23128747094643,152.32546997070312,40501000,Johnson & Johnson,True,True
2025-04-21,JNJ,152.79947250206453,153.53463808077555,147.4694740854792,149.52989196777344,39475100,Johnson & Johnson,True,True
2025-04-28,JNJ,150.4198522598881,153.03164095478675,148.3497661375269,151.01959228515625,33960400,Johnson & Johnson,True,True
2025-05-05,JNJ,151.55161178286824,152.78012519776615,148.66897208865186,149.18165588378906,36087900,Johnson & Johnson,True,True
2025-05-12,JNJ,147.05353806656956,150.28441732464347,141.3462811495581,146.38607788085938,45786400,Johnson & Johnson,True,True
2025-05-19,JNJ,146.92776664092554,149.3847785726793,146.11521290856152,147.94346618652344,41286200,Johnson & Johnson,True,True
2025-05-26,JNJ,148.8020243803809,151.9142641375451,147.86541974859105,151.42645263671875,37790300,Johnson & Johnson,True,True
2025-06-02,JNJ,150.7142283774866,152.22644691962358,148.58737750303146,151.25082397460938,32549900,Johnson & Johnson,True,True
2025-06-09,JNJ,151.07523389927357,153.82648313457608,150.68497575065982,153.2703857421875,31789600,Johnson & Johnson,True,True
2025-06-16,JNJ,152.6069504254229,152.68500205314712,145.40684780124104,146.13856506347656,44361800,Johnson & Johnson,True,True
2025-06-23,JNJ,146.08980556633907,149.59228885568456,146.08980556633907,148.69471740722656,41263500,Johnson & Johnson,True,True
2025-06-30,JNJ,148.45080005896415,153.90452908574116,147.82640193104655,152.20693969726562,28962500,Johnson & Johnson,True,True
2025-07-07,JNJ,152.21671815440726,155.3582256845101,150.45084274938228,153.07525634765625,33461400,Johnson & Johnson,True,True
2025-07-14,JNJ,153.04596617479385,162.07047838988814,151.02643442564587,159.70947265625,60281900,Johnson & Johnson,True,True
2025-07-21,JNJ,159.77778608984698,165.84616246276747,158.81191394117573,164.19735717773438,41051400,Johnson & Johnson,True,True
2025-07-28,JNJ,163.76807079958039,164.6656421371205,160.22655468800116,163.25099182128906,41831200,Johnson & Johnson,True,True
2025-08-04,JNJ,162.95832315669506,169.71939889598403,162.57783074794386,169.10475158691406,46573400,Johnson & Johnson,True,True
2025-08-11,JNJ,169.17302154400232,172.94869266139256,167.62178455327077,172.33404541015625,38771500,Johnson & Johnson,True,True
2025-08-18,JNJ,172.19745209106867,176.74385864829407,171.69012398458568,174.91943359375,45971800,Johnson & Johnson,True,True
2025-08-25,JNJ,176.42940642935807,177.15665706832394,171.6235927639005,174.11985778808594,34692200,Johnson & Johnson,True,True
2025-09-01,JNJ,174.4147051648009,176.41957824245722,173.49088565984593,175.35816955566406,33749300,Johnson & Johnson,True,True
2025-09-08,JNJ,174.306591471307,176.36060667536404,171.32875679852884,174.99453735351562,34292500,Johnson & Johnson,True,True
2025-09-15,JNJ,174.69971696229018,175.90855234602307,170.34599008042846,173.15675354003906,53264200,Johnson & Johnson,True,True
2025-09-22,JNJ,173.05846100731472,176.81270373725064,171.12237499148435,176.61614990234375,39330500,Johnson & Johnson,True,True
2025-09-29,JNJ,176.73408390417677,186.51278366279104,176.7046015779615,185.3924102783203,49633100,Johnson & Johnson,True,True
2025-10-06,JNJ,184.7634105249481,188.79283132738774,179.79052538572634,187.43658447265625,37416900,Johnson & Johnson,True,True
2025-10-13,JNJ,186.5619170184085,191.05323278652543,182.67992262462047,189.8935546875,49442000,Johnson & Johnson,True,True
2025-10-20,JNJ,190.16873776952718,191.13186206164931,186.158976537956,187.12210083007812,36879700,Johnson & Johnson,True,True
2025-10-27,JNJ,186.7191671726246,187.51521993950513,181.48092582229785,185.61843872070312,41870800,Johnson & Johnson,True,True
2025-11-03,JNJ,185.74619033271472,185.77567265530215,182.1786793386852,183.3580322265625,33528000,Johnson & Johnson,True,True
2025-11-10,JNJ,182.7978601714517,193.78538026750178,181.933005281567,192.55690002441406,39048800,Johnson & Johnson,True,True
2025-11-17,JNJ,193.56916966078632,203.3773511207127,192.52740588186512,200.38967895507812,64218100,Johnson & Johnson,True,True
2025-11-24,JNJ,201.47410583956196,205.52909559051682,200.77189208912307,204.64886474609375,37446500,Johnson & Johnson,True,True
2025-12-01,JNJ,204.2334702868831,205.4202961516442,198.6059209186059,199.713623046875,42065800,Johnson & Johnson,True,True
2025-12-08,JNJ,200.4356277837646,209.9401499910654,197.71581150800677,209.25772094726562,42826600,Johnson & Johnson,True,True
2025-12-15,JNJ,208.04123106436964,212.8281042151424,203.76863959367918,204.1049041748047,59178200,Johnson & Johnson,True,True
2025-12-22,JNJ,203.86753810121257,205.79613203574928,201.04881344136754,205.35107421875,19928300,Johnson & Johnson,True,True
2025-12-29,JNJ,205.71700205094015,207.170868609278,201.44441091836137,205.0741424560547,18695600,Johnson & Johnson,True,True
2026-01-05,JNJ,203.61038841812265,206.68625399967,198.70483729036283,202.14663696289062,37842900,Johnson & Johnson,True,True
2026-01-12,JNJ,203.29388908062194,217.69407630876594,201.6125512752106,216.25999450683594,53546300,Johnson & Johnson,True,True
2026-01-19,JNJ,214.7072284965406,219.73147250733078,208.18956359544316,217.7237548828125,48930600,Johnson & Johnson,True,True
2026-01-26,JNJ,217.7929843809431,227.47552282083677,217.5852826981917,224.75570678710938,44728100,Johnson & Johnson,True,True
2026-02-02,JNJ,225.81397219865244,238.29545054099052,224.7557092501042,237.3558807373047,44717000,Johnson & Johnson,True,True
2026-02-09,JNJ,237.61303429971497,243.64608720087264,234.43826037503467,240.7779083251953,46428500,Johnson & Johnson,True,True
2026-02-16,JNJ,241.45044426018427,244.249384110668,237.6426956610537,239.8284454345703,41952400,Johnson & Johnson,True,True
2026-02-23,JNJ,242.23688924261282,247.51652337921405,240.63609487527756,247.00942993164062,48168400,Johnson & Johnson,True,True
2026-03-02,JNJ,247.76509059328987,250.27068504228296,234.08376296078876,239.0253448486328,37544300,Johnson & Johnson,True,True
2026-03-09,JNJ,239.4926542550355,244.1856656028509,238.66739853375267,240.13894653320312,36116800,Johnson & Johnson,True,True
2026-03-16,JNJ,242.5252215462577,243.65870222276047,233.1590885516746,234.02410888671875,46332900,Johnson & Johnson,True,True
2026-03-23,JNJ,236.04249543108742,241.2923021698431,230.9120128260782,239.07505798339844,35605300,Johnson & Johnson,True,True
2026-03-30,JNJ,242.09769226404933,245.7964219467219,239.13472143799706,241.65025329589844,27988800,Johnson & Johnson,True,True
2026-04-06,JNJ,241.26247891079532,242.80361877476713,232.56251293688294,237.09645080566406,33025600,Johnson & Johnson,True,True
2026-04-13,JNJ,236.3507406859354,240.80511904009626,230.71314935408492,232.84091186523438,42061000,Johnson & Johnson,True,True
2026-04-20,JNJ,233.46730954738356,233.91473332789963,222.50038238888055,226.19911193847656,41660200,Johnson & Johnson,True,True
2026-04-27,JNJ,224.47900606506116,229.83818435616575,223.06712773070825,225.89088439941406,37169500,Johnson & Johnson,True,True
2026-05-04,JNJ,224.22048667968122,225.77157905545397,219.36840173824345,220.05445861816406,34574500,Johnson & Johnson,True,True
2026-05-11,JNJ,220.0544569183402,230.81257818629632,219.10987706398566,225.41363525390625,41461600,Johnson & Johnson,True,True
2026-05-18,JNJ,225.41363996680235,234.15337056198368,224.5684943441423,233.0,37874600,Johnson & Johnson,True,True
2026-05-25,JNJ,233.0,233.24000549316406,224.58999633789062,225.3300018310547,33546200,Johnson & Johnson,True,True
2026-06-01,JNJ,223.1999969482422,235.22000122070312,220.83999633789062,232.77000427246094,35526900,Johnson & Johnson,True,True
2026-06-08,JNJ,232.77000427246094,241.60000610351562,230.41000366210938,240.8699951171875,38123500,Johnson & Johnson,True,True
2026-06-15,JNJ,239.0,239.5,227.60000610351562,228.38999938964844,42987900,Johnson & Johnson,True,True
2026-06-22,JNJ,228.9499969482422,255.11000061035156,227.5,254.66000366210938,54906700,Johnson & Johnson,True,True
2026-06-29,JNJ,253.19000244140625,259.8999938964844,251.0749969482422,253.18099975585938,18452030,Johnson & Johnson,True,True
2024-01-01,JPM,161.16465840207715,165.25359196797962,160.99310207860788,164.19561767578125,41868200,JPMorgan Chase,True,True
2024-01-08,JPM,163.95735237723767,168.04627182521298,160.73576978309754,161.12655639648438,62179700,JPMorgan Chase,True,True
2024-01-15,JPM,157.1424425105524,162.5752918286845,156.59916630489963,162.3274688720703,50811900,JPMorgan Chase,True,True
2024-01-22,JPM,162.47045113779845,164.9485789616812,160.5451255920949,164.20513916015625,47481900,JPMorgan Chase,True,True
2024-01-29,JPM,164.16700048724573,169.9429618808016,163.27105659305863,166.540283203125,47277500,JPMorgan Chase,True,True
2024-02-05,JPM,165.71108166624194,167.62686656617112,164.81513768379918,166.8071746826172,34167500,JPMorgan Chase,True,True
2024-02-12,JPM,166.58794838866916,171.76344837649393,164.52918548046483,170.6387481689453,40869600,JPMorgan Chase,True,True
2024-02-19,JPM,170.7912482457538,176.51955032615737,170.04780852628707,175.36627197265625,33094300,JPMorgan Chase,True,True
2024-02-26,JPM,175.1375186164398,177.70143890302512,173.6982985290836,176.60533142089844,34948900,JPMorgan Chase,True,True
2024-03-04,JPM,176.05251644402588,181.57112859911476,175.63313723209674,179.3979949951172,35044800,JPMorgan Chase,True,True
2024-03-11,JPM,178.5020538690218,182.74347633885108,177.49173913953425,181.38050842285156,46791600,JPMorgan Chase,True,True
2024-03-18,JPM,181.69507590431957,191.083392477514,180.98975485933133,187.40431213378906,46172100,JPMorgan Chase,True,True
2024-03-25,JPM,187.3852586055976,191.3121473467988,184.9643016204793,190.91183471679688,31935600,JPMorgan Chase,True,True
2024-04-01,JPM,191.72824571338066,192.63899746755152,187.0498380452217,189.2931671142578,39453200,JPMorgan Chase,True,True
2024-04-08,JPM,189.45613026473475,190.75994799148904,174.99909726257042,175.23876953125,64703900,JPMorgan Chase,True,True
2024-04-15,JPM,176.87815183710316,179.71587821636734,171.79709631121736,178.12445068359375,63195500,JPMorgan Chase,True,True
2024-04-22,JPM,178.3065966575797,186.8197461895444,178.29700040407565,185.49676513671875,43855000,JPMorgan Chase,True,True
2024-04-29,JPM,185.48718546183883,186.93481554055816,180.6745761287965,182.63987731933594,36411300,JPMorgan Chase,True,True
2024-05-06,JPM,183.80945996336118,191.10508471525102,181.97837487091957,190.5586395263672,40334600,JPMorgan Chase,True,True
2024-05-13,JPM,190.58740226063063,196.5792093322775,189.8587891585198,196.32994079589844,41773800,JPMorgan Chase,True,True
2024-05-20,JPM,195.94645626577437,197.37490823051772,187.32783635552568,192.41848754882812,56645000,JPMorgan Chase,True,True
2024-05-27,JPM,191.6035977178737,194.901490452382,188.75629001560543,194.25917053222656,34277200,JPMorgan Chase,True,True
2024-06-03,JPM,193.95238720569552,194.05784359059606,187.26074146213966,191.68988037109375,36249000,JPMorgan Chase,True,True
2024-06-10,JPM,191.00921372265125,192.5431074427312,182.99457258995503,185.77476501464844,43519200,JPMorgan Chase,True,True
2024-06-17,JPM,185.48717857583708,191.21055415458125,184.6818831749173,188.19068908691406,47451600,JPMorgan Chase,True,True
2024-06-24,JPM,189.63830087466718,194.23043015450833,188.1715076264633,193.9044647216797,47628100,JPMorgan Chase,True,True
2024-07-01,JPM,195.53803171671333,202.80661018555358,195.36451853301625,197.41783142089844,31662700,JPMorgan Chase,True,True
2024-07-08,JPM,197.65883027411965,202.20891782155078,194.82467866192138,197.56243896484375,52195900,JPMorgan Chase,True,True
2024-07-15,JPM,199.7314353086047,209.72812426315414,199.27835351266052,202.2281951904297,54360200,JPMorgan Chase,True,True
2024-07-22,JPM,202.88371876636472,205.48651931773958,200.56047211801663,204.59963989257812,34771100,JPMorgan Chase,True,True
2024-07-29,JPM,204.9948907316614,208.60026124382887,189.80223404419826,191.9712371826172,53416200,JPMorgan Chase,True,True
2024-08-05,JPM,187.06447809035137,199.03737393584737,184.0278647981893,198.39149475097656,47038600,JPMorgan Chase,True,True
2024-08-12,JPM,198.97953156467526,206.38305522115786,196.32852772719357,206.2673797607422,35255800,JPMorgan Chase,True,True
2024-08-19,JPM,206.29628275736545,211.29945196841106,205.1780376943837,210.4511260986328,29394200,JPMorgan Chase,True,True
2024-08-26,JPM,211.12592827400618,217.36301812340238,210.20049522450142,216.70750427246094,31787000,JPMorgan Chase,True,True
2024-09-02,JPM,214.29750698875264,216.0327123925692,203.49104518429826,204.81173706054688,32190500,JPMorgan Chase,True,True
2024-09-09,JPM,207.44344159572935,210.7692431307379,193.3883009107918,196.96475219726562,70281800,JPMorgan Chase,True,True
2024-09-16,JPM,198.42037148699944,204.28150062865743,198.18900590040425,203.4910125732422,56988300,JPMorgan Chase,True,True
2024-09-23,JPM,203.40428766898475,205.2840873856383,201.10032499893381,202.9222869873047,38363200,JPMorgan Chase,True,True
2024-09-30,JPM,200.10186512881552,205.30057644632367,198.1911437714718,204.86412048339844,40477800,JPMorgan Chase,True,True
2024-10-07,JPM,204.67986028703314,217.87062636423727,202.10960779387375,215.6010284423828,46012500,JPMorgan Chase,True,True
2024-10-14,JPM,216.48364800249334,219.12180120536095,212.2936495506434,218.58834838867188,38137900,JPMorgan Chase,True,True
2024-10-21,JPM,218.44286051538162,218.90841259419565,214.2334598869442,215.62042236328125,34009200,JPMorgan Chase,True,True
2024-10-28,JPM,216.62912671341977,219.9268105661124,214.91238407028536,216.23146057128906,35287300,JPMorgan Chase,True,True
2024-11-04,JPM,215.95018885539224,240.53738290707815,212.57491036817427,229.84898376464844,63771300,JPMorgan Chase,True,True
2024-11-11,JPM,232.7780861618065,239.00489819067897,231.57539405543625,237.9282989501953,49041700,JPMorgan Chase,True,True
2024-11-18,JPM,240.30459507143271,241.65276768963074,231.45903169445776,241.07083129882812,41640200,JPMorgan Chase,True,True
2024-11-25,JPM,242.07953456114785,246.65750529475454,240.86714855753664,242.20562744140625,27474600,JPMorgan Chase,True,True
2024-12-02,JPM,242.04075926807232,242.71969251097326,234.9410193003902,239.91665649414062,34995900,JPMorgan Chase,True,True
2024-12-09,JPM,239.6935560030985,240.49858204786761,231.94397970195718,232.71990966796875,40575700,JPMorgan Chase,True,True
2024-12-16,JPM,233.36975274905532,233.4279449080639,222.62316166301105,230.45033264160156,72577200,JPMorgan Chase,True,True
2024-12-23,JPM,228.96637684636084,236.06610154566872,227.8121830098143,233.91290283203125,22522600,JPMorgan Chase,True,True
2024-12-30,JPM,231.58511328613722,237.51125626141643,229.9750612307445,235.9593963623047,29306800,JPMorgan Chase,True,True
2025-01-06,JPM,237.5874988950013,239.52759095010535,232.75191424539267,233.8535614013672,37603300,JPMorgan Chase,True,True
2025-01-13,JPM,233.65858770305243,254.08311616597211,233.00539444934765,252.6597442626953,73831600,JPMorgan Chase,True,True
2025-01-20,JPM,253.5469476944964,260.4006204848565,252.99123725827144,258.1972961425781,41150000,JPMorgan Chase,True,True
2025-01-27,JPM,257.54411257117124,264.02731160822725,255.68201553834425,260.5955810546875,38529900,JPMorgan Chase,True,True
2025-02-03,JPM,255.2627499859765,271.56337905921515,255.1360356461419,268.8823547363281,33834100,JPMorgan Chase,True,True
2025-02-10,JPM,269.22362155570937,272.2263859001187,262.8281613378712,269.652587890625,36595000,JPMorgan Chase,True,True
2025-02-17,JPM,269.8182962307068,273.2207502908086,256.2474255338871,257.6123046875,41609300,JPMorgan Chase,True,True
2025-02-24,JPM,258.8309514157784,260.30308700905937,246.9954632303713,258.01202392578125,44596300,JPMorgan Chase,True,True
2025-03-03,JPM,257.378344536002,259.6401613709217,233.41485900581728,236.203125,60867200,JPMorgan Chase,True,True
2025-03-10,JPM,230.28538455629732,231.5527660402026,218.60585634597413,226.6099395751953,81514200,JPMorgan Chase,True,True
2025-03-17,JPM,225.38153767686677,236.251882378586,224.67961039793684,235.56944274902344,57706900,JPMorgan Chase,True,True
2025-03-24,JPM,239.322843558839,248.2823415011118,235.06245706712528,236.75881958007812,51490600,JPMorgan Chase,True,True
2025-03-31,JPM,234.84276894736522,242.5332013451942,204.94422641328694,206.2684783935547,73775700,JPMorgan Chase,True,True
2025-04-07,JPM,201.8445217447967,234.02860167946685,198.30338925917934,231.69400024414062,105603400,JPMorgan Chase,True,True
2025-04-14,JPM,232.5768558734505,235.2057224034031,223.58177853714437,227.534912109375,42810900,JPMorgan Chase,True,True
2025-04-21,JPM,226.2302847550771,242.0819896534901,222.0221165455133,238.90380859375,51188200,JPMorgan Chase,True,True
2025-04-28,JPM,239.89453593025473,248.78169626532693,233.88147291384635,247.69287109375,43457400,JPMorgan Chase,True,True
2025-05-05,JPM,246.38822104449437,250.99857091448817,244.08306107719392,248.25198364257812,33952400,JPMorgan Chase,True,True
2025-05-12,JPM,257.88461485744546,264.37831942491783,253.76475679149428,262.4557189941406,44983500,JPMorgan Chase,True,True
2025-05-19,JPM,260.48406772845175,263.20124335773403,251.11626587786765,255.7364044189453,41231200,JPMorgan Chase,True,True
2025-05-26,JPM,257.0410832942421,261.6317959639286,256.99201918071645,258.96368408203125,29100900,JPMorgan Chase,True,True
2025-06-02,JPM,258.00235221141975,262.02414242879075,255.34405930940514,260.6606750488281,34837200,JPMorgan Chase,True,True
2025-06-09,JPM,260.9255260552954,264.47646263525684,257.69828090375347,259.89556884765625,36973500,JPMorgan Chase,True,True
2025-06-16,JPM,261.90643099698156,272.4219263527779,261.75929853967983,269.7538146972656,38861400,JPMorgan Chase,True,True
2025-06-23,JPM,269.81267206589456,283.88892279416217,266.91893730522094,281.6327819824219,51000100,JPMorgan Chase,True,True
2025-06-30,JPM,286.23237544390673,292.1462676228288,282.47705631666014,291.75201416015625,36727800,JPMorgan Chase,True,True
2025-07-07,JPM,291.0127708719777,291.79144174639003,276.287177282451,282.7431640625,51336000,JPMorgan Chase,True,True
2025-07-14,JPM,282.9501679448144,288.30223294760714,278.9484367930044,287.0898742675781,52312300,JPMorgan Chase,True,True
2025-07-21,JPM,286.8237732979874,295.2904920686048,285.02988543488635,294.33441162109375,34618800,JPMorgan Chase,True,True
2025-07-28,JPM,293.3881993337809,296.96610897242397,280.1607803787386,285.2171630859375,48294600,JPMorgan Chase,True,True
2025-08-04,JPM,286.0944093710711,291.54504563289436,280.62404088373916,284.6159362792969,34853200,JPMorgan Chase,True,True
2025-08-11,JPM,285.2467523908304,291.25921599583813,283.038908737692,286.32110595703125,36164300,JPMorgan Chase,True,True
2025-08-18,JPM,285.838117758462,292.8953659306035,283.1472860281449,291.9885559082031,33969400,JPMorgan Chase,True,True
2025-08-25,JPM,291.98858525283146,298.60231023054706,289.2879172184153,297.0942687988281,31834400,JPMorgan Chase,True,True
2025-09-01,JPM,295.9508926925016,300.7706992658433,290.08627080836624,290.1552734375,29982300,JPMorgan Chase,True,True
2025-09-08,JPM,290.6579754541489,303.13626220753474,287.2574752216019,302.5054626464844,38613200,JPMorgan Chase,True,True
2025-09-15,JPM,302.76173966052033,311.2678631029987,302.7223052882434,310.26251220703125,57924700,JPMorgan Chase,True,True
2025-09-22,JPM,305.3539387325633,313.2489940185383,305.11739268281735,311.52410888671875,37756400,JPMorgan Chase,True,True
2025-09-29,JPM,312.5097669512973,313.4461452257763,301.7465002489615,305.5806579589844,41150800,JPMorgan Chase,True,True
2025-10-06,JPM,307.21487429025376,308.7698733686398,297.9344502139145,298.0137023925781,37816300,JPMorgan Chase,True,True
2025-10-13,JPM,302.67869770706994,309.13636048294745,291.3876792596173,294.7155456542969,59025200,JPMorgan Chase,True,True
2025-10-20,JPM,295.64653587298415,301.14346942450356,287.7626367129426,297.5679931640625,34988800,JPMorgan Chase,True,True
2025-10-27,JPM,299.2715643670102,309.8791757592273,298.1325636116414,308.1459045410156,34734400,JPMorgan Chase,True,True
2025-11-03,JPM,308.0270537205932,311.8303423323562,302.18345971125694,311.20635986328125,36228800,JPMorgan Chase,True,True
2025-11-10,JPM,311.9888373265551,319.16953278883295,298.3504790333013,300.70770263671875,40702900,JPMorgan Chase,True,True
2025-11-17,JPM,301.0939580374581,306.957379993351,290.01092472978763,295.1711120605469,41236300,JPMorgan Chase,True,True
2025-11-24,JPM,295.38905104852756,310.7210853336642,291.6947262524875,310.0871887207031,32050700,JPMorgan Chase,True,True
2025-12-01,JPM,309.95845528995613,315.44547546798947,303.8672202906833,312.0284729003906,39658300,JPMorgan Chase,True,True
2025-12-08,JPM,312.048242356448,317.20842990436694,295.6069208054789,315.47515869140625,63045300,JPMorgan Chase,True,True
2025-12-15,JPM,316.5349269471135,319.7934851822129,309.2353841180161,314.17767333984375,63853400,JPMorgan Chase,True,True
2025-12-22,JPM,314.47484366738945,327.6972031402456,314.47484366738945,324.7754211425781,23470500,JPMorgan Chase,True,True
2025-12-29,JPM,323.87411133777493,324.63673980120865,317.6739428368343,322.36865234375,29642100,JPMorgan Chase,True,True
2026-01-05,JPM,323.8426712202155,335.5328444516672,322.947259768543,327.5138854980469,46703800,JPMorgan Chase,True,True
2026-01-12,JPM,320.2410885518248,325.1957124554126,304.561324023523,310.8789978027344,87531700,JPMorgan Chase,True,True
2026-01-19,JPM,304.6508633498722,309.5657128019538,295.000271015744,296.2041015625,44814400,JPMorgan Chase,True,True
2026-01-26,JPM,296.29364333048915,306.36211063628633,295.93549091037414,304.33251953125,56370000,JPMorgan Chase,True,True
2026-02-02,JPM,302.90979472930303,322.59903993155126,299.83553150032685,320.7584533691406,59561600,JPMorgan Chase,True,True
2026-02-09,JPM,319.7038262355823,324.73805975354156,295.0101951931391,301.0094909667969,52641100,JPMorgan Chase,True,True
2026-02-16,JPM,301.2184675761838,310.6899843206185,300.95978168428866,309.20758056640625,30636800,JPMorgan Chase,True,True
2026-02-23,JPM,307.22768655728714,309.4164970737473,289.8964000905827,298.7709655761719,60233600,JPMorgan Chase,True,True
2026-03-02,JPM,293.30892101363247,300.8503431238005,282.2654325280704,288.0060729980469,53071800,JPMorgan Chase,True,True
2026-03-09,JPM,284.04633495130474,291.2594205148668,277.67892756073695,281.996826171875,53642700,JPMorgan Chase,True,True
2026-03-16,JPM,284.88204058913425,290.274456964985,283.1608382900143,285.1009216308594,59450400,JPMorgan Chase,True,True
2026-03-23,JPM,292.811471724144,296.1245335060482,280.31542537678433,281.3998718261719,53293800,JPMorgan Chase,True,True
2026-03-30,JPM,283.29019398012275,297.199023649258,280.8924612121691,293.1000061035156,42627800,JPMorgan Chase,True,True
2026-04-06,JPM,294.05999755859375,311.260009765625,292.70001220703125,309.8699951171875,38238200,JPMorgan Chase,True,True
2026-04-13,JPM,307.4700012207031,314.8999938964844,304.260009765625,310.2900085449219,48950500,JPMorgan Chase,True,True
2026-04-20,JPM,310.8500061035156,320.239990234375,307.8900146484375,308.2799987792969,35587200,JPMorgan Chase,True,True
2026-04-27,JPM,306.8800048828125,316.0799865722656,306.57000732421875,312.4700012207031,38356500,JPMorgan Chase,True,True
2026-05-04,JPM,310.6199951171875,316.29998779296875,300.5,302.1000061035156,40108400,JPMorgan Chase,True,True
2026-05-11,JPM,302.1000061035156,306.05999755859375,295.54998779296875,297.80999755859375,42783300,JPMorgan Chase,True,True
2026-05-18,JPM,298.0,307.45001220703125,293.6700134277344,306.3800048828125,38788500,JPMorgan Chase,True,True
2026-05-25,JPM,308.489990234375,309.92999267578125,295.20001220703125,299.30999755859375,43231300,JPMorgan Chase,True,True
2026-06-01,JPM,297.69000244140625,315.0,295.2699890136719,312.3699951171875,42694100,JPMorgan Chase,True,True
2026-06-08,JPM,313.25,321.29998779296875,308.8800048828125,320.7200012207031,42410600,JPMorgan Chase,True,True
2026-06-15,JPM,323.9200134277344,338.0899963378906,318.8399963378906,325.2200012207031,51441200,JPMorgan Chase,True,True
2026-06-22,JPM,329.70001220703125,343.45001220703125,326.75,329.04998779296875,53356100,JPMorgan Chase,True,True
2026-06-29,JPM,328.2799987792969,332.3900146484375,326.67999267578125,327.3299865722656,16055600,JPMorgan Chase,True,True
2024-01-01,KO,54.69065752034499,56.04862199219799,54.56974180630042,55.499855041503906,54478900,Coca-Cola,True,True
2024-01-08,KO,55.50915705824257,56.23464423189918,55.267325634956805,56.16953659057617,61278500,Coca-Cola,True,True
2024-01-15,KO,56.169535128254424,56.20674050749906,55.36963721499592,55.64867401123047,45599300,Coca-Cola,True,True
2024-01-22,KO,55.58355729250954,55.87189363081343,54.56043430179232,55.2208137512207,73091200,Coca-Cola,True,True
2024-01-29,KO,55.19292249109699,56.7462099744448,55.03480138758518,56.309059143066406,92861400,Coca-Cola,True,True
2024-02-05,KO,56.1602374201498,56.1602374201498,54.90458243974899,55.397544860839844,63904800,Coca-Cola,True,True
2024-02-12,KO,55.49055283181849,56.42066602279641,54.68135534913577,55.23942184448242,81227900,Coca-Cola,True,True
2024-02-19,KO,55.43473719577443,57.313566010847225,55.35102687808951,56.92292022705078,59308000,Coca-Cola,True,True
2024-02-26,KO,56.96013277188611,56.98803503192712,55.19291630855112,55.36963653564453,57424000,Coca-Cola,True,True
2024-03-04,KO,55.09061022509077,55.90911092095232,54.84878232872975,55.36034393310547,61764900,Coca-Cola,True,True
2024-03-11,KO,56.04691714526002,57.38761822017607,55.85940940661288,56.14067459106445,91554900,Coca-Cola,True,True
2024-03-18,KO,56.150047697650656,57.181358127006774,56.06566778594407,56.712581634521484,70716000,Coca-Cola,True,True
2024-03-25,KO,56.703201664354104,57.59387767708501,56.36568203203666,57.35948944091797,52656800,Coca-Cola,True,True
2024-04-01,KO,57.359484992361416,57.47199033558158,55.23123954384458,55.79376983642578,62837400,Coca-Cola,True,True
2024-04-08,KO,55.690644883896084,56.00941301978567,54.49995224620502,54.64058303833008,56285400,Coca-Cola,True,True
2024-04-15,KO,54.949975474609275,56.59069303269069,54.31243922306492,56.41255569458008,69800700,Coca-Cola,True,True
2024-04-22,KO,56.38443088249301,58.68143620477427,55.990660380863325,57.884517669677734,78904700,Coca-Cola,True,True
2024-04-29,KO,58.05327048001765,58.906447002893216,57.3876088180293,58.28765869140625,72108300,Coca-Cola,True,True
2024-05-06,KO,58.40954330052858,59.403350633916645,58.03452429703752,59.309593200683594,47087500,Coca-Cola,True,True
2024-05-13,KO,59.29084481361791,59.778369156586905,58.87831926367135,59.093955993652344,52595700,Coca-Cola,True,True
2024-05-20,KO,59.00020513536161,59.08458504063967,58.10015519671593,58.12828063964844,46253900,Coca-Cola,True,True
2024-05-27,KO,57.93139248330962,59.093956035019275,57.25635327491024,59.00020217895508,53459200,Coca-Cola,True,True
2024-06-03,KO,58.79394588319419,60.34090971409835,58.55018368467537,59.919010162353516,49078700,Coca-Cola,True,True
2024-06-10,KO,60.41228225591075,60.45952652462095,58.66435244058351,59.09897232055664,51499000,Coca-Cola,True,True
2024-06-17,KO,58.928902652784714,59.61862644142872,58.532076748728564,59.30683517456055,62768800,Coca-Cola,True,True
2024-06-24,KO,59.51469288126821,60.72406746735839,59.439104942257465,60.13827896118164,58703200,Coca-Cola,True,True
2024-07-01,KO,60.497318121319665,60.75242564399022,59.39187141231657,60.24221420288086,39801300,Coca-Cola,True,True
2024-07-08,KO,60.081596173362904,60.57290703101903,58.85332083133851,60.18552780151367,55456100,Coca-Cola,True,True
2024-07-15,KO,60.270556084875665,62.1791047479869,59.85482961612431,61.68779754638672,54644700,Coca-Cola,True,True
2024-07-22,KO,61.6500113416833,63.407391552008384,60.77132123652076,63.350704193115234,66707800,Coca-Cola,True,True
2024-07-29,KO,63.19008088701158,65.82615132312392,62.698773601040344,65.50491333007812,79985700,Coca-Cola,True,True
2024-08-05,KO,65.1836642533857,65.71277269351151,63.99318648214582,64.8907699584961,79140000,Coca-Cola,True,True
2024-08-12,KO,64.67345465938715,65.47656398950862,64.08766608541852,65.3631820678711,59154200,Coca-Cola,True,True
2024-08-19,KO,65.52379532169071,66.26075972674242,64.97579356105024,65.93952178955078,54937600,Coca-Cola,True,True
2024-08-26,KO,65.97731988262076,68.56614575682006,65.88283855451162,68.47166442871094,78999100,Coca-Cola,True,True
2024-09-02,KO,68.44332100970688,69.47317974437487,66.97883518886093,67.21504211425781,74248400,Coca-Cola,True,True
2024-09-09,KO,67.76147351158885,68.8935217796339,67.0479946018796,67.93270874023438,58046700,Coca-Cola,True,True
2024-09-16,KO,68.27516393755796,68.85546063007267,66.9528504271738,68.15149688720703,96694700,Coca-Cola,True,True
2024-09-23,KO,68.0658782765322,68.68422074405929,67.1621341369716,68.294189453125,59263600,Coca-Cola,True,True
2024-09-30,KO,68.49396465623363,69.20744345473607,66.3249902700473,66.7530746459961,64524900,Coca-Cola,True,True
2024-10-07,KO,66.6389264029273,66.68648730408655,65.50687099025897,66.18229675292969,54520900,Coca-Cola,True,True
2024-10-14,KO,66.18229542301358,67.7424352041749,66.08716636472462,67.00993347167969,55717400,Coca-Cola,True,True
2024-10-21,KO,66.59136040590387,66.90529284685202,63.33789853939289,63.661338806152344,83946600,Coca-Cola,True,True
2024-10-28,KO,63.69938708991461,64.11796364634924,61.73018587068715,61.84434509277344,67011900,Coca-Cola,True,True
2024-11-04,KO,61.910936197131115,62.28194459679472,60.10345509796787,60.80741882324219,72239400,Coca-Cola,True,True
2024-11-11,KO,60.87401417621381,60.99768485375394,58.400618770115905,58.733577728271484,84374600,Coca-Cola,True,True
2024-11-18,KO,58.838217602765425,61.34015460210108,58.562341888234066,60.80741882324219,88076300,Coca-Cola,True,True
2024-11-25,KO,61.65202846201276,62.39967316303435,61.12484300215227,61.4219856262207,75190400,Coca-Cola,True,True
2024-12-02,KO,61.39323048916343,61.52742275126345,59.33241030272764,59.936275482177734,106133800,Coca-Cola,True,True
2024-12-09,KO,60.0896440914798,61.26862377475857,59.22697790336777,60.501808166503906,101087800,Coca-Cola,True,True
2024-12-16,KO,60.60724614807635,61.21111504077349,59.69665101131897,59.95545196533203,131166900,Coca-Cola,True,True
2024-12-23,KO,59.90752153837912,60.33885642474844,58.9777556340347,59.859596252441406,34516500,Coca-Cola,True,True
2024-12-30,KO,59.75416013077,60.14715333699215,59.06402429293012,59.18863296508789,41623100,Coca-Cola,True,True
2025-01-06,KO,58.94900642345801,59.207807378239266,58.10550742155598,58.536842346191406,72561200,Coca-Cola,True,True
2025-01-13,KO,58.59435388787479,60.16632678062648,58.19177341293351,60.10881423950195,81396100,Coca-Cola,True,True
2025-01-20,KO,60.2909347857173,60.60724461721127,58.82439608335293,59.35158157348633,73782000,Coca-Cola,True,True
2025-01-27,KO,60.262172433023686,61.62327320998117,59.69664528915841,60.84687042236328,72322300,Coca-Cola,True,True
2025-02-03,KO,60.55931323709837,61.2686162160528,59.76373962786418,61.19193649291992,65040800,Coca-Cola,True,True
2025-02-10,KO,61.441159047261685,67.12518557727341,61.019411367889774,66.0133056640625,117949400,Coca-Cola,True,True
2025-02-17,KO,65.70657399931915,68.63005672718693,65.58196167149266,68.39042663574219,66661700,Coca-Cola,True,True
2025-02-24,KO,67.901585643089,68.79300996034601,67.41274547547732,68.25624084472656,96462100,Coca-Cola,True,True
2025-03-03,KO,67.32646811042439,69.63650569068898,66.56923614766698,68.46710968017578,121150400,Coca-Cola,True,True
2025-03-10,KO,69.48413006443985,70.70078033443967,66.02730243763668,66.78047180175781,102202600,Coca-Cola,True,True
2025-03-17,KO,66.85771546501182,67.77503403378273,65.83418835131225,66.30732727050781,106847200,Coca-Cola,True,True
2025-03-24,KO,66.43286279217376,68.86615616135613,65.97903248371236,67.94884490966797,68643800,Coca-Cola,True,True
2025-03-31,KO,68.29644950809853,71.40565520989142,67.38878902131731,67.52397155761719,105409400,Coca-Cola,True,True
2025-04-07,KO,63.951281453932225,69.3779139662701,63.77747427297751,68.97236633300781,127389900,Coca-Cola,True,True
2025-04-14,KO,68.84684334275127,70.90355555803836,68.48957097192361,70.48834991455078,64926400,Coca-Cola,True,True
2025-04-21,KO,70.85527650035102,71.82087038359488,68.68269026305236,69.43585968017578,81214500,Coca-Cola,True,True
2025-04-28,KO,69.60001250990183,70.95184549047582,67.86194048246425,69.18480682373047,83980100,Coca-Cola,True,True
2025-05-05,KO,69.20410808484534,70.18901791771565,68.03574043361395,68.09367370605469,65256400,Coca-Cola,True,True
2025-05-12,KO,67.73641873513891,69.77382260919936,66.22043649095576,69.52276611328125,90473200,Coca-Cola,True,True
2025-05-19,KO,69.55172327076988,69.68690581931803,68.25783105841015,69.30066680908203,61438900,Coca-Cola,True,True
2025-05-26,KO,69.27170172078209,69.97658848273461,68.03574275391965,69.61931610107422,57687600,Coca-Cola,True,True
2025-06-02,KO,69.5517228164219,69.5613808175112,68.04539878992763,68.8951187133789,66963800,Coca-Cola,True,True
2025-06-09,KO,69.38496208207823,70.68806126145155,68.78204212949082,69.06404876708984,67538900,Coca-Cola,True,True
2025-06-16,KO,69.23909624057943,69.64753476781692,66.88574661553051,66.944091796875,87569900,Coca-Cola,True,True
2025-06-23,KO,67.23582242967689,68.61671258849236,67.07050616121467,68.39305114746094,87504100,Coca-Cola,True,True
2025-06-30,KO,68.19856255161743,70.45466764934707,68.15966329243372,69.38496398925781,59649000,Coca-Cola,True,True
2025-07-07,KO,69.4044210270848,69.4044210270848,67.07051728661278,67.94573211669922,95329400,Coca-Cola,True,True
2025-07-14,KO,67.87765102575304,68.75285831744291,66.89546521571116,67.92626953125,75194000,Coca-Cola,True,True
2025-07-21,KO,68.2569196453663,68.67507743503681,66.71070552290071,67.26500701904297,86267800,Coca-Cola,True,True
2025-07-28,KO,66.84684896814899,67.50812157668858,65.87438968613638,66.96354675292969,73641300,Coca-Cola,True,True
2025-08-04,KO,66.827391968727,68.91818056231021,66.42868016794574,68.40277099609375,58501400,Coca-Cola,True,True
2025-08-11,KO,68.36387819829919,69.10294177783354,67.47893684956767,67.99433898925781,55430500,Coca-Cola,True,True
2025-08-18,KO,68.05269967407456,69.73504997467629,67.14831230012547,68.19856262207031,67327900,Coca-Cola,True,True
2025-08-25,KO,68.17910741358386,68.295805175357,66.39950549773235,67.08995056152344,73972500,Coca-Cola,True,True
2025-09-01,KO,67.06078468811043,67.5470142819215,65.51457814104312,66.08832550048828,99065600,Coca-Cola,True,True
2025-09-08,KO,65.99107854008383,66.2925385025418,65.09641790233633,65.16448974609375,85675300,Coca-Cola,True,True
2025-09-15,KO,65.34087313715071,65.78183284579839,64.7235280498091,65.09589385986328,100830100,Coca-Cola,True,True
2025-09-22,KO,64.83132293362786,65.57605459283546,64.18457401907035,64.35115814208984,75347400,Coca-Cola,True,True
2025-09-29,KO,64.35116310949658,65.64465356228432,64.03758989294728,65.31148529052734,70110900,Coca-Cola,True,True
2025-10-06,KO,65.15469184720888,66.04642007836401,64.51774417869447,65.69364929199219,70965200,Coca-Cola,True,True
2025-10-13,KO,64.89992035385453,67.12432913947032,64.67453610518308,67.06553649902344,70378300,Coca-Cola,True,True
2025-10-20,KO,67.05572774940309,70.18166570464068,66.55596793285817,68.31002044677734,99408700,Coca-Cola,True,True
2025-10-27,KO,68.37862082888803,69.47613078124658,66.53637918945483,67.51629638671875,77814500,Coca-Cola,True,True
2025-11-03,KO,67.41830086234998,69.44672900218079,66.30119594338079,69.1331558227539,82269300,Coca-Cola,True,True
2025-11-10,KO,68.60399747816713,70.44623891363342,68.04544503661478,69.73090362548828,72265600,Coca-Cola,True,True
2025-11-17,KO,69.77009977993647,71.72014033852818,69.15275465190211,71.48495483398438,81901700,Coca-Cola,True,True
2025-11-24,KO,71.69074787916969,71.75934178597755,70.13267560142654,71.65155029296875,76487900,Coca-Cola,True,True
2025-12-01,KO,71.64166684666249,71.94757991643357,68.94770750071454,69.07598876953125,82949300,Coca-Cola,True,True
2025-12-08,KO,68.91810234459129,69.75688829400914,67.88196695263503,69.58912658691406,102143800,Coca-Cola,True,True
2025-12-15,KO,69.50031918393223,70.37857051697284,69.10559770725773,69.13520050048828,102138700,Coca-Cola,True,True
2025-12-22,KO,69.00692134756358,69.33256714051029,68.7404886715893,68.94771575927734,32526200,Coca-Cola,True,True
2025-12-29,KO,69.07599227656289,69.4904464233377,68.0694597017261,68.20761108398438,38576900,Coca-Cola,True,True
2026-01-05,KO,68.01024605267054,69.72728326780512,66.38202474182219,69.57926177978516,101305500,Coca-Cola,True,True
2026-01-12,KO,69.9641199576071,70.76342553074079,69.11547137409065,69.51019287109375,91138000,Coca-Cola,True,True
2026-01-19,KO,69.07599528376105,72.0956006684145,68.86876820135208,71.91797637939453,76082700,Coca-Cola,True,True
2026-01-26,KO,71.89823780722561,73.91131040841778,71.31602197972468,73.82249450683594,89172900,Coca-Cola,True,True
2026-02-02,KO,74.01986130259651,78.15454769122553,73.41791277190966,77.9867935180664,115061800,Coca-Cola,True,True
2026-02-09,KO,77.63154834974196,79.34858564115382,75.00666446223553,77.64141845703125,117668900,Coca-Cola,True,True
2026-02-16,KO,77.94732386550892,78.78610229492188,77.55260239028931,78.78610229492188,64664900,Coca-Cola,True,True
2026-02-23,KO,78.47032571297841,80.91759280808873,78.45059302735432,80.4833984375,93019800,Coca-Cola,True,True
2026-03-02,KO,80.17749025108175,80.32551173882086,75.34216933327939,76.02306365966797,98380000,Coca-Cola,True,True
2026-03-09,KO,76.12849712795739,77.90701546092421,76.0390705223798,76.8438720703125,76161500,Coca-Cola,True,True
2026-03-16,KO,77.49963644276495,77.92687833150086,73.91279368814436,74.2704849243164,86117900,Coca-Cola,True,True
2026-03-23,KO,74.85669787106767,75.56214996357933,73.59484812819106,75.22432708740234,74159600,Coca-Cola,True,True
2026-03-30,KO,75.44291871066358,76.52592285637537,74.77721849740296,76.22785186767578,67212300,Coca-Cola,True,True
2026-04-06,KO,76.14836028016894,77.78777718591107,74.83682827166578,76.97303771972656,58752800,Coca-Cola,True,True
2026-04-13,KO,76.8240014462845,76.95316478337726,74.24068164125885,75.25413513183594,67841700,Coca-Cola,True,True
2026-04-20,KO,75.33362618419278,76.515994944942,74.0717763721507,76.138427734375,55370000,Coca-Cola,True,True
2026-04-27,KO,76.21791321218178,79.80475608142376,74.91631913812738,78.07592010498047,92570200,Coca-Cola,True,True
2026-05-04,KO,77.55924755280301,78.8211048272281,77.23137024332273,77.91693878173828,67348800,Coca-Cola,True,True
2026-05-11,KO,77.65861925184024,80.83808871150025,77.3406647254211,80.30155181884766,71377200,Coca-Cola,True,True
2026-05-18,KO,80.35123362048142,82.12975194445282,79.87430941420375,80.95732116699219,69919000,Coca-Cola,True,True
2026-05-25,KO,80.32141348782324,81.98070631726446,78.40380157834277,78.50315856933594,73382200,Coca-Cola,True,True
2026-06-01,KO,78.07591808334749,80.222057932939,76.31726823143032,78.97014617919922,85343500,Coca-Cola,True,True
2026-06-08,KO,78.80123212050701,83.50089299472569,78.592580158459,82.09000396728516,80323200,Coca-Cola,True,True
2026-06-15,KO,81.08000183105469,81.38999938964844,78.73999786376953,79.38999938964844,101533600,Coca-Cola,True,True
2026-06-22,KO,79.25,82.80999755859375,79.05999755859375,82.62999725341797,128071400,Coca-Cola,True,True
2026-06-29,KO,82.83000183105469,83.62000274658203,81.01000213623047,81.59500122070312,42438689,Coca-Cola,True,True
2024-01-01,MCD,278.0534989734507,280.8241412362699,270.65572480354405,272.34259033203125,15595900,McDonald's,True,True
2024-01-08,MCD,271.8902155063482,278.7131417080672,270.95722550082655,276.5644836425781,11235300,McDonald's,True,True
2024-01-15,MCD,276.56450141425074,283.7361094006556,273.2755539746634,283.2178039550781,11339300,McDonald's,True,True
2024-01-22,MCD,283.61366675692346,284.9707172835245,274.896516695149,275.42425537109375,15764000,McDonald's,True,True
2024-01-29,MCD,274.8399641792534,280.9937995257369,271.70177417884406,279.93829345703125,17252300,McDonald's,True,True
2024-02-05,MCD,270.47663958677924,276.26292653958325,265.32174080844203,272.794921875,25391800,McDonald's,True,True
2024-02-12,MCD,272.35200755864486,276.78127316464867,269.2138465617595,275.1980285644531,12526600,McDonald's,True,True
2024-02-19,MCD,275.1792529255877,281.5309840126462,275.02846632214727,280.5980224609375,9686000,McDonald's,True,True
2024-02-26,MCD,282.6303973235125,283.0758439401792,274.4038796044012,275.54119873046875,14544400,McDonald's,True,True
2024-03-04,MCD,274.2522247933376,279.7207969336712,273.4276814734561,277.2660827636719,12869600,McDonald's,True,True
2024-03-11,MCD,276.88702312472844,280.87706942194023,263.3151446993873,264.5567321777344,20298700,McDonald's,True,True
2024-03-18,MCD,264.86943619140607,270.6602129049613,263.5425832468556,267.8643493652344,16451500,McDonald's,True,True
2024-03-25,MCD,265.3717732492631,268.57519428263134,262.68963555299973,267.21990966796875,11616500,McDonald's,True,True
2024-04-01,MCD,266.7934585401958,266.8408347965756,252.4444110431945,252.75718688964844,18975600,McDonald's,True,True
2024-04-08,MCD,253.27842191584108,255.78051280203115,251.259696069763,253.4206085205078,16733200,McDonald's,True,True
2024-04-15,MCD,253.86597447396733,257.9982067515455,251.29756314273928,257.78021240234375,16402500,McDonald's,True,True
2024-04-22,MCD,259.4482765094434,265.20116395663337,256.2448557187979,258.82275390625,18292900,McDonald's,True,True
2024-04-29,MCD,259.52408405419436,262.40527118425894,248.90923129185094,256.1974792480469,20612600,McDonald's,True,True
2024-05-06,MCD,256.8988332818449,260.9931476452947,252.1600515435636,260.63299560546875,17024600,McDonald's,True,True
2024-05-13,MCD,260.99310994080844,262.2820445042648,254.6715632889658,258.14984130859375,14760800,McDonald's,True,True
2024-05-20,MCD,257.54327322236225,257.91291204172273,244.0661782373835,244.62535095214844,15938900,McDonald's,True,True
2024-05-27,MCD,243.94300485023376,245.7058176627561,236.1429601876717,245.36463928222656,18077200,McDonald's,True,True
2024-06-03,MCD,246.04189448866165,250.96407148492003,243.57127213457844,244.4011688232422,18716700,McDonald's,True,True
2024-06-10,MCD,244.20085447533276,244.49656411866815,239.05928237934185,241.89239501953125,14724800,McDonald's,True,True
2024-06-17,MCD,240.67140105117494,249.40920214500753,237.8573705714191,247.43463134765625,17961500,McDonald's,True,True
2024-06-24,MCD,247.06259744063806,249.32335863590438,241.20559281712272,243.09432983398438,22210800,McDonald's,True,True
2024-07-01,MCD,243.08477791725568,243.5712665588695,236.00677064148636,239.51715087890625,12602900,McDonald's,True,True
2024-07-08,MCD,240.15629621696456,245.07848822320398,232.30562361237187,242.19766235351562,22273300,McDonald's,True,True
2024-07-15,MCD,241.94962939332945,250.23909155752474,238.57279582726824,245.42185974121094,18170500,McDonald's,True,True
2024-07-22,MCD,246.39484232898417,248.15006164125802,234.7762301851744,240.38522338867188,18721900,McDonald's,True,True
2024-07-29,MCD,241.86378777017367,264.0517203563483,238.6968008358594,263.937255859375,33491600,McDonald's,True,True
2024-08-05,MCD,261.40942179007516,265.06288312455615,254.65572482609147,255.56195068359375,19596300,McDonald's,True,True
2024-08-12,MCD,255.1326742925143,266.61775496517475,253.10084202088524,265.654296875,13585000,McDonald's,True,True
2024-08-19,MCD,269.3172908082871,277.37783875972514,268.73541991207077,276.1759033203125,15545000,McDonald's,True,True
2024-08-26,MCD,275.91836349727254,278.7419278818916,271.6543862400652,275.3555603027344,11845500,McDonald's,True,True
2024-09-02,MCD,274.7510831108559,280.3447539864248,272.2085187494198,277.7734069824219,11737200,McDonald's,True,True
2024-09-09,MCD,278.2723562075012,284.7103286248223,274.24260998169706,284.50885009765625,12932900,McDonald's,True,True
2024-09-16,MCD,285.3627382883936,287.9436599461387,278.59852458637994,284.796630859375,15790500,McDonald's,True,True
2024-09-23,MCD,286.87866828440946,294.51596510109204,284.854220833721,291.3785400390625,12080600,McDonald's,True,True
2024-09-30,MCD,291.43613577106913,293.48939535834194,287.43517248055923,291.44573974609375,11910000,McDonald's,True,True
2024-10-07,MCD,291.44571990234704,293.3550368558972,287.8381391881248,292.673828125,9499300,McDonald's,True,True
2024-10-14,MCD,292.77935907056724,304.32166745225135,292.15571561581095,303.726806640625,12891100,McDonald's,True,True
2024-10-21,MCD,304.2737334781675,305.01250757181936,279.03990306577447,280.74774169921875,41471000,McDonald's,True,True
2024-10-28,MCD,287.07060758389247,290.4287195008411,278.0900416316096,283.2423400878906,29038100,McDonald's,True,True
2024-11-04,MCD,282.7914160717626,289.5939884093045,279.97059948356036,286.8499450683594,16898100,McDonald's,True,True
2024-11-11,MCD,288.30828290466894,291.49369886521345,277.9749036230097,280.7669372558594,13624400,McDonald's,True,True
2024-11-18,MCD,281.13151406674444,283.46299591837106,271.9686492582803,278.5121765136719,15097700,McDonald's,True,True
2024-11-25,MCD,279.9417556124094,287.3583951843241,279.9417556124094,284.0098876953125,11172200,McDonald's,True,True
2024-12-02,MCD,283.2956607941409,293.2375410257616,280.19727356957566,288.58514404296875,16676900,McDonald's,True,True
2024-12-09,MCD,287.2337197679062,292.2915553756748,284.83030156279244,286.2878112792969,13540500,McDonald's,True,True
2024-12-16,MCD,286.8476642602335,291.615913121802,278.8072939443881,282.5041198730469,21393100,McDonald's,True,True
2024-12-23,MCD,282.09873650153304,286.17201704836515,279.6567005228084,283.41143798828125,7004300,McDonald's,True,True
2024-12-30,MCD,281.33621191540146,285.47706602751686,278.5466769026515,284.5311279296875,9209400,McDonald's,True,True
2025-01-06,MCD,283.0832562583913,285.3226016983011,271.9830876123142,272.4946594238281,12928600,McDonald's,True,True
2025-01-13,MCD,273.1027173465788,275.4289297706194,266.91557730551614,271.1819152832031,15217500,McDonald's,True,True
2025-01-20,MCD,270.99855288681056,276.87681238691545,269.03913305344224,275.5351257324219,12321600,McDonald's,True,True
2025-01-27,MCD,276.64511488985147,284.2511473644851,275.87294111291607,278.6624755859375,14563100,McDonald's,True,True
2025-02-03,MCD,277.0408914198005,286.8186967652241,274.30929768871306,284.0677795410156,14836600,McDonald's,True,True
2025-02-10,MCD,291.76067077985175,300.75664023570204,291.0271144783729,297.82232666015625,21113800,McDonald's,True,True
2025-02-17,MCD,296.6641001947415,296.6641001947415,287.7839528416279,294.21240234375,12415200,McDonald's,True,True
2025-02-24,MCD,294.3957755823139,303.6137298876013,293.121662205305,297.6099853515625,19753400,McDonald's,True,True
2025-03-03,MCD,299.1147396453537,313.7350914392623,293.6005738890403,311.90997314453125,21215800,McDonald's,True,True
2025-03-10,MCD,310.7449650717408,316.7930908129136,287.07673472267,291.0764465332031,20642300,McDonald's,True,True
2025-03-17,MCD,292.5035277347802,300.6194727487662,291.27061607950765,296.5226745605469,16745600,McDonald's,True,True
2025-03-24,MCD,297.3575674531695,307.39571748803286,295.1538507109177,298.12451171875,15056000,McDonald's,True,True
2025-03-31,MCD,296.0955481612576,310.38580006413787,290.56194737776,291.3482971191406,25461800,McDonald's,True,True
2025-04-07,MCD,284.05759138513093,302.5514175488681,282.0188946550711,300.8525085449219,32043500,McDonald's,True,True
2025-04-14,MCD,303.30862336495807,308.9101876252386,298.1633683029557,302.21160888671875,12796900,McDonald's,True,True
2025-04-21,MCD,301.92038605884073,312.3856638503492,296.21204733135966,307.4927978515625,14843100,McDonald's,True,True
2025-04-28,MCD,308.4247974738518,311.62844250880795,301.60972659252826,302.85235595703125,20488900,McDonald's,True,True
2025-05-05,MCD,303.8619849112715,310.327550190137,301.62914511560643,304.5221252441406,13001000,McDonald's,True,True
2025-05-12,MCD,302.90090709734847,309.35675505219467,296.1052714340114,309.3081970214844,15378500,McDonald's,True,True
2025-05-19,MCD,308.82279817911615,312.3274200190968,303.50280515702985,305.38616943359375,12513800,McDonald's,True,True
2025-05-26,MCD,305.3278991810372,306.43460150836347,300.9883995159199,304.6871643066406,10774000,McDonald's,True,True
2025-06-02,MCD,303.369173081266,306.9424754504967,299.54202027982143,300.0789794921875,14110900,McDonald's,True,True
2025-06-09,MCD,296.5349498056452,297.99941630095145,290.1498675436089,294.758056640625,17090800,McDonald's,True,True
2025-06-16,MCD,295.95897187121165,296.7985851461794,278.8051780724086,280.650390625,18518400,McDonald's,True,True
2025-06-23,MCD,281.68524196534605,285.2683164827877,276.754883281196,284.6434631347656,26670600,McDonald's,True,True
2025-06-30,MCD,283.98937825705156,292.55161589974284,283.98937825705156,287.1135559082031,15876800,McDonald's,True,True
2025-07-07,MCD,287.15263104859264,295.568428405519,283.38408430606813,292.80548095703125,19684600,McDonald's,True,True
2025-07-14,MCD,292.09271674467004,295.6172149347992,287.8457579515106,290.03271484375,18065400,McDonald's,True,True
2025-07-21,MCD,291.04807917149566,292.99095846379555,287.43574608437996,291.3995666503906,16004100,McDonald's,True,True
2025-07-28,MCD,290.02296404497787,298.1946829330113,288.0019929795408,295.7148742675781,16008500,McDonald's,True,True
2025-08-04,MCD,293.4107397154349,303.04692438945955,291.30190440827147,298.2142028808594,21657000,McDonald's,True,True
2025-08-11,MCD,298.2630157330551,302.8126286482362,292.78592522838966,301.61175537109375,17202400,McDonald's,True,True
2025-08-18,MCD,301.0650801567816,309.2953764269835,299.2979592672978,306.63006591796875,15125000,McDonald's,True,True
2025-08-25,MCD,306.298080831433,308.240930314484,302.0218336040161,306.1125793457031,14950500,McDonald's,True,True
2025-09-01,MCD,307.36934947508246,313.63358211186767,306.6624134729793,308.67523193359375,11862600,McDonald's,True,True
2025-09-08,MCD,307.14352291431055,308.0075590806696,299.0824813797389,299.858154296875,13498000,McDonald's,True,True
2025-09-15,MCD,299.6029318904995,301.0167740269232,292.47466254883045,296.89300537109375,20195600,McDonald's,True,True
2025-09-22,MCD,296.83408366162354,300.7712974971591,294.8703758257522,299.7010803222656,13905200,McDonald's,True,True
2025-09-29,MCD,300.3294492755487,300.5552564758274,292.88698058929316,295.51837158203125,14058700,McDonald's,True,True
2025-10-06,MCD,293.61358448560384,294.21250095309404,286.7406075170706,291.62042236328125,15613400,McDonald's,True,True
2025-10-13,MCD,289.25413066007434,303.4910105231974,288.66501239711624,302.49932861328125,13100000,McDonald's,True,True
2025-10-20,MCD,302.361896720115,307.1140656268633,299.48504224679067,300.2410888671875,11602400,McDonald's,True,True
2025-10-27,MCD,300.34909817523123,304.94416717713926,291.610604569773,293.0146484375,13689600,McDonald's,True,True
2025-11-03,MCD,292.268471349807,304.5416454253661,289.09707238171313,294.22235107421875,20915900,McDonald's,True,True
2025-11-10,MCD,293.57430239607174,305.1110851825394,290.6680233776005,301.4585876464844,14805500,McDonald's,True,True
2025-11-17,MCD,301.5960466082923,304.90488913849623,296.39220346105566,303.7364807128906,14771800,McDonald's,True,True
2025-11-24,MCD,303.38298864563217,307.61477602291814,298.51300230673166,306.1616516113281,12514200,McDonald's,True,True
2025-12-01,MCD,305.6875521908418,309.9545907350583,295.91873268170076,307.4161071777344,20068200,McDonald's,True,True
2025-12-08,MCD,308.1766755014631,313.8957318620371,302.26008807609156,312.8388366699219,18649900,McDonald's,True,True
2025-12-15,MCD,312.8190814858035,317.84670358183354,310.4583547467938,311.9696044921875,20579600,McDonald's,True,True
2025-12-22,MCD,311.1399019995556,314.3698196543286,306.0727616297285,306.8728332519531,7757800,McDonald's,True,True
2025-12-29,MCD,306.6555129609382,307.28768466009745,296.610156354758,299.54376220703125,8854500,McDonald's,True,True
2026-01-05,MCD,297.55839247280755,305.7270385696573,294.6741617622494,303.55401611328125,18682900,McDonald's,True,True
2026-01-12,MCD,303.67257631310713,307.36673602179684,300.07716707120426,303.6626892089844,14903300,McDonald's,True,True
2026-01-19,MCD,302.68479466104014,305.71718119392017,298.74369896475525,305.4603576660156,11808500,McDonald's,True,True
2026-01-26,MCD,306.20119415767607,313.51050695723427,306.1715629897923,311.1399230957031,14270600,McDonald's,True,True
2026-02-02,MCD,315.0909003310424,324.03987458726294,311.3473354260839,323.1509094238281,18927800,McDonald's,True,True
2026-02-09,MCD,321.94584753127975,331.5566243921077,316.2267912809095,323.56573486328125,20817600,McDonald's,True,True
2026-02-16,MCD,325.956110045699,328.9193474097508,319.86170527044436,325.195556640625,14924000,McDonald's,True,True
2026-02-23,MCD,326.3808123306431,337.16700889937454,325.9560889038099,336.88055419921875,16070600,McDonald's,True,True
2026-03-02,MCD,338.7624627248513,339.4478169968567,319.155450017908,325.85003662109375,17575000,McDonald's,True,True
2026-03-09,MCD,323.60524565601054,329.46552472729894,319.84079870535925,324.26080322265625,13088800,McDonald's,True,True
2026-03-16,MCD,325.6315039644855,328.2636461913282,305.5477146733364,306.7694396972656,17859400,McDonald's,True,True
2026-03-23,MCD,311.3583375734617,311.8748237259575,302.7268745845661,303.8393249511719,15835000,McDonald's,True,True
2026-03-30,MCD,306.6204726129136,309.5803786173636,300.98865489932206,305.07098388671875,13127300,McDonald's,True,True
2026-04-06,MCD,303.99823356553674,309.0042902440745,301.0581820041086,303.62078857421875,13198100,McDonald's,True,True
2026-04-13,MCD,302.1706265013756,310.43458618702203,299.4987452320692,309.26251220703125,14558600,McDonald's,True,True
2026-04-20,MCD,310.0472021998968,310.42464718801807,297.2043121407012,297.3433532714844,14861000,McDonald's,True,True
2026-04-27,MCD,295.78395834693,296.51896366739385,284.4309330367505,284.7090759277344,20464600,McDonald's,True,True
2026-05-04,MCD,284.3912285977632,289.43699412441333,272.9786097284099,273.8924255371094,25223400,McDonald's,True,True
2026-05-11,MCD,273.9718817115834,277.36885651450166,270.14784115337307,274.52813720703125,20961200,McDonald's,True,True
2026-05-18,MCD,273.9619678533937,283.39797186142744,273.2964679176528,280.3684997558594,20286200,McDonald's,True,True
2026-05-25,MCD,279.1268998956909,281.63985535655905,275.55117551918033,277.3191833496094,17052500,McDonald's,True,True
2026-06-01,MCD,278.1199951171875,280.760009765625,271.8500061035156,279.8399963378906,22787000,McDonald's,True,True
2026-06-08,MCD,278.1099853515625,287.6600036621094,276.0400085449219,284.80999755859375,22020900,McDonald's,True,True
2026-06-15,MCD,284.2300109863281,289.2900085449219,277.92999267578125,278.6099853515625,19960200,McDonald's,True,True
2026-06-22,MCD,277.0,277.54998779296875,264.5299987792969,269.760009765625,26988800,McDonald's,True,True
2026-06-29,MCD,270.19000244140625,272.5,265.6000061035156,271.06500244140625,10573291,McDonald's,True,True
2024-01-01,MMM,85.32421916292076,86.92670213736405,83.89455817998254,85.30065155029297,12180183,3M,True,True
2024-01-08,MMM,85.04142490893685,86.53393278156005,84.21661585181836,84.93144989013672,14569314,3M,True,True
2024-01-15,MMM,84.57796308707512,85.11997513449151,82.5591477629602,84.6486587524414,13680446,3M,True,True
2024-01-22,MMM,85.22994589874513,85.94477989038147,72.84214928436641,75.40296936035156,61398693,3M,True,True
2024-01-29,MMM,75.41082691556012,76.10994918290835,73.79263952047653,74.52317810058594,25016732,3M,True,True
2024-02-05,MMM,74.03615589157631,74.39749724037938,72.57506442084092,72.9756851196289,23459061,3M,True,True
2024-02-12,MMM,74.3634866296185,75.9127227464187,72.75834603373902,72.87014770507812,26319056,3M,True,True
2024-02-19,MMM,72.75037304522941,74.21975317726067,72.28719356646961,73.93226623535156,18094523,3M,True,True
2024-02-26,MMM,73.61282603813073,73.97219014239434,72.58265914078981,73.35728454589844,20427799,3M,True,True
2024-03-04,MMM,72.75037705964924,75.65719934844745,72.25525941790357,74.98638916015625,24199147,3M,True,True
2024-03-11,MMM,75.05027112572881,84.28181996652917,74.63500980693337,83.8505859375,74260716,3M,True,True
2024-03-18,MMM,83.47525781057662,87.19662974582042,83.3874151896211,85.27205657958984,35208565,3M,True,True
2024-03-25,MMM,84.5693021236965,85.29600939062914,81.77428202130015,84.70506286621094,23847164,3M,True,True
2024-04-01,MMM,86.96168721988249,91.37423589503037,84.26831079811494,86.94258117675781,37355200,3M,True,True
2024-04-08,MMM,87.10496057847968,89.35899311146896,86.50325128286791,87.21002197265625,18022700,3M,True,True
2024-04-15,MMM,87.84992767874782,88.61400179739314,86.12119513841634,88.12689971923828,16791300,3M,True,True
2024-04-22,MMM,88.38478385250268,89.81743108037308,86.57964892833164,87.7066650390625,18011800,3M,True,True
2024-04-29,MMM,87.44878584787841,95.22328434512544,87.44878584787841,92.78778839111328,43835100,3M,True,True
2024-05-06,MMM,92.73047722281606,95.18508649905445,90.7438785801569,94.48786163330078,18970500,3M,True,True
2024-05-13,MMM,94.554714086525,100.97297463283492,94.554714086525,100.53363037109375,26536100,3M,True,True
2024-05-20,MMM,101.19337846902633,101.98199791875227,95.12485571976245,95.85576629638672,18821000,3M,True,True
2024-05-27,MMM,95.74997904251698,96.4135760787167,93.05713543479548,96.30778503417969,35462200,3M,True,True
2024-06-03,MMM,96.5289825537611,98.05813194661607,93.94192275869776,97.00022888183594,20758300,3M,True,True
2024-06-10,MMM,96.58668896694658,99.71231615193823,95.43261417207496,97.03870391845703,17762000,3M,True,True
2024-06-17,MMM,96.15391077650972,98.51976919355963,96.09620190175248,98.4716796875,18278600,3M,True,True
2024-06-24,MMM,98.26970802475608,100.0585288934115,96.72131998965727,98.27932739257812,20954600,3M,True,True
2024-07-01,MMM,98.92369421695433,99.49111223146231,96.37510449242612,97.442626953125,9287300,3M,True,True
2024-07-08,MMM,97.62536096417766,101.27032401852146,94.49973377024092,100.05854034423828,17629600,3M,True,True
2024-07-15,MMM,100.88563824369363,101.48190709207877,97.00986137947338,99.9431381225586,16402200,3M,True,True
2024-07-22,MMM,100.07776211229321,123.13046378707618,97.87539643635675,122.29376220703125,45458200,3M,True,True
2024-07-29,MMM,123.10160795401553,123.72672743696494,119.36047373678224,120.44722747802734,34038200,3M,True,True
2024-08-05,MMM,114.99423423496668,121.72635468072437,114.74418199250128,119.41819763183594,20594700,3M,True,True
2024-08-12,MMM,119.25469686653778,123.0439210343065,117.85056986456836,122.18798065185547,16067700,3M,True,True
2024-08-19,MMM,122.2168223951195,125.65019570268883,121.687867214722,125.55403137207031,13620300,3M,True,True
2024-08-26,MMM,125.31230369912745,130.52397969175237,125.31230369912745,130.23390197753906,19153700,3M,True,True
2024-09-02,MMM,128.60948610580022,129.35401552366574,123.78458492378455,124.34539794921875,13613000,3M,True,True
2024-09-09,MMM,125.1092596277769,128.95758114522766,122.91436357158062,128.77386474609375,16281500,3M,True,True
2024-09-16,MMM,129.54740736038602,130.8430860715253,127.4008525637742,130.311279296875,24270300,3M,True,True
2024-09-23,MMM,130.2435509444604,136.06438799650138,130.23388709821137,132.75753784179688,16430800,3M,True,True
2024-09-30,MMM,133.2700259598352,133.38605115152194,129.41202604262088,130.7947235107422,14381600,3M,True,True
2024-10-07,MMM,130.26290959723514,131.05577295324514,128.53212189568632,130.2919158935547,13971400,3M,True,True
2024-10-14,MMM,129.95349848810977,132.515834621983,129.5957443059253,130.6690216064453,11814700,3M,True,True
2024-10-21,MMM,130.80438834580525,136.66389663366485,120.38103560025324,120.62276458740234,35998600,3M,True,True
2024-10-28,MMM,122.45989797602203,126.47260036320378,121.88941376939985,123.01103973388672,17274300,3M,True,True
2024-11-04,MMM,123.03037594216076,130.5529877730611,120.70011248018338,129.89547729492188,19762000,3M,True,True
2024-11-11,MMM,131.08206421663587,131.5583632782656,124.88032768049288,126.16343688964844,13824100,3M,True,True
2024-11-18,MMM,126.15371825557682,126.73695913742688,122.79039760699666,124.83171844482422,12331300,3M,True,True
2024-11-25,MMM,125.59965107407241,131.76249672435824,123.98603084414448,129.79893493652344,12352900,3M,True,True
2024-12-02,MMM,129.7989334505126,131.79165577598988,125.3663503227265,129.3906707763672,13967800,3M,True,True
2024-12-09,MMM,129.3809710455227,130.1100148008526,124.03464275688671,126.2898178100586,16054900,3M,True,True
2024-12-16,MMM,126.27036548304694,126.70780357791669,121.86695004802422,125.66769409179688,20929300,3M,True,True
2024-12-23,MMM,124.90949069070814,127.72845380834258,124.18044697072347,126.54254150390625,6198100,3M,True,True
2024-12-30,MMM,125.51215960254711,127.94230528774162,124.34569264014019,126.24120330810547,9896900,3M,True,True
2025-01-06,MMM,127.16466771124915,130.91679832675374,126.2509305807127,127.54376983642578,15819200,3M,True,True
2025-01-13,MMM,127.07718215562038,137.70178748459597,125.92043036219583,137.08938598632812,22797700,3M,True,True
2025-01-20,MMM,141.4344870706187,147.83063266442593,140.94845790542757,145.25466918945312,27743700,3M,True,True
2025-01-27,MMM,144.83668212964176,150.66903174560048,144.7492004451861,147.947265625,21339000,3M,True,True
2025-02-03,MMM,145.01166563350944,149.32760732177908,144.0104466636779,145.68238830566406,15624900,3M,True,True
2025-02-10,MMM,146.68427864212788,147.11409643078272,144.1151499816844,145.17991638183594,12257300,3M,True,True
2025-02-17,MMM,144.7501189518721,146.87966695728682,141.21391467519496,141.6241912841797,12328300,3M,True,True
2025-02-24,MMM,141.62418805885076,151.90068900635296,138.47871922267004,151.52947998046875,28488800,3M,True,True
2025-03-03,MMM,151.90068228583957,152.7310135210238,137.5214010725071,142.91363525390625,26753300,3M,True,True
2025-03-10,MMM,140.14913354045083,147.73928728078454,139.80722894907828,146.92849731445312,22370800,3M,True,True
2025-03-17,MMM,146.8894018372568,150.41584226756618,144.64265154057108,146.879638671875,18062200,3M,True,True
2025-03-24,MMM,148.18864091451124,151.41225974833742,140.9892369465914,141.4874267578125,16570200,3M,True,True
2025-03-31,MMM,140.657105652122,145.24831297272272,123.50355741438727,123.97245025634766,28882400,3M,True,True
2025-04-07,MMM,121.84291928158832,136.00728513139586,119.15657262074906,132.80320739746094,27194300,3M,True,True
2025-04-14,MMM,134.9132105889549,135.08903702921867,126.8639339874018,127.19607543945312,16945000,3M,True,True
2025-04-21,MMM,126.01408293260309,138.85969860264035,121.76477232427293,134.14151000976562,23633800,3M,True,True
2025-04-28,MMM,134.1414896392444,139.7290762742722,131.7286610237202,138.7913055419922,12450400,3M,True,True
2025-05-05,MMM,137.36510563171583,139.31881222254938,134.44432381800263,139.29928588867188,13562500,3M,True,True
2025-05-12,MMM,142.70849517447726,149.7320727939927,141.90748321851945,149.56600952148438,20885800,3M,True,True
2025-05-19,MMM,149.15984042751595,151.88879194207146,144.31054795847638,144.9093475341797,13037700,3M,True,True
2025-05-26,MMM,147.24564211676577,147.59903225699006,143.96697608049678,145.62594604492188,13414000,3M,True,True
2025-06-02,MMM,145.1547540173037,146.21492447312025,141.2674773245781,142.82827758789062,13381300,3M,True,True
2025-06-09,MMM,142.87736577598488,145.33145994946932,139.12750268917162,139.70668029785156,13955600,3M,True,True
2025-06-16,MMM,141.04167477527935,142.72028156185567,138.97043394213694,141.38525390625,11617000,3M,True,True
2025-06-23,MMM,141.73864676274272,150.06292908185046,140.71775029039762,149.22854614257812,14661500,3M,True,True
2025-06-30,MMM,149.48378363183784,153.22382076903335,146.75483209944733,150.1316680908203,12132300,3M,True,True
2025-07-07,MMM,149.99423692792334,156.54175830017562,148.1782012717275,152.97840881347656,16429800,3M,True,True
2025-07-14,MMM,152.73298606733835,161.13580127798926,147.49104503339498,150.41632080078125,25940900,3M,True,True
2025-07-21,MMM,149.45432548881433,151.23108715880468,145.09585212231804,148.49232482910156,22777400,3M,True,True
2025-07-28,MMM,147.83462449636426,151.0543945377585,141.60121991590498,141.75828552246094,19882700,3M,True,True
2025-08-04,MMM,142.7203038828688,150.8678997474297,142.3374657809469,150.4850616455078,14692400,3M,True,True
2025-08-11,MMM,150.92677881444445,157.52338458920775,148.82607498000857,149.5917510986328,19500700,3M,True,True
2025-08-18,MMM,149.56229612396962,156.18834951588727,149.2579908832872,155.80551147460938,12185000,3M,True,True
2025-08-25,MMM,155.41104644692942,156.27888376461718,152.44267023665338,153.37953186035156,12983200,3M,True,True
2025-09-01,MMM,151.8213700436529,155.3814561065728,148.3500359624694,153.1527099609375,11504000,3M,True,True
2025-09-08,MMM,152.47225991086623,159.8587036064823,149.4545719137207,155.6871795654297,13725300,3M,True,True
2025-09-15,MMM,155.8153900958965,156.34791708657974,151.41705031139315,154.43475341796875,16487500,3M,True,True
2025-09-22,MMM,153.44856002391433,155.953433397558,149.720826432507,150.69712829589844,11531400,3M,True,True
2025-09-29,MMM,151.37759010388785,158.17232302520537,150.32237752972665,156.46624755859375,12097500,3M,True,True
2025-10-06,MMM,156.5056884418234,157.00864641924053,146.40728420687512,146.69326782226562,12218900,3M,True,True
2025-10-13,MMM,148.48810923611092,153.50772732382643,147.2060810381509,150.52947998046875,16484300,3M,True,True
2025-10-20,MMM,151.1113264381427,170.46005629072138,150.687279153618,166.17019653320312,25199800,3M,True,True
2025-10-27,MMM,167.62973971938848,168.27076141754384,161.3478203738939,164.19786071777344,12774100,3M,True,True
2025-11-03,MMM,163.71461188468592,163.98088286917974,157.14670963370912,162.560791015625,17017800,3M,True,True
2025-11-10,MMM,163.4177761339539,170.90527909518732,162.39765425556976,165.97303771972656,14442700,3M,True,True
2025-11-17,MMM,165.30947191233108,168.12223498553823,161.7439869515969,166.4781494140625,13940200,3M,True,True
2025-11-24,MMM,166.62671436408223,170.7171005917309,165.04205107778603,170.40017700195312,13371800,3M,True,True
2025-12-01,MMM,169.04330438802108,173.01486128102576,164.07145316188104,165.87399291992188,12938200,3M,True,True
2025-12-08,MMM,164.18040468121475,168.36983818817006,160.73376417144345,167.28038024902344,13919700,3M,True,True
2025-12-15,MMM,167.93404950918068,168.72638115600657,159.46603431413817,160.4069366455078,14323100,3M,True,True
2025-12-22,MMM,160.62480409972903,161.08039968263913,156.93057632758624,160.52577209472656,6263600,3M,True,True
2025-12-29,MMM,160.3177884784314,161.13983124115222,157.53473659844957,160.26828002929688,6641600,3M,True,True
2026-01-05,MMM,159.43631248865614,164.93309497317497,159.25804581414275,163.6554718017578,13317400,3M,True,True
2026-01-12,MMM,162.72449546998448,171.40048853126072,161.54590421442083,166.19093322753906,19434800,3M,True,True
2026-01-19,MMM,157.9210029039344,162.69479033079787,151.6021921217083,161.12002563476562,28892100,3M,True,True
2026-01-26,MMM,160.44654213491933,161.29829598778863,150.54243459572677,151.69131469726562,21750300,3M,True,True
2026-02-02,MMM,152.07757843485234,171.32125265440752,149.10634609205147,170.99441528320312,27858900,3M,True,True
2026-02-09,MMM,170.7568923475303,176.49720930104357,167.88176232878487,170.93597412109375,18611100,3M,True,True
2026-02-16,MMM,169.1253305035857,170.61761283155852,161.6738619476737,166.20045471191406,14626200,3M,True,True
2026-02-23,MMM,165.84231084309104,167.4241265103685,162.0320147073773,164.46942138671875,17219500,3M,True,True
2026-03-02,MMM,161.43509608568863,163.38500303427284,150.9791621995567,152.6206817626953,21376800,3M,True,True
2026-03-09,MMM,150.71057572067494,155.70473643708004,146.9599684609925,150.1833038330078,25371000,3M,True,True
2026-03-16,MMM,151.80490759909944,151.96408802851795,138.62307999597104,140.4735107421875,24933000,3M,True,True
2026-03-23,MMM,143.29888622421933,148.40249647343342,141.9259968508443,142.3040313720703,16439600,3M,True,True
2026-03-30,MMM,142.9606420684043,146.52222433174967,141.03062118790558,143.7266845703125,10071000,3M,True,True
2026-04-06,MMM,143.27899662839286,150.7205064939178,141.90609210759035,149.5465850830078,13913700,3M,True,True
2026-04-13,MMM,149.1585819977181,155.57540799429643,147.94487303336342,153.75482177734375,14653600,3M,True,True
2026-04-20,MMM,153.22754409876427,157.32634111209754,142.85120040046334,145.23886108398438,27558500,3M,True,True
2026-04-27,MMM,144.93044630104774,146.56202281730478,141.46835569646865,141.76681518554688,18250600,3M,True,True
2026-05-04,MMM,141.13011443635602,147.55688366563217,140.66253142650356,142.55274963378906,17679500,3M,True,True
2026-05-11,MMM,142.7616753945715,148.98946148346846,141.28929442146847,145.46768188476562,23125600,3M,True,True
2026-05-18,MMM,146.60000610351562,153.4600067138672,146.5,152.44000244140625,20066400,3M,True,True
2026-05-25,MMM,153.1199951171875,156.69000244140625,151.24000549316406,153.1300048828125,16322500,3M,True,True
2026-06-01,MMM,150.3300018310547,154.63999938964844,148.39999389648438,153.75999450683594,14374900,3M,True,True
2026-06-08,MMM,152.8000030517578,163.00999450683594,151.72000122070312,158.32000732421875,23801200,3M,True,True
2026-06-15,MMM,161.41000366210938,164.3000030517578,157.2100067138672,160.60000610351562,18572700,3M,True,True
2026-06-22,MMM,161.02999877929688,169.75999450683594,160.52000427246094,164.00999450683594,18730000,3M,True,True
2026-06-29,MMM,164.2100067138672,165.58999633789062,159.22500610351562,161.97000122070312,10176388,3M,True,True
2024-01-01,MRK,100.9309109962982,108.78088525426283,100.9309109962982,108.38330078125,40995700,Merck,True,True
2024-01-08,MRK,108.72541182622642,110.8982614678294,107.4217090955132,109.68701171875,36722200,Merck,True,True
2024-01-15,MRK,109.55755153356853,110.39895397178874,107.82852722677146,109.92739868164062,30554000,Merck,True,True
2024-01-22,MRK,110.06607897082782,111.89681119892872,108.42950783059712,111.7118911743164,36137600,Merck,True,True
2024-01-29,MRK,112.20195481268652,117.9438093279251,111.12015766943462,116.88050842285156,49213000,Merck,True,True
2024-02-05,MRK,117.40754010901821,118.40611830398404,115.6137859081245,115.99287414550781,35123000,Merck,True,True
2024-02-12,MRK,115.57679631224242,118.4338513310421,115.02202910079322,118.1564712524414,31176700,Merck,True,True
2024-02-19,MRK,118.4708387461534,120.42177554890988,117.2410999928998,119.69132232666016,23496800,Merck,True,True
2024-02-26,MRK,119.62660241948315,119.92247165849902,116.88973788899007,117.38903045654297,32905300,Merck,True,True
2024-03-04,MRK,115.07750936390583,117.00070904212276,112.85843335475154,114.18988037109375,48040300,Merck,True,True
2024-03-11,MRK,115.98425087903279,115.98425087903279,110.94105457180821,113.07184600830078,85187000,Merck,True,True
2024-03-18,MRK,113.37890943037075,115.83537439092433,112.01110362526825,115.2398681640625,44980500,Merck,True,True
2024-03-25,MRK,115.45388781502238,123.8468161354271,115.1654343683114,122.7767562866211,42721500,Merck,True,True
2024-04-01,MRK,122.52551257959755,123.10241942457468,118.17087608686387,119.09204864501953,32149300,Merck,True,True
2024-04-08,MRK,118.76637860110266,119.02691167215276,116.35644059489537,116.99846649169922,30324000,Merck,True,True
2024-04-15,MRK,117.88242991495578,118.93386901404132,115.84467788766338,117.03569030761719,32348100,Merck,True,True
2024-04-22,MRK,117.90103764365058,123.5676605793685,116.63558515911895,122.07888793945312,43186400,Merck,True,True
2024-04-29,MRK,122.56275686280632,123.00938303274528,118.33837921924435,118.64543914794922,33273100,Merck,True,True
2024-05-06,MRK,118.33837217254411,122.36734264047517,117.94757252236975,121.01815032958984,34832700,Merck,True,True
2024-05-13,MRK,120.5063825545422,122.79536813651885,119.11997732867641,122.06959533691406,34300800,Merck,True,True
2024-05-20,MRK,121.71599537781577,123.55834042268354,120.18071020675721,120.4877700805664,28337300,Merck,True,True
2024-05-27,MRK,119.88296334153469,120.10628351039978,114.1698203528012,116.81238555908203,49942000,Merck,True,True
2024-06-03,MRK,117.02640343098368,122.23708720404011,117.02640343098368,121.58575439453125,32186100,Merck,True,True
2024-06-10,MRK,121.54851429298942,123.48391292149135,119.65032858900281,120.47845458984375,35651600,Merck,True,True
2024-06-17,MRK,120.01044670634084,122.80921470325515,118.64381345815377,122.35991668701172,42575600,Merck,True,True
2024-06-24,MRK,122.87474840095112,126.0198631734552,113.13986968327009,115.88248443603516,92779600,Merck,True,True
2024-07-01,MRK,117.36143015398166,120.92776982180459,116.92149458812186,118.36299896240234,27967200,Merck,True,True
2024-07-08,MRK,118.69063770926695,121.62045202754493,115.78888934591161,119.58924102783203,30742000,Merck,True,True
2024-07-15,MRK,119.8138638786649,120.77798992192949,114.54392853055336,117.72647857666016,39091100,Merck,True,True
2024-07-22,MRK,117.89498182463089,120.49718836293184,116.23818367361764,117.24911499023438,28789800,Merck,True,True
2024-07-29,MRK,117.7358484043772,119.80450892042509,104.28487382091022,107.83248138427734,98061700,Merck,True,True
2024-08-05,MRK,107.59846504714234,107.75759826537737,103.63899519483684,107.22405242919922,47044700,Merck,True,True
2024-08-12,MRK,107.3738412241529,107.52361201961742,104.37849672950858,106.40035247802734,46393100,Merck,True,True
2024-08-19,MRK,106.39098927589917,109.33952839310966,106.06336747046328,109.14295959472656,36283300,Merck,True,True
2024-08-26,MRK,109.26464084293178,111.15545041511764,107.87928977130366,110.8746337890625,33503500,Merck,True,True
2024-09-02,MRK,110.69678696721586,112.60632140557075,107.14917225071696,110.30364227294922,35920700,Merck,True,True
2024-09-09,MRK,105.91359568766393,109.42376783501383,105.22092371686334,108.45027923583984,50491800,Merck,True,True
2024-09-16,MRK,109.11932789728586,112.49278688576908,109.11932789728586,110.41028594970703,58060500,Merck,True,True
2024-09-23,MRK,110.43854759708503,111.34317003670647,106.41489367401421,107.13105010986328,47460200,Merck,True,True
2024-09-30,MRK,107.05565509443157,108.16757926487041,103.07911260033259,103.43718719482422,47679500,Merck,True,True
2024-10-07,MRK,103.37123795110851,104.57739885113308,101.59027548921367,103.3995132446289,40700100,Merck,True,True
2024-10-14,MRK,103.11682056570083,105.14278530061596,102.29700957364399,102.4289321899414,44034100,Merck,True,True
2024-10-21,MRK,102.78700314527212,102.87180745138274,97.86815209206301,97.98123168945312,49214100,Merck,True,True
2024-10-28,MRK,98.56546828701609,99.0460476380509,92.91161725117298,96.00238800048828,57756000,Merck,True,True
2024-11-04,MRK,96.11546924261283,97.27451188792323,94.72084946680582,96.98239135742188,43359400,Merck,True,True
2024-11-11,MRK,96.61489088717107,97.43470188330204,89.02931165539896,90.75373077392578,56396900,Merck,True,True
2024-11-18,MRK,90.98930946082525,95.91758624165698,89.76431268396337,93.45816040039062,69071300,Merck,True,True
2024-11-25,MRK,94.31564889167429,97.48180584478192,93.76911545692104,95.77622985839844,59866600,Merck,True,True
2024-12-02,MRK,95.86105273013314,98.13201261559493,94.66431683597695,97.14258575439453,58947100,Merck,True,True
2024-12-09,MRK,96.92585680413622,99.00835781062864,93.53354750482386,96.11547088623047,71807500,Merck,True,True
2024-12-16,MRK,96.17244833526695,97.15079405761081,92.91445794376604,93.13292694091797,79070100,Merck,True,True
2024-12-23,MRK,94.12077771264087,95.317592581593,93.27541049280724,94.70018768310547,23107900,Merck,True,True
2024-12-30,MRK,94.57671034675414,95.31759333205575,93.34190054005704,94.16827392578125,25670500,Merck,True,True
2025-01-06,MRK,93.81681140428772,97.80619128430567,93.1329245432585,94.27274322509766,40985200,Merck,True,True
2025-01-13,MRK,94.47221718210011,96.40041431986855,93.00944519042969,93.00944519042969,52197400,Merck,True,True
2025-01-20,MRK,93.16142357406918,93.3418904055155,90.37835878607275,90.75830078125,54594600,Merck,True,True
2025-01-27,MRK,91.78414187870136,95.04213260210591,91.1667442412084,93.86431884765625,59744700,Merck,True,True
2025-02-03,MRK,93.2089168055869,95.12762072333499,82.75105793734062,82.90303039550781,121196800,Merck,True,True
2025-02-10,MRK,82.82704046879763,83.567930659619,77.97329915960484,78.84716796875,104113800,Merck,True,True
2025-02-17,MRK,77.06144436592544,85.040197874794,76.97596121517624,85.01170349121094,73863300,Merck,True,True
2025-02-24,MRK,85.21117105004491,88.393171896204,84.40379878263012,87.62379455566406,77603400,Merck,True,True
2025-03-03,MRK,87.17737347440912,92.48704736916814,85.96156465861382,89.90345001220703,77227300,Merck,True,True
2025-03-10,MRK,89.9414307599394,92.13558515971832,88.20320097078908,89.82744598388672,83779600,Merck,True,True
2025-03-17,MRK,89.7220637107243,91.42740446116683,89.16638874659903,89.2047119140625,113669900,Merck,True,True
2025-03-24,MRK,89.00351791749002,89.20470905818458,83.427625144509,85.4874496459961,76724500,Merck,True,True
2025-03-31,MRK,85.50660932462395,86.48382450077081,77.67928336815449,78.05292510986328,75165700,Merck,True,True
2025-04-07,MRK,77.61223271276968,79.77743719331228,72.77403987586399,75.8589859008789,105743200,Merck,True,True
2025-04-14,MRK,76.66373456314054,76.66373456314054,72.74528409118051,74.72846221923828,69807000,Merck,True,True
2025-04-21,MRK,74.80511042057078,79.78700510266307,72.8410901714286,79.2696533203125,88713400,Merck,True,True
2025-04-28,MRK,79.51874966349675,82.2300533641097,78.94391679045921,79.69120025634766,68661000,Merck,True,True
2025-05-05,MRK,79.7391215977836,80.07444023002363,72.63991266805407,72.78362274169922,68569600,Merck,True,True
2025-05-12,MRK,72.73569984914155,77.86130433534149,70.23517000747646,72.86982727050781,99132700,Merck,True,True
2025-05-19,MRK,72.77402500616807,75.85897040084544,72.51535277485004,74.32608032226562,59526700,Merck,True,True
2025-05-26,MRK,74.74761123968278,74.92006180893694,72.41953220944956,73.61710357666016,55604400,Merck,True,True
2025-06-02,MRK,73.78956745290637,76.15597007076784,72.23751935912283,75.65778350830078,66267100,Merck,True,True
2025-06-09,MRK,76.27093353431525,78.98223713817801,75.3703574360748,78.28285217285156,71082900,Merck,True,True
2025-06-16,MRK,78.26350247112325,78.71829899618588,74.60578790818361,76.50238037109375,84465700,Merck,True,True
2025-06-23,MRK,76.67655464720285,78.82473800794382,75.61214153025917,76.54108428955078,121176000,Merck,True,True
2025-06-30,MRK,76.68623787515,80.38265939288237,75.84437998775033,78.3118896484375,59483200,Merck,True,True
2025-07-07,MRK,78.33123002703898,82.2502137530086,77.55711479773537,80.66326904296875,71367900,Merck,True,True
2025-07-14,MRK,80.73100576383116,81.6309201797832,77.27649701535343,77.37326049804688,53521900,Merck,True,True
2025-07-21,MRK,77.5667956052135,82.46310022671447,76.39593309064706,81.96959686279297,51809400,Merck,True,True
2025-07-28,MRK,81.73737077500188,82.22119562165624,74.18002903268666,76.72494506835938,85477200,Merck,True,True
2025-08-04,MRK,76.50237725974469,78.68926748707608,75.89276065157486,78.07965087890625,54106700,Merck,True,True
2025-08-11,MRK,78.34091734312484,81.9986319586726,77.05394149466731,81.48577880859375,47806200,Merck,True,True
2025-08-18,MRK,81.53415772405603,84.99833769662995,81.35998049998176,84.54354858398438,57352400,Merck,True,True
2025-08-25,MRK,84.38871516376199,84.56289237557638,79.97623564123747,81.398681640625,59426700,Merck,True,True
2025-09-01,MRK,81.76639133237366,83.03400994800006,80.31491693002384,81.96959686279297,50143000,Merck,True,True
2025-09-08,MRK,81.43739055194287,82.7824228503757,80.121386559111,80.13105773925781,55558700,Merck,True,True
2025-09-15,MRK,80.23856032666079,80.86397293479148,78.70434385741733,79.65223693847656,69024500,Merck,True,True
2025-09-22,MRK,79.89654078185872,80.07243854785023,75.81181039872841,76.76947021484375,64065100,Merck,True,True
2025-09-29,MRK,76.80855800671195,88.92594038550897,76.25154966735265,87.15719604492188,95382500,Merck,True,True
2025-10-06,MRK,86.8053956782286,88.25165946391957,83.96171658211732,84.03012084960938,52962500,Merck,True,True
2025-10-13,MRK,83.7076490075073,84.4894110103079,81.26462876968147,82.85747528076172,47865600,Merck,True,True
2025-10-20,MRK,83.30699693716733,86.76631477209291,83.09200994573872,85.49594116210938,44980100,Merck,True,True
2025-10-27,MRK,85.51548241594107,86.28747770506455,81.40143723378131,84.02035522460938,55558200,Merck,True,True
2025-11-03,MRK,83.81513648481686,84.61644683842705,80.1408393517052,84.31351470947266,55977800,Merck,True,True
2025-11-10,MRK,84.71417496920546,92.9129505635031,83.84446033206349,90.80217742919922,72692600,Merck,True,True
2025-11-17,MRK,91.10511638642835,97.98465499630338,90.01064060710416,95.53186798095703,92878100,Merck,True,True
2025-11-24,MRK,96.86086986003207,103.42770205002046,96.86086986003207,102.44072723388672,69324900,Merck,True,True
2025-12-01,MRK,102.33322965085883,103.27134849760051,96.92927025003638,97.44718933105469,67716000,Merck,True,True
2025-12-08,MRK,97.11493991756666,98.365772569103,93.87060926954881,98.01397705078125,70883200,Merck,True,True
2025-12-15,MRK,98.54617234368304,100.72425970552642,95.39238238970808,99.63028717041016,105873100,Merck,True,True
2025-12-22,MRK,99.17693125387248,105.50423415648473,98.95025659341927,105.23812866210938,42339400,Merck,True,True
2025-12-29,MRK,105.30712084254756,106.03643338888399,102.9220666239685,104.91289520263672,32134500,Merck,True,True
2026-01-05,MRK,105.46481377122744,111.26976355481032,104.2722866657256,108.9339828491211,77984200,Merck,True,True
2026-01-12,MRK,109.36763589101596,109.9688283206127,105.67178448901747,107.25853729248047,58603000,Merck,True,True
2026-01-19,MRK,106.54892337306639,110.35318668756459,105.38596193206598,106.61791229248047,47937600,Merck,True,True
2026-01-26,MRK,106.24340667393838,108.94383987509906,104.49896067755574,108.677734375,57935400,Merck,True,True
2026-02-02,MRK,108.52990734918957,120.88883491526408,108.3623563767735,120.16937255859375,102842200,Merck,True,True
2026-02-09,MRK,119.6568832397461,121.54915726818115,114.42355277589195,119.6568832397461,62449100,Merck,True,True
2026-02-16,MRK,120.59316818119251,121.3027728548261,118.65161303784194,120.49461364746094,36079000,Merck,True,True
2026-02-23,MRK,120.54388337782994,123.33302095849481,117.28168104238405,122.0320816040039,57167600,Merck,True,True
2026-03-02,MRK,121.72656150347169,121.91381285777233,112.17647926113138,114.11803436279297,54924800,Merck,True,True
2026-03-09,MRK,113.31972776331946,117.28167690144559,112.46228758661354,113.94062805175781,40281800,Merck,True,True
2026-03-16,MRK,114.51648278397602,115.96606522737457,111.91519411345661,113.3647689819336,68213000,Merck,True,True
2026-03-23,MRK,115.34056083696396,120.20557704601073,113.20591001744202,118.7758560180664,41571600,Merck,True,True
2026-03-30,MRK,119.70915033275757,121.31758653430792,116.38307027994088,120.00701141357422,34536900,Merck,True,True
2026-04-06,MRK,119.55029439934303,123.11465870491811,115.66820757357226,120.5530776977539,43896800,Merck,True,True
2026-04-13,MRK,120.1658612226025,120.43393770166797,113.89098545696673,118.21985626220703,54090900,Merck,True,True
2026-04-20,MRK,118.29928735525782,118.50778707594793,110.70390575904736,111.1010513305664,42085300,Merck,True,True
2026-04-27,MRK,110.42590854668147,113.72220398501874,107.1296131083442,111.35919952392578,55146000,Merck,True,True
2026-05-04,MRK,110.6145547411596,113.80163496534985,109.9592633955711,110.58476257324219,35879700,Merck,True,True
2026-05-11,MRK,111.34926914309543,113.2555588440261,110.1479092511051,110.58476257324219,40291600,Merck,True,True
2026-05-18,MRK,110.63440330803459,121.78422577181381,110.17768856251277,121.5360107421875,46885100,Merck,True,True
2026-05-25,MRK,122.02251603024149,122.2508696266783,117.34614555300868,117.87236022949219,43025900,Merck,True,True
2026-06-01,MRK,116.71070950722283,122.57850884585251,113.54348331751046,119.92757415771484,57844400,Merck,True,True
2026-06-08,MRK,119.98714831311875,121.83386880889546,116.42278398976894,118.20000457763672,56390600,Merck,True,True
2026-06-15,MRK,118.70999908447266,118.94999694824219,111.56999969482422,113.87000274658203,66042600,Merck,True,True
2026-06-22,MRK,113.97000122070312,128.77999877929688,113.0,128.66000366210938,64403900,Merck,True,True
2026-06-29,MRK,127.6500015258789,130.2899932861328,125.06999969482422,126.45500183105469,24181070,Merck,True,True
2024-01-01,MSFT,366.7344694849405,368.7355968609103,359.5147604251864,360.7409362792969,90248200,Microsoft,True,True
2024-01-08,MSFT,362.26142240756894,383.2339413242779,361.9769711318451,381.0660705566406,118990200,Microsoft,True,True
2024-01-15,MSFT,386.15713262064656,391.0716552734375,377.47580114471094,391.0716552734375,102159600,Microsoft,True,True
2024-01-22,MSFT,392.39590240756684,399.252698508115,386.0884606601971,396.23138427734375,111234300,Microsoft,True,True
2024-01-29,MSFT,398.3207885537787,407.40430925031615,389.63945714696007,403.3824462890625,164773300,Microsoft,True,True
2024-02-05,MSFT,402.0875942752692,412.799480086422,395.2308282367285,412.53460693359375,109333500,Microsoft,True,True
2024-02-12,MSFT,413.3074055974405,413.48429428463265,396.43352046346416,397.0919494628906,113551000,Microsoft,True,True
2024-02-19,MSFT,396.28598561281916,408.688344814685,390.36981326524347,403.2635498046875,86132600,Microsoft,True,True
2024-02-26,MSFT,404.36431761860183,408.6982702714908,396.8855673204502,408.33465576171875,93983100,Microsoft,True,True
2024-03-04,MSFT,406.310089461772,410.1526637854132,391.5196438095607,399.214599609375,103580000,Microsoft,True,True
2024-03-11,MSFT,396.7971196774919,420.4421996749867,394.3402324791545,409.2388000488281,134930900,Microsoft,True,True
2024-03-18,MSFT,407.10620500376115,423.39046040182325,406.64430901508865,421.3463134765625,96748700,Microsoft,True,True
2024-03-25,MSFT,417.9066404972677,420.03923160404156,411.78409730319055,413.464599609375,73362300,Microsoft,True,True
2024-04-01,MSFT,416.63886063349975,421.27746394558585,410.3688809456278,418.1817626953125,86656000,Microsoft,True,True
2024-04-08,MSFT,417.83789515035807,421.9654475490867,412.4622248905904,414.624267578125,80206100,Microsoft,True,True
2024-04-15,MSFT,419.2431711525549,419.45937839143295,390.9103356715456,392.237060546875,104490300,Microsoft,True,True
2024-04-22,MSFT,393.18048700909907,405.8776909237546,381.3383048757587,399.3128967285156,121367900,Microsoft,True,True
2024-04-29,MSFT,398.26131554054336,400.1285433474104,382.45863421754575,399.6470031738281,107082100,Microsoft,True,True
2024-05-06,MSFT,401.7108531344694,408.2166849740278,399.3620548164094,407.58770751953125,76899100,Microsoft,True,True
2024-05-13,MSFT,411.5422793341161,418.8376304638378,404.4635254190764,413.7082214355469,85671300,Microsoft,True,True
2024-05-20,MSFT,413.7082136808511,426.8910488204522,413.491616470229,423.5042724609375,84866100,Microsoft,True,True
2024-05-27,MSFT,422.9825264613416,424.2722549968132,398.25120211572766,408.7068786621094,107624900,Microsoft,True,True
2024-06-03,MSFT,409.100686153971,419.68435613947076,402.59297419397797,417.2919616699219,77304600,Microsoft,True,True
2024-06-10,MSFT,418.12881984050955,436.5394651197911,417.33135501000845,435.7223205566406,80442800,Microsoft,True,True
2024-06-17,MSFT,435.7419852249483,443.96279515353194,433.9009237652081,442.82073974609375,91967000,Microsoft,True,True
2024-06-24,MSFT,442.84042503151323,449.1118899850864,439.50289267468526,440.0345458984375,92002700,Microsoft,True,True
2024-07-01,MSFT,441.71806095755556,461.10340760685847,438.7644787972196,460.32562255859375,57575700,Microsoft,True,True
2024-07-08,MSFT,459.33123503219224,460.4634655503568,443.67725577045155,446.5323791503906,87801100,Microsoft,True,True
2024-07-15,MSFT,446.28627276277905,450.18502302491805,425.31585048613374,430.3467712402344,95118300,Microsoft,True,True
2024-07-22,MSFT,434.95432099073486,441.45220713067783,410.8136925482291,418.6899108886719,109249300,Microsoft,True,True
2024-07-29,MSFT,424.9023201387618,425.4635079651025,398.08380349930894,402.1695861816406,150439100,Microsoft,True,True
2024-08-05,MSFT,383.14850152724057,403.73494087475643,379.6140220898344,399.7377624511719,125786300,Microsoft,True,True
2024-08-12,MSFT,401.4840540196923,415.5684441235936,398.7026754030681,412.7377624511719,97971900,Microsoft,True,True
2024-08-19,MSFT,413.22103831061105,420.94379909408786,406.4451490290269,411.0807800292969,85544600,Microsoft,True,True
2024-08-26,MSFT,410.66655359676616,416.2687416602011,401.7306600006495,411.426025390625,82881900,Microsoft,True,True
2024-09-02,MSFT,412.1854243761748,414.1284402936249,395.3097834719027,396.1974792480469,69254400,Microsoft,True,True
2024-09-09,MSFT,401.6615859926195,425.914746697553,396.6413128102212,424.6917419433594,87426600,Microsoft,True,True
2024-09-16,MSFT,424.70160417013443,435.7975005454016,422.3542008321507,429.3076171875,128480600,Microsoft,True,True
2024-09-23,MSFT,428.331211773882,430.4813428116923,420.263269006618,422.1569519042969,74929200,Microsoft,True,True
2024-09-30,MSFT,422.3443098358633,424.52405861190636,408.61500483964,410.3607482910156,85338600,Microsoft,True,True
2024-10-07,MSFT,410.30159418277736,414.6216013605329,402.5788634783775,410.6172180175781,83116700,Microsoft,True,True
2024-10-14,MSFT,412.04736513559885,418.2314977806936,404.85724541169236,412.4320373535156,83027500,Microsoft,True,True
2024-10-21,MSFT,410.41994549063486,426.5952907757042,408.082414782611,422.28515625,89823400,Microsoft,True,True
2024-10-28,MSFT,425.7470947825885,432.4933963729021,400.73446218209745,404.74871826171875,140477000,Microsoft,True,True
2024-11-04,MSFT,404.1865074591401,421.0029729504369,400.0144696767764,416.75201416015625,100773300,Microsoft,True,True
2024-11-11,MSFT,416.7322563451928,423.44896968915293,407.97392100075103,409.3152770996094,123901200,Microsoft,True,True
2024-11-18,MSFT,410.0061424048417,414.8585821676316,405.4798506776461,412.1111755371094,107647000,Microsoft,True,True
2024-11-25,MSFT,413.47502279516493,424.0100512519426,409.9864088348838,418.4954528808594,85754300,Microsoft,True,True
2024-12-02,MSFT,416.62761311144203,440.87002757046025,416.3706516432257,438.36968994140625,105037400,Microsoft,True,True
2024-12-09,MSFT,437.4110125703092,450.812034216857,435.33562670615316,442.0262451171875,97826700,Microsoft,True,True
2024-12-16,MSFT,442.0262741809831,449.9522684111678,423.6048219518138,431.48138427734375,158004200,Microsoft,True,True
2024-12-23,MSFT,431.6197305982217,435.77050263156633,421.351556737901,425.4825439453125,52628900,Microsoft,True,True
2024-12-30,MSFT,421.064938701303,422.53746052991323,409.9863713823294,418.38671875,59964600,Microsoft,True,True
2025-01-06,MSFT,422.9822177111358,429.22813059419343,410.1543816529302,414.038330078125,73968400,Microsoft,True,True
2025-01-13,MSFT,410.3717853035743,429.386239236107,405.9047878931223,424.0001220703125,95676000,Microsoft,True,True
2025-01-20,MSFT,425.1563895890258,442.0262396670104,420.6103135044975,438.8538818359375,87828300,Microsoft,True,True
2025-01-27,MSFT,419.03902373836587,443.1233112014372,408.3162203600078,410.1939392089844,171469100,Microsoft,True,True
2025-02-03,MSFT,406.77451462261126,413.7418501912579,403.3155477128268,404.9461975097656,101724500,Microsoft,True,True
2025-02-10,MSFT,408.8597290927234,410.5892124039572,399.62923321079916,403.6416320800781,104730400,Microsoft,True,True
2025-02-17,MSFT,404.02514760330365,415.22495993909735,402.5397610312327,404.23309326171875,96570800,Microsoft,True,True
2025-02-24,MSFT,404.530225783436,405.3818329904114,382.8039671137811,393.1224365234375,129423200,Microsoft,True,True
2025-03-03,MSFT,394.9346013328375,398.2321463285987,377.2882010542845,389.478271484375,121122400,Microsoft,True,True
2025-03-10,MSFT,382.0810642374801,386.42831046600287,373.23806937541445,384.7745666503906,127899700,Microsoft,True,True
2025-03-17,MSFT,382.9326995989105,388.88412836885817,377.3872499291507,387.4482727050781,119293100,Microsoft,True,True
2025-03-24,MSFT,391.54790363873605,392.49854260572937,373.2578420054409,375.109619140625,88286700,Microsoft,True,True
2025-03-31,MSFT,368.910636291478,381.3284469078932,355.97787229621173,356.3343505859375,150374700,Microsoft,True,True
2025-04-07,MSFT,347.46165710691514,389.39908042669094,341.43099081105356,384.6656494140625,198357200,Microsoft,True,True
2025-04-14,MSFT,389.38915032864435,390.80521164615124,363.31567729138493,364.1969909667969,79539100,Microsoft,True,True
2025-04-21,MSFT,359.28532025526823,388.33947870228997,352.20498346274394,388.0325012207031,102043300,Microsoft,True,True
2025-04-28,MSFT,388.1414246151365,435.1588741169636,380.6946971110838,431.0393981933594,157710000,Microsoft,True,True
2025-05-05,MSFT,428.65285408017394,439.3476555798269,426.9099908238748,434.4557800292969,97351100,Microsoft,True,True
2025-05-12,MSFT,442.4062496130379,452.5750257571549,436.29505953626415,450.67022705078125,112185600,Microsoft,True,True
2025-05-19,MSFT,447.3071054951858,456.6028501478291,445.3527151156796,446.6126403808594,90904300,Microsoft,True,True
2025-05-26,MSFT,452.8627466415357,458.85486233835934,451.7020046994156,456.71197509765625,86805900,Microsoft,True,True
2025-06-02,MSFT,453.51748522217065,469.5890928719542,453.2694663052689,466.6525573730469,81950300,Microsoft,True,True
2025-06-09,MSFT,465.9779912125434,476.613044448219,463.2596830739585,471.1962890625,84010100,Microsoft,True,True
2025-06-16,MSFT,471.4442951073658,479.62891980922967,470.3232446980211,473.616943359375,86142900,Microsoft,True,True
2025-06-23,MSFT,474.4205266794168,495.3434002058453,468.7657131801313,492.0100402832031,120782800,Microsoft,True,True
2025-06-30,MSFT,493.10136064378753,496.79188380488125,484.8274521630251,494.8870849609375,78618800,Microsoft,True,True
2025-07-07,MSFT,493.4386411124529,502.76414710226334,490.19453403522664,499.3315734863281,77439300,Microsoft,True,True
2025-07-14,MSFT,497.5458045420451,510.5618634291492,497.0596971271457,506.0082092285156,80853200,Microsoft,True,True
2025-07-21,MSFT,502.69466113085815,514.1828842249572,496.73230686027284,509.63922119140625,79564700,Microsoft,True,True
2025-07-28,MSFT,510.00635906759686,551.0485312644471,505.40311268920993,519.9568481445312,137752500,Microsoft,True,True
2025-08-04,MSFT,524.0838712861313,533.9847678088291,513.4487878515388,517.9031982421875,97486400,Microsoft,True,True
2025-08-11,MSFT,518.1610996103129,528.4787105854463,514.9666450837208,516.0479736328125,103963000,Microsoft,True,True
2025-08-18,MSFT,518.3074538711124,519.5296935847672,499.248138173549,504.0378112792969,115732100,Microsoft,True,True
2025-08-25,MSFT,503.44157021670077,507.8734930788632,495.37267762733586,503.5011901855469,108729400,Microsoft,True,True
2025-09-01,MSFT,497.3203419248263,508.74796779288187,489.27131242222254,491.884765625,81977400,Microsoft,True,True
2025-09-08,MSFT,494.9751997481935,509.32432605160386,491.91459664112483,506.6910095214844,95299800,Microsoft,True,True
2025-09-15,MSFT,505.5880682571194,516.0319056285313,502.74605116916814,514.6705322265625,124060100,Microsoft,True,True
2025-09-22,MSFT,512.3452239465698,514.4816567933428,501.8616008886848,508.2411804199219,85342200,Microsoft,True,True
2025-09-29,MSFT,508.2808961662582,518.3173079787267,505.67738987864277,514.0940551757812,96313500,Microsoft,True,True
2025-10-06,MSFT,515.3461732734269,527.6880531058517,506.42270727517143,507.74432373046875,91844600,Microsoft,True,True
2025-10-13,MSFT,513.160015977422,513.9351362641388,502.8155566079723,510.3478698730469,79090600,Microsoft,True,True
2025-10-20,MSFT,511.3712778968226,522.0436758041421,509.8111514427185,520.3146362304688,78770400,Microsoft,True,True
2025-10-27,MSFT,528.4333211388648,550.2351855643233,511.85824179468614,514.5512084960938,159773900,Microsoft,True,True
2025-11-03,MSFT,516.5386342837014,521.6562476229249,490.1457889557352,493.6933288574219,117784000,Microsoft,True,True
2025-11-10,MSFT,496.8930688806349,510.26835155188155,494.30942559248354,506.96923828125,124435200,Microsoft,True,True
2025-11-17,MSFT,506.1957708966248,509.8494827341369,466.19388806310616,470.0268249511719,134724900,Microsoft,True,True
2025-11-24,MSFT,472.8940787426815,490.44592067381114,462.8289161975675,489.82867431640625,102536600,Microsoft,True,True
2025-12-01,MSFT,486.27447287234736,491.3120366125034,473.0931829700567,481.01788330078125,123068700,Microsoft,True,True
2025-12-08,MSFT,482.74023523056417,490.1173559605852,472.9737003091487,476.4084167480469,118335500,Microsoft,True,True
2025-12-15,MSFT,477.97145157348285,487.4293327070421,468.79232782646386,483.7656555175781,168370100,Microsoft,True,True
2025-12-22,MSFT,483.9647519840473,486.9912824626339,480.5499663934209,485.5476989746094,46344700,Microsoft,True,True
2025-12-29,MSFT,482.7103357885525,487.5089733834654,468.07552715971417,470.84320068359375,66011100,Microsoft,True,True
2026-01-05,MSFT,471.9582322108041,487.52890618296374,467.41845159712034,477.15509033203125,110505800,Microsoft,True,True
2026-01-12,MSFT,474.55666674461946,478.85749066058463,453.8787324099375,457.8211669921875,137722500,Microsoft,True,True
2026-01-19,MSFT,449.21948147923746,469.01134678020316,436.73507005896516,463.8841857910156,127460100,Microsoft,True,True
2026-01-26,MSFT,463.2470526341802,481.59533621269946,419.15340318063693,428.38232421875,282802600,Microsoft,True,True
2026-02-02,MSFT,428.3325012396239,428.8302844663834,390.5806383362641,399.3615417480469,268460900,Microsoft,True,True
2026-02-09,MSFT,403.05508937243906,421.80159253743045,396.24541839871364,399.5407409667969,207723400,Microsoft,True,True
2026-02-16,MSFT,398.3572104811557,403.55594214873116,393.6773440315898,396.37152099609375,117551400,Microsoft,True,True
2026-02-23,MSFT,394.14633029105534,406.60932729421995,380.88504396822566,391.8912048339844,206521600,Microsoft,True,True
2026-03-02,MSFT,392.0109308140201,412.1572983375802,389.78576981048985,408.0761413574219,179607300,Microsoft,True,True
2026-03-09,MSFT,404.0449046302205,409.32345001369174,393.3979511212616,394.69512939453125,141462300,Microsoft,True,True
2026-03-16,MSFT,397.2097094409362,403.5260158214036,379.29849030352204,381.0447082519531,155862500,Microsoft,True,True
2026-03-23,MSFT,383.070302957795,386.3731468955888,355.73951450811694,355.9989318847656,178314900,Microsoft,True,True
2026-03-30,MSFT,361.1178486789807,373.181715884584,355.50999960317876,372.6528625488281,143557700,Microsoft,True,True
2026-04-06,MSFT,372.6828143036645,384.16794896396414,365.76779853070303,370.0684814453125,129201100,Microsoft,True,True
2026-04-13,MSFT,372.8025456014624,430.64726300981,370.2181467210216,421.87628173828125,208524300,Microsoft,True,True
2026-04-20,MSFT,420.2397992151142,432.76269426771756,410.52085917054427,423.7023010253906,154774300,Microsoft,True,True
2026-04-27,MSFT,421.4671539705538,428.9908669910685,397.1498274740806,413.5443115234375,201875500,Microsoft,True,True
2026-05-04,MSFT,410.6505898366285,427.0550622070036,404.23446318504926,414.22283935546875,152379500,Microsoft,True,True
2026-05-11,MSFT,406.9884951720427,427.24464052002446,400.0136118984197,421.0081481933594,181767900,Microsoft,True,True
2026-05-18,MSFT,416.6199951171875,432.70001220703125,411.29998779296875,418.57000732421875,147230600,Microsoft,True,True
2026-05-25,MSFT,416.42999267578125,450.3299865722656,409.5799865722656,450.239990234375,186204400,Microsoft,True,True
2026-06-01,MSFT,464.8399963378906,466.32000732421875,414.3999938964844,416.6700134277344,191384400,Microsoft,True,True
2026-06-08,MSFT,414.1400146484375,417.1600036621094,382.2699890136719,390.739990234375,182069900,Microsoft,True,True
2026-06-15,MSFT,396.79998779296875,401.75,373.2799987792969,379.3999938964844,165475200,Microsoft,True,True
2026-06-22,MSFT,375.739990234375,381.6300048828125,349.20001220703125,372.9700012207031,382709200,Microsoft,True,True
2026-06-29,MSFT,377.5,380.5,359.8999938964844,373.0199890136719,96074100,Microsoft,True,True
2024-01-01,NKE,101.77472191003679,102.00170560770063,96.37435423386685,96.54459381103516,38365400,Nike,True,True
2024-01-08,NKE,96.54460432642608,100.55468376176941,96.21358489467883,99.36300659179688,40177000,Nike,True,True
2024-01-15,NKE,98.30373930014333,98.56855483177539,94.26528079570826,96.2608642578125,36143700,Nike,True,True
2024-01-22,NKE,96.23247942031155,97.67005235075706,94.6624915259471,97.17825317382812,45784200,Nike,True,True
2024-01-29,NKE,97.30121368588098,98.65367061608528,94.03829670261486,95.24888610839844,44584800,Nike,True,True
2024-02-05,NKE,95.05027102967769,99.26842149506317,93.67890184636798,98.83336639404297,42693700,Nike,True,True
2024-02-12,NKE,99.06034669401089,101.60448054820503,96.1379090889157,97.89704895019531,41217100,Nike,True,True
2024-02-19,NKE,97.5376572886611,100.83841331303401,96.6297152330763,99.90209197998047,31300400,Nike,True,True
2024-02-26,NKE,99.9552942919274,100.70512598723717,96.6522460994965,96.69969940185547,33529600,Nike,True,True
2024-03-04,NKE,96.48140032958139,96.59529405083249,92.12478445516587,94.11801147460938,46944200,Nike,True,True
2024-03-11,NKE,94.82037491802986,97.27867742097321,94.28884437678822,94.57359313964844,46464100,Nike,True,True
2024-03-18,NKE,93.9471675128012,96.73767242008844,87.05631467683834,89.0875015258789,80161000,Nike,True,True
2024-03-25,NKE,89.28681341292196,90.66308222749632,87.62579583048849,89.2013931274414,47793100,Nike,True,True
2024-04-01,NKE,89.04003769068088,89.14444509657153,84.28478653058839,84.32274627685547,52170900,Nike,True,True
2024-04-08,NKE,84.57900116512167,88.14781749194093,84.25628546825054,87.32205200195312,49813400,Nike,True,True
2024-04-15,NKE,88.83120562536197,91.32748208312948,86.9898541476274,89.7234115600586,53471500,Nike,True,True
2024-04-22,NKE,89.81833706113342,90.56816872729546,87.73969711717741,89.33427429199219,33151500,Nike,True,True
2024-04-29,NKE,89.63800035755247,90.0651162572207,85.5091795339379,87.46443939208984,34377100,Nike,True,True
2024-05-06,NKE,88.09088275203925,89.5241057305662,86.2590172734597,86.31597137451172,36160900,Nike,True,True
2024-05-13,NKE,86.62917970047373,89.54307873657642,86.23053723099143,87.49291229248047,56948800,Nike,True,True
2024-05-20,NKE,87.55935427798238,88.12884456483134,86.21155890943203,87.08477783203125,39788900,Nike,True,True
2024-05-27,NKE,87.0752865320557,90.23596748194996,86.70511747393785,90.21698760986328,39938000,Nike,True,True
2024-06-03,NKE,90.06450918937168,93.32330261501532,89.00683910278609,91.99882507324219,44127300,Nike,True,True
2024-06-10,NKE,91.21749411392321,92.41809515310158,88.90203886727771,88.98779296875,39972900,Nike,True,True
2024-06-17,NKE,87.6728556371249,92.6277363150073,87.6728556371249,92.59915161132812,37595600,Nike,True,True
2024-06-24,NKE,92.71347005914556,93.41858586217316,71.03586083313581,71.81720733642578,184373500,Nike,True,True
2024-07-01,NKE,71.9410820692439,73.42754448501361,70.7881199044789,71.87438201904297,106108100,Nike,True,True
2024-07-08,NKE,71.85533786625778,71.93156131286293,68.2916282086226,69.95913696289062,105132900,Nike,True,True
2024-07-15,NKE,69.55891750325902,70.44507934580324,67.88187855257937,69.27305603027344,79271500,Nike,True,True
2024-07-22,NKE,69.67328673089733,71.788634709809,67.56746213976407,69.13967895507812,71738000,Nike,True,True
2024-07-29,NKE,69.08250786365723,71.87439433431688,68.52984605600521,70.52133178710938,54710500,Nike,True,True
2024-08-05,NKE,67.71038292425179,71.06446180649218,67.41499798027317,70.83576965332031,52247000,Nike,True,True
2024-08-12,NKE,71.18832763946232,79.9832481472754,70.55944242471982,79.30671691894531,80172900,Nike,True,True
2024-08-19,NKE,79.30671187892108,80.6883589480243,78.86838893710187,80.08805847167969,42111500,Nike,True,True
2024-08-26,NKE,79.53540208500726,81.40301096232824,78.02034753839949,79.39247131347656,55128400,Nike,True,True
2024-09-02,NKE,79.16276200360454,79.38290105821109,76.25313956822224,77.17196655273438,39079600,Nike,True,True
2024-09-09,NKE,77.28681805589206,78.08122301567882,73.44879569667741,75.62144470214844,39008300,Nike,True,True
2024-09-16,NKE,75.92772390992954,84.22588616981717,75.31517259468771,82.80935668945312,91871700,Nike,True,True
2024-09-23,NKE,81.73739142962646,86.733518776421,81.4024035869115,85.6041259765625,74002300,Nike,True,True
2024-09-30,NKE,85.85298059443805,85.9008391360019,78.26307886114165,78.72249603271484,94325700,Nike,True,True
2024-10-07,NKE,78.61719685275717,79.87101151925175,76.50197973126429,78.62677001953125,53628900,Nike,True,True
2024-10-14,NKE,78.48320511865035,81.12483699408557,77.33467333047173,79.3637466430664,47622000,Nike,True,True
2024-10-21,NKE,79.29675690313518,79.52646182300369,75.15245866643065,75.46830749511719,38922000,Nike,True,True
2024-10-28,NKE,75.91816009526599,76.22443579062113,71.97485412815364,74.71219635009766,53163400,Nike,True,True
2024-11-04,NKE,74.64519440375724,75.18118231591895,71.8982864754546,72.62568664550781,48388600,Nike,True,True
2024-11-11,NKE,72.88411638204387,74.31978509356598,72.36727476963327,73.37224578857422,46302900,Nike,True,True
2024-11-18,NKE,72.89368797321023,74.17621515601866,69.59164562688727,74.08050537109375,61981000,Nike,True,True
2024-11-25,NKE,75.1333141589539,76.43498744702923,74.24319944434632,75.39173126220703,43661500,Nike,True,True
2024-12-02,NKE,74.95883673694458,78.09495036161329,74.16999915104779,75.89197540283203,57925700,Nike,True,True
2024-12-09,NKE,76.42108507674416,76.43069976750117,73.41002815216177,74.3143081665039,51290200,Nike,True,True
2024-12-16,NKE,73.842915325474,76.01702395444644,72.01511897465126,74.01607513427734,116814300,Nike,True,True
2024-12-23,NKE,73.42926238107411,75.43021870940856,72.8616801056859,73.51583862304688,31820800,Nike,True,True
2024-12-30,NKE,72.72700769279375,73.77558875779283,70.23543775374728,70.52403259277344,39435400,Nike,True,True
2025-01-06,NKE,70.94730550025793,71.49564370342738,68.3114347814659,68.49420928955078,52943200,Nike,True,True
2025-01-13,NKE,68.46535673285541,69.84101337948817,67.64766036851186,68.14789581298828,68191200,Nike,True,True
2025-01-20,NKE,68.59042360195383,71.86120917870383,68.43650048144598,70.77415466308594,46013300,Nike,True,True
2025-01-27,NKE,70.64908275262096,75.86310626061827,70.62983869688136,73.97759246826172,56124700,Nike,True,True
2025-02-03,NKE,72.05361800417111,75.18973207401626,66.01227456102346,66.06999206542969,83778400,Nike,True,True
2025-02-10,NKE,66.72413918684727,70.80300604273756,66.49326186957812,70.26428985595703,55642800,Nike,True,True
2025-02-17,NKE,71.66880165050232,75.02617030364561,71.66880165050232,73.5927963256836,65949500,Nike,True,True
2025-02-24,NKE,75.88235932151257,79.3070753746013,75.2089640147173,76.41146087646484,81899800,Nike,True,True
2025-03-03,NKE,77.33965284592344,78.2775145745494,73.92661512335326,75.98603820800781,47434500,Nike,True,True
2025-03-10,NKE,74.9418193209118,77.5330216575789,68.95691373744215,69.28565216064453,63343400,Nike,True,True
2025-03-17,NKE,69.74974772969789,71.70282216287123,63.01068714010924,65.68891143798828,138289000,Nike,True,True
2025-03-24,NKE,66.28836493340896,66.60743264905393,61.047950269531526,61.1929817199707,98671000,Nike,True,True
2025-03-31,NKE,60.75788717972029,63.23306659157043,50.760488052035,55.35310363769531,181326100,Nike,True,True
2025-04-07,NKE,53.56440495597472,57.57689867159787,50.54777885527676,52.587867736816406,197048100,Nike,True,True
2025-04-14,NKE,53.79644502317142,54.811653988853195,51.572653077320254,53.91246795654297,82353700,Nike,True,True
2025-04-21,NKE,53.400031977034686,57.23849284778466,51.72735351168312,55.71084213256836,87457900,Nike,True,True
2025-04-28,NKE,55.81720256395022,56.75506424856107,52.93594083853153,56.64870834350586,68746000,Nike,True,True
2025-05-05,NKE,56.19427658105446,58.38906384717589,54.90834613100345,56.36831283569336,72258200,Nike,True,True
2025-05-12,NKE,60.31313170293889,61.63773774007931,58.41807061009448,61.018943786621094,87837700,Nike,True,True
2025-05-19,NKE,60.0907529191955,61.096291250463885,57.5188882422593,58.03132629394531,74278700,Nike,True,True
2025-05-26,NKE,59.10454820033255,61.01894336368849,58.108673230604346,58.58243942260742,57030800,Nike,True,True
2025-06-02,NKE,58.44617389658846,61.959758011826594,58.00819182866989,61.12272644042969,60229600,Nike,True,True
2025-06-09,NKE,61.609379745042844,63.117981526268146,58.504579758504875,58.913360595703125,63505900,Nike,True,True
2025-06-16,NKE,59.740657113914196,60.51928988160656,57.609145503389826,58.19312286376953,60609600,Nike,True,True
2025-06-23,NKE,57.988734979664486,72.20853067300436,57.85247099068161,70.11595153808594,197861600,Nike,True,True
2025-06-30,NKE,69.54170510428293,74.97267583053305,68.18882992193566,74.34976959228516,107508200,Nike,True,True
2025-07-07,NKE,74.00910638628787,75.43011146605707,70.46632497083546,70.69017791748047,74750400,Nike,True,True
2025-07-14,NKE,70.4079292814471,71.32282600206322,69.13291932660104,70.53446197509766,48083700,Nike,True,True
2025-07-21,NKE,70.98217975515702,75.46905608350026,70.96271718410671,74.23297119140625,57715700,Nike,True,True
2025-07-28,NKE,76.89005247432338,77.8536092805855,70.59285331775631,72.62703704833984,78729900,Nike,True,True
2025-08-04,NKE,73.02608822235378,74.31083320084245,71.42989014076565,72.20852661132812,38409200,Nike,True,True
2025-08-11,NKE,72.33505855943599,75.61505515551305,71.09898103086068,74.9142837524414,44614200,Nike,True,True
2025-08-18,NKE,75.0505435727634,77.02632506196525,73.12342222614764,76.28662109375,40377300,Nike,True,True
2025-08-25,NKE,76.37421609463718,78.02880934384713,75.06027352313187,75.30359649658203,53687800,Nike,True,True
2025-09-01,NKE,74.0023939322432,74.4035210179374,72.03590832819474,72.30985260009766,48233400,Nike,True,True
2025-09-08,NKE,72.65227109072681,73.89477227227954,70.37271386204361,71.41954803466797,55502200,Nike,True,True
2025-09-15,NKE,71.59564680177898,72.00655197307995,69.20847062984824,69.355224609375,78580100,Nike,True,True
2025-09-22,NKE,69.2573942008599,70.92058613844955,66.55714623544138,67.80943298339844,61496100,Nike,True,True
2025-09-29,NKE,68.25947173745878,75.30359575384726,67.25177249784561,70.37271118164062,162018200,Nike,True,True
2025-10-06,NKE,70.46076263230783,70.82275481386021,63.4753443368562,63.807987213134766,76676400,Nike,True,True
2025-10-13,NKE,64.27758791955861,68.024669972266,64.1308414002815,65.91143798828125,61080100,Nike,True,True
2025-10-20,NKE,66.09732403582645,68.56277023161793,65.95057750625877,67.61376953125,43653100,Nike,True,True
2025-10-27,NKE,68.52363159471888,68.91497306871042,62.85898447189562,63.191619873046875,67961300,Nike,True,True
2025-11-03,NKE,63.318810211946904,63.44599301883804,58.98471961751467,59.767398834228516,88007900,Nike,True,True
2025-11-10,NKE,60.41310712956655,64.82546732731011,59.180387881277326,62.78071212768555,85205400,Nike,True,True
2025-11-17,NKE,61.70453121681433,62.44807927083037,60.08047044465369,61.44037628173828,69774900,Nike,True,True
2025-11-24,NKE,61.15665399439888,63.46556421553775,60.53051062085358,63.23075485229492,46941300,Nike,True,True
2025-12-01,NKE,62.78769121511369,65.63317698432472,62.600619315796386,64.84549713134766,54664200,Nike,True,True
2025-12-08,NKE,64.5894973209327,68.07496812837108,62.000012496162256,66.43069458007812,73452300,Nike,True,True
2025-12-15,NKE,66.37162373903547,67.29713892358004,57.32318358081777,57.805633544921875,189172400,Nike,True,True
2025-12-22,NKE,58.08132107143043,59.99143600463867,56.112129024682886,59.99143600463867,120349500,Nike,True,True
2025-12-29,NKE,59.60744574384288,63.21106337918348,59.57790530831868,62.30523681640625,89311400,Nike,True,True
2026-01-05,NKE,62.75814816569352,65.51501610350279,60.74957150514306,64.9045639038086,101784100,Nike,True,True
2026-01-12,NKE,64.24488779883426,66.09592553995233,62.69907240821072,63.38828659057617,72723700,Nike,True,True
2026-01-19,NKE,62.51200849889072,65.52487393906698,62.049247126606055,64.03813171386719,60670000,Nike,True,True
2026-01-26,NKE,63.81166385975622,64.62888033624752,60.08004790329873,60.857879638671875,65714800,Nike,True,True
2026-02-02,NKE,60.7101898816098,63.585212186512685,59.499137238920014,62.93537521362305,73753800,Nike,True,True
2026-02-09,NKE,62.59076788817724,63.20122011702172,59.91266554622538,62.15754699707031,75219400,Nike,True,True
2026-02-16,NKE,61.970476519761306,67.43498406519049,61.970476519761306,64.39258575439453,67774100,Nike,True,True
2026-02-23,NKE,63.60489992346852,64.05781318080383,60.57234620485853,61.2221794128418,69882200,Nike,True,True
2026-03-02,NKE,59.36876720381061,60.98430852294086,56.256611702821516,56.50439453125,87108800,Nike,True,True
2026-03-09,NKE,55.24565966388384,57.089160683876244,53.26339708762612,53.50126647949219,86993700,Nike,True,True
2026-03-16,NKE,53.78869523282768,55.186190191940646,51.71723069817,51.90554428100586,71711700,Nike,True,True
2026-03-23,NKE,52.80747407014897,53.73913990512879,50.74592294718918,50.91441345214844,68308100,Nike,True,True
2026-03-30,NKE,50.97388434464659,52.63898527303183,42.78713748327485,43.798091888427734,230760300,Nike,True,True
2026-04-06,NKE,43.76835898023521,43.98640908071293,41.984323358766964,42.24201583862305,144957700,Nike,True,True
2026-04-13,NKE,41.85547456272175,46.36512124497474,41.716716784939486,45.62177276611328,128371000,Nike,True,True
2026-04-20,NKE,45.57221564988448,46.553437277418276,43.8476493456764,44.29365539550781,92524800,Nike,True,True
2026-04-27,NKE,44.204456459571574,45.30461285708478,43.12412314265553,44.00623321533203,73581100,Nike,True,True
2026-05-04,NKE,43.798090965279805,44.26392388806487,42.27175163048616,43.74853515625,105803600,Nike,True,True
2026-05-11,NKE,43.679155406127585,43.679155406127585,41.33017532046834,41.50857925415039,112779800,Nike,True,True
2026-05-18,NKE,41.50858072048965,44.34321689927927,40.983278550150786,44.273834228515625,102046200,Nike,True,True
2026-05-25,NKE,44.30357001075261,47.227408111467376,43.70888896029242,45.81999969482422,104739900,Nike,True,True
2026-06-01,NKE,45.52000045776367,46.279998779296875,42.790000915527344,42.97999954223633,109928000,Nike,True,True
2026-06-08,NKE,43.060001373291016,46.310001373291016,42.650001525878906,44.93000030517578,88205200,Nike,True,True
2026-06-15,NKE,45.36000061035156,46.099998474121094,44.15999984741211,45.20000076293945,87116500,Nike,True,True
2026-06-22,NKE,44.619998931884766,44.90999984741211,40.0,40.75,154965700,Nike,True,True
2026-06-29,NKE,41.13999938964844,43.099998474121094,40.11000061035156,42.430999755859375,147823346,Nike,True,True
2024-01-01,NVDA,49.15663006073857,49.459093875047344,47.23604386278004,49.009891510009766,1453724000,Nvidia,True,True
2024-01-08,NVDA,49.42414440143933,55.2477918868112,49.39120201396705,54.612918853759766,2899159000,Nvidia,True,True
2024-01-15,NVDA,54.92037810427932,59.39442372974931,54.64287150685791,59.385440826416016,1959125000,Nvidia,True,True
2024-01-22,NVDA,59.94245434316014,62.737485518125055,58.481051229961885,60.92271041870117,2180966000,Nvidia,True,True
2024-01-29,NVDA,61.12334208045702,66.48181657897317,60.592288431257764,66.0426025390625,2058987000,Nvidia,True,True
2024-02-05,NVDA,68.10395643461754,72.0569298484953,66.18237626146158,72.0050277709961,2709823000,Nvidia,True,True
2024-02-12,NVDA,72.47117632747077,74.47860957351998,69.4964683334675,72.4841537475586,2636656000,Nvidia,True,True
2024-02-19,NVDA,71.81933443249113,82.24779566972408,66.13044934773156,78.6771469116211,3073076000,Nvidia,True,True
2024-02-26,NVDA,79.55856965350108,82.15396205759876,76.98814202604059,82.13299560546875,2275212000,Nvidia,True,True
2024-03-04,NVDA,83.98466042398495,97.23174040772027,83.27289470967952,87.37679290771484,3469163000,Nvidia,True,True
2024-03-11,NVDA,86.27969218360306,91.80113544955243,84.0206010960066,87.68525695800781,3226556000,Nvidia,True,True
2024-03-18,NVDA,90.23185934546171,94.61427521165601,84.86315123995068,94.1261215209961,2887301000,Nvidia,True,True
2024-03-25,NVDA,93.77871903187334,96.59883580451988,88.96904132347542,90.19991302490234,2087063000,Nvidia,True,True
2024-04-01,NVDA,90.14301502810864,92.06568280805587,85.73164236927072,87.85597229003906,2090215000,Nvidia,True,True
2024-04-08,NVDA,88.54677292298804,90.58225213278453,82.87858754870268,88.03366088867188,2075291000,Nvidia,True,True
2024-04-15,NVDA,88.94408926894292,90.4564716075077,75.47539894537725,76.06836700439453,2631388000,Nvidia,True,True
2024-04-22,NVDA,77.96908902719177,88.178429159811,76.26803754744657,87.58345794677734,2522760000,Nvidia,True,True
2024-04-29,NVDA,87.44367495945076,89.12675929539812,81.11462377580993,88.63561248779297,2088782000,Nvidia,True,True
2024-05-06,NVDA,89.23557660825297,92.06068956183714,88.07858221301048,89.72273254394531,1852604000,Nvidia,True,True
2024-05-13,NVDA,90.32169407571229,95.65347079156864,88.37606351464868,92.3192367553711,1687565000,Nvidia,True,True
2024-05-20,NVDA,93.58804313905198,106.29105867121642,93.01902814141512,106.28507232666016,2460917000,Nvidia,True,True
2024-05-27,NVDA,110.05355569744835,115.61892178370786,106.75526253688238,109.44361114501953,2307986000,Nvidia,True,True
2024-06-03,NVDA,113.42473118619152,125.37005669333438,111.809522310608,120.6791763305664,2447200000,Nvidia,True,True
2024-06-10,NVDA,120.17193212724021,132.62140615970972,116.81746044757483,131.66299438476562,1405605200,Nvidia,True,True
2024-06-17,NVDA,132.77116633414926,140.52836959106446,124.09546355999291,126.36172485351562,1750053700,Nvidia,True,True
2024-06-24,NVDA,123.03721391272745,127.90918142627788,117.8457732444662,123.33672332763672,1821317800,Nvidia,True,True
2024-07-01,NVDA,123.26682299354266,128.6379747149119,118.63445903631258,125.62294006347656,933185200,Nvidia,True,True
2024-07-08,NVDA,127.28021572179085,135.9259619110065,126.83095923417513,129.02734375,1399485700,Nvidia,True,True
2024-07-15,NVDA,130.3451697124291,131.17380583033267,116.36820578705033,117.73595428466797,1351385200,Nvidia,True,True
2024-07-22,NVDA,120.15194358426426,124.48480539102913,106.12506964367203,112.87393951416016,1513222900,Nvidia,True,True
2024-07-29,NVDA,113.50292459658087,119.9622793764502,101.20319756374683,107.0934829711914,2213649400,Nvidia,True,True
2024-08-05,NVDA,91.90850862672636,108.62096767606178,90.54076789909426,104.57762908935547,2056049100,Nvidia,True,True
2024-08-12,NVDA,106.14504549435206,124.79430704362497,106.08514666435993,124.375,1598129600,Nvidia,True,True
2024-08-19,NVDA,124.07549888557057,130.53485386733712,122.89744024389154,129.15711975097656,1575724000,Nvidia,True,True
2024-08-26,NVDA,129.3568131269203,131.04401960844558,116.51796471567573,119.17359161376953,1869975300,Nvidia,True,True
2024-09-02,NVDA,115.81911860462475,116.01878647672618,100.78389323668084,102.66080474853516,1570114200,Nvidia,True,True
2024-09-09,NVDA,104.71636868943166,120.60155035382533,103.52823044823745,118.9141845703125,1588029100,Nvidia,True,True
2024-09-16,NVDA,116.60779921290191,119.47332452663123,113.04336900191767,115.81903076171875,1466985900,Nvidia,True,True
2024-09-23,NVDA,116.36816995803649,127.4708164432087,114.68080413923231,121.21060180664062,1419480300,Nvidia,True,True
2024-09-30,NVDA,118.12541721208814,124.84492081095192,114.96036468909432,124.72510528564453,1271290200,Nvidia,True,True
2024-10-07,NVDA,124.79501961710163,135.56818866211125,124.7550811010343,134.5897216796875,1290685100,Nvidia,True,True
2024-10-14,NVDA,136.2570867436479,140.67018902638887,128.53915101452057,137.78469848632812,1357584500,Nvidia,True,True
2024-10-21,NVDA,137.91451471002085,144.1946952712411,137.2455617739438,141.31918334960938,1154273100,Nvidia,True,True
2024-10-28,NVDA,142.77690026589062,142.9166812371712,131.90389077811827,135.18875122070312,987765800,Nvidia,True,True
2024-11-04,NVDA,136.9959183278949,149.53631855776948,135.35847782466254,147.399658203125,973098600,Nvidia,True,True
2024-11-11,NVDA,148.44802775211718,149.41651561345657,139.86145428913719,141.75848388671875,1017459800,Nvidia,True,True
2024-11-18,NVDA,139.28235634621058,152.6514650663866,136.93601665068633,141.72853088378906,1396264700,Nvidia,True,True
2024-11-25,NVDA,141.76848774996316,141.82839170673097,131.59438266933375,138.03431701660156,903463700,Nvidia,True,True
2024-12-02,NVDA,138.6229826140769,146.32147715657933,137.61449418135464,142.22760009765625,928447900,Nvidia,True,True
2024-12-09,NVDA,138.76275158691215,141.6085074010411,132.34233289302693,134.04978942871094,974961000,Nvidia,True,True
2024-12-16,NVDA,133.97988621501761,136.4961323330323,126.67081066311442,134.49911499023438,1291053700,Nvidia,True,True
2024-12-23,NVDA,136.07677219471708,141.6883865339236,134.50912136885398,136.80567932128906,567998700,Nvidia,True,True
2024-12-30,NVDA,134.62892426019067,144.6838985290199,133.63041560164385,144.25454711914062,750963600,Nvidia,True,True
2025-01-06,NVDA,148.36842086079275,152.90165940380223,134.01985409411643,135.70733642578125,1052112000,Nvidia,True,True
2025-01-13,NVDA,129.79615035116154,138.54308100764513,129.31685520908286,137.504638671875,996041100,Nvidia,True,True
2025-01-20,NVDA,138.9524713609095,148.74783905952535,136.88555108305601,142.4073028564453,825973500,Nvidia,True,True
2025-01-27,NVDA,124.61388724904793,128.8076206894032,116.07663492359009,119.89093780517578,2646704500,Nvidia,True,True
2025-02-03,NVDA,114.57885661673714,130.17555536084487,112.84145386513559,129.64634704589844,1369686400,Nvidia,True,True
2025-02-10,NVDA,129.89598374575803,139.04232643389201,128.8874955165593,138.64292907714844,949079700,Nvidia,True,True
2025-02-17,NVDA,141.0593340711612,143.22609621025413,133.83012530319377,134.22952270507812,758833800,Nvidia,True,True
2025-02-24,NVDA,136.35634414489246,138.38331556487032,116.2264129341289,124.73370361328125,1677630500,Nvidia,True,True
2025-03-03,NVDA,123.32582214433225,123.51553363319336,107.3996024558792,112.52195739746094,1756820000,Nvidia,True,True
2025-03-10,NVDA,109.74620038964937,121.70943054003341,104.62337476588041,121.49972534179688,1621837200,Nvidia,True,True
2025-03-17,NVDA,122.56822586237259,122.71801746432482,114.37970463444785,117.5352783203125,1343942800,Nvidia,True,True
2025-03-24,NVDA,119.71222807500735,122.0489572629126,108.9173588485005,109.51651763916016,1156137600,Nvidia,True,True
2025-03-31,NVDA,104.98287444997443,111.82329440179328,91.98109847139008,94.17801666259766,1613471100,Nvidia,True,True
2025-04-07,NVDA,87.33760166630908,114.93891977767316,86.4987808759156,110.7747573852539,2451432700,Nvidia,True,True
2025-04-14,NVDA,113.95030233104634,114.13005072369161,99.90998190333623,101.34796142578125,1183206300,Nvidia,True,True
2025-04-21,NVDA,98.63178262088078,111.76338266185121,94.90700647145006,110.85466003417969,1248911600,Nvidia,True,True
2025-04-28,NVDA,109.53650106030098,115.23850951002053,103.93435114575144,114.33976745605469,1039513700,Nvidia,True,True
2025-05-05,NVDA,112.7519914572786,118.51391326320156,110.66491235160238,116.48675537109375,829847900,Nvidia,True,True
2025-05-12,NVDA,121.7993119950136,136.15919297953724,120.11167460407263,135.21051025390625,1289809300,Nvidia,True,True
2025-05-19,NVDA,132.2047289296439,137.207712302775,128.97925335315108,131.10626220703125,1011442800,Nvidia,True,True
2025-05-26,NVDA,133.96224801190226,143.28918805570078,132.73397369059805,134.94088745117188,1199387500,Nvidia,True,True
2025-06-02,NVDA,135.30039048242196,143.79847545619708,135.2105048548114,141.52166748046875,975746800,Nvidia,True,True
2025-06-09,NVDA,142.99953687151785,144.8071268443122,140.6626531024409,141.78115844726562,851876000,Nvidia,True,True
2025-06-16,NVDA,143.15931076879664,146.00551033389334,142.46022977248353,143.6586456298828,726692000,Nvidia,True,True
2025-06-23,NVDA,142.31044666513966,158.49889084686143,141.84107063951564,157.5401611328125,1072401700,Nvidia,True,True
2025-06-30,NVDA,158.18931482048208,160.7658851337161,151.2885170107735,159.12806701660156,722664100,Nvidia,True,True
2025-07-07,NVDA,157.98957488097898,167.66668863474402,157.13071815880548,164.7006378173828,823265800,Nvidia,True,True
2025-07-14,NVDA,165.15003476502585,174.01822826089457,161.80449977799842,172.18067932128906,833732200,Nvidia,True,True
2025-07-21,NVDA,172.52022365603048,174.4876045602178,164.36109247585216,173.26922607421875,721624000,Nvidia,True,True
2025-07-28,NVDA,173.78854139758127,183.056196910911,170.66269971388826,173.4889373779297,894627600,Nvidia,True,True
2025-08-04,NVDA,174.9270212237212,183.63542386538418,174.2878731049979,182.4569854736328,717049600,Nvidia,True,True
2025-08-11,NVDA,181.8078540943484,184.23461458016484,177.8031781362909,180.20997619628906,749836800,Nvidia,True,True
2025-08-18,NVDA,180.35977901129155,182.69666277721612,168.57547186388345,177.7532501220703,845210200,Nvidia,True,True
2025-08-25,NVDA,178.11278543689892,184.2246404404239,172.91968968806756,173.9483184814453,1092265600,Nvidia,True,True
2025-09-01,NVDA,169.7738836083865,172.1806817332497,163.8517783946414,166.7978515625,761701300,Nvidia,True,True
2025-09-08,NVDA,167.3365688139178,180.05034838576407,166.52760307393592,177.59349060058594,824239800,Nvidia,True,True
2025-09-15,NVDA,175.44622014360607,178.6221772106203,168.1954738137591,176.4449462890625,928588600,Nvidia,True,True
2025-09-22,NVDA,175.07670978180983,184.31492733622474,172.9094757085775,177.96302795410156,945921100,Nvidia,True,True
2025-09-29,NVDA,180.2001531968084,190.80663534715407,180.09030794931354,187.38099670410156,878292100,Nvidia,True,True
2025-10-06,NVDA,185.2637124576397,195.37081685366852,181.81811007166195,182.92669677734375,879706600,Nvidia,True,True
2025-10-13,NVDA,187.730567555738,189.86784104288307,177.0641636719472,182.9866180419922,926433200,Nvidia,True,True
2025-10-20,NVDA,182.89671796571898,187.23118563906056,176.5348222626133,186.02272033691406,657694900,Nvidia,True,True
2025-10-27,NVDA,189.7479935957808,211.91971188078804,188.18996794430652,202.23207092285156,1118935100,Nvidia,True,True
2025-11-03,NVDA,207.8149447276798,211.07078657835754,178.68210397488247,187.9103240966797,1028509000,Nvidia,True,True
2025-11-10,NVDA,194.86145924053884,199.68530836149392,180.34996953708986,189.92774963378906,924330700,Nvidia,True,True
2025-11-17,NVDA,185.73309453762752,195.75031612852595,172.70969762442783,178.65213012695312,1324905200,Nvidia,True,True
2025-11-24,NVDA,179.2613698391528,183.26625638627738,169.3340290440194,176.7745361328125,882403400,Nvidia,True,True
2025-12-01,NVDA,174.5471000816598,185.43383073352015,173.46841391995872,182.1877899169922,847237200,Nvidia,True,True
2025-12-08,NVDA,182.41750557843147,187.77097658427192,174.40727135263347,174.80679321289062,898294700,Nvidia,True,True
2025-12-15,NVDA,177.72324358082727,181.22896236326454,170.10253324191677,180.76953125,1037161100,Nvidia,True,True
2025-12-22,NVDA,183.69594895479355,192.45526970950266,182.12786943553604,190.2978973388672,509206800,Nvidia,True,True
2025-12-29,NVDA,187.4813386965284,192.69496568024334,185.68352840548832,188.6199493408203,486034400,Nvidia,True,True
2026-01-05,NVDA,191.5263841673327,193.39411641559067,183.44624341374129,184.63479614257812,817720000,Nvidia,True,True
2026-01-12,NVDA,182.99680035732345,190.20800608356458,180.57975025997015,186.0031280517578,851839300,Nvidia,True,True
2026-01-19,NVDA,181.67840056662897,189.3690325020707,177.39363341534624,187.44137573242188,706111000,Nvidia,True,True
2026-01-26,NVDA,186.93200604055158,194.25307849059112,185.4737779014424,190.8971710205078,768317800,Nvidia,True,True
2026-02-02,NVDA,186.97195583939563,190.06818561363346,170.82165545021851,185.18414306640625,1014486900,Nvidia,True,True
2026-02-09,NVDA,184.03552607128483,193.42408398693948,181.36878053627944,182.58729553222656,829165400,Nvidia,True,True
2026-02-16,NVDA,181.52859889402322,190.13809345301286,178.96172225736402,189.58877563476562,632002800,Nvidia,True,True
2026-02-23,NVDA,191.1668326176861,197.38925427603712,176.1651407824763,176.97415161132812,1269789900,Nvidia,True,True
2026-03-02,NVDA,174.79680379120038,184.4750022292935,174.427259388408,177.6033935546875,952727500,Nvidia,True,True
2026-03-09,NVDA,176.62414437047775,187.40157643626037,175.3556185793364,180.0401611328125,818363600,Nvidia,True,True
2026-03-16,NVDA,182.75699552493512,188.660119018527,171.52009228430225,172.4989471435547,968780300,Nvidia,True,True
2026-03-23,NVDA,177.0536328717416,181.00902944521738,166.81556566439232,167.32498168945312,875471100,Nvidia,True,True
2026-03-30,NVDA,168.58350984882375,177.28337661769746,164.07876575082474,177.18348693847656,723083500,Nvidia,True,True
2026-04-06,NVDA,176.95376696388527,189.77881591864653,173.45784140748916,188.41041564941406,664719900,Nvidia,True,True
2026-04-13,NVDA,185.8134308273538,201.46518667284232,185.5237751386648,201.44520568847656,774630900,Nvidia,True,True
2026-04-20,NVDA,199.74718456718531,210.70441481695215,196.99040316934745,208.0275421142578,662523900,Nvidia,True,True
2026-04-27,NVDA,209.40593777677236,216.57758737636996,196.89052532216473,198.21897888183594,845045800,Nvidia,True,True
2026-05-04,NVDA,199.2677578946331,217.5464575316693,194.51330459654804,214.94947814941406,731866800,Nvidia,True,True
2026-05-11,NVDA,213.79082594488472,236.264633339045,213.6410066586674,225.05770874023438,832028300,Nvidia,True,True
2026-05-18,NVDA,229.6023973372633,229.7322508779313,214.54994865072538,215.07933044433594,844088200,Nvidia,True,True
2026-05-25,NVDA,216.28791856620768,217.92600882867572,208.53695748738772,210.8942108154297,788210400,Nvidia,True,True
2026-06-01,NVDA,215.72999572753906,232.27999877929688,204.3300018310547,205.10000610351562,955798300,Nvidia,True,True
2026-06-08,NVDA,210.17999267578125,211.39999389648438,199.33999633789062,205.19000244140625,751726900,Nvidia,True,True
2026-06-15,NVDA,208.9199981689453,212.7100067138672,203.0800018310547,210.69000244140625,645266300,Nvidia,True,True
2026-06-22,NVDA,211.44000244140625,213.99000549316406,191.22000122070312,192.52999877929688,756202400,Nvidia,True,True
2026-06-29,NVDA,193.85000610351562,200.6300048828125,189.8000030517578,200.08999633789062,314817600,Nvidia,True,True
2024-01-01,PG,137.11565727988722,139.97301701891044,137.06881250481766,138.10870361328125,27297500,Procter & Gamble,True,True
2024-01-08,PG,138.56774769249657,141.74362875849684,138.32416060096344,141.0878448486328,38977300,Procter & Gamble,True,True
2024-01-15,PG,141.55467096057777,142.82739608575943,138.50957604881188,139.12237548828125,29035800,Procter & Gamble,True,True
2024-01-22,PG,138.5566908731098,147.4468628079377,137.9061876807471,147.20175170898438,60487500,Procter & Gamble,True,True
2024-01-29,PG,147.7108426473886,150.46369983474412,146.50411742964613,149.04013061523438,41190900,Procter & Gamble,True,True
2024-02-05,PG,149.1155593047045,150.68053608531307,147.97483378996327,148.4084930419922,32426200,Procter & Gamble,True,True
2024-02-12,PG,148.35193966037872,149.86977591148215,146.0421925961694,148.49334716796875,30122900,Procter & Gamble,True,True
2024-02-19,PG,149.6151928131451,152.48117563197547,149.07783002542533,151.8118133544922,25849100,Procter & Gamble,True,True
2024-02-26,PG,151.8118520374414,151.94383717553836,148.58763133367154,149.75665283203125,25370900,Procter & Gamble,True,True
2024-03-04,PG,148.7101701277812,152.01923480434968,148.64417037672112,151.17076110839844,23593000,Procter & Gamble,True,True
2024-03-11,PG,152.10409692762659,153.41452587699663,151.12363800120679,152.14181518554688,31615500,Procter & Gamble,True,True
2024-03-18,PG,152.23605835513416,153.4050796185266,151.78354002765573,152.40576171875,28709400,Procter & Gamble,True,True
2024-03-25,PG,151.9437981288599,153.8010263425027,150.58622883713142,152.96197509765625,26779500,Procter & Gamble,True,True
2024-04-01,PG,152.51888822638102,152.7922952061151,145.83475936531335,147.16404724121094,34267800,Procter & Gamble,True,True
2024-04-08,PG,147.04150351430067,148.57819881999123,145.8819188526478,146.43814086914062,32850100,Procter & Gamble,True,True
2024-04-15,PG,148.41793187096422,150.08788934358046,145.66629460211735,150.04994201660156,38332700,Procter & Gamble,True,True
2024-04-22,PG,150.32511292453967,155.91380924522636,149.20548570471172,153.03880310058594,36605600,Procter & Gamble,True,True
2024-04-29,PG,152.92493118787473,156.28384146452058,152.20381616037923,156.046630859375,31499100,Procter & Gamble,True,True
2024-05-06,PG,156.35023576861698,158.79825068278836,154.90799139351608,158.31434631347656,26035300,Procter & Gamble,True,True
2024-05-13,PG,158.31437041116354,159.7281364120321,155.56271858731594,159.06394958496094,28332400,Procter & Gamble,True,True
2024-05-20,PG,158.97854737994913,159.91789209206266,156.70131692781905,156.8721160888672,22038300,Procter & Gamble,True,True
2024-05-27,PG,156.0750975369129,156.34077226078415,153.16214430835706,156.12252807617188,25916200,Procter & Gamble,True,True
2024-06-03,PG,155.54374443377156,160.32591875257253,155.2591032656659,158.5136260986328,28208900,Procter & Gamble,True,True
2024-06-10,PG,158.24794781761116,159.1398620662312,155.8189133828427,158.25743103027344,22130000,Procter & Gamble,True,True
2024-06-17,PG,157.36553747248885,160.2405291450694,156.9385467566462,159.65223693847656,35037600,Procter & Gamble,True,True
2024-06-24,PG,160.12662913768983,160.7433853496507,156.1604750799758,156.4830780029297,34957500,Procter & Gamble,True,True
2024-07-01,PG,157.11883584966603,157.70712808133786,153.43733656639168,156.75828552246094,22577500,Procter & Gamble,True,True
2024-07-08,PG,157.460399919541,159.06394595860377,156.35025600284834,158.08663940429688,25090800,Procter & Gamble,True,True
2024-07-15,PG,158.9037968569845,163.15153762644715,156.98515832478157,160.32608032226562,32636500,Procter & Gamble,True,True
2024-07-22,PG,160.29742210438985,162.35925163975259,158.05424047628208,161.42379760742188,30073300,Procter & Gamble,True,True
2024-07-29,PG,161.17563999484787,162.78881592552818,150.85695079606847,162.3497314453125,56636700,Procter & Gamble,True,True
2024-08-05,PG,163.11336087613913,163.91517865400584,159.09470260842124,162.78880310058594,37943400,Procter & Gamble,True,True
2024-08-12,PG,161.7006107147711,161.9678832958986,158.28333777531768,160.25924682617188,31586900,Procter & Gamble,True,True
2024-08-19,PG,160.5360550233806,164.0774384690481,160.46924416265782,161.48106384277344,21349500,Procter & Gamble,True,True
2024-08-26,PG,161.03243120369387,164.06790493347705,160.91788997190474,163.74334716796875,28288400,Procter & Gamble,True,True
2024-09-02,PG,163.2565267471795,168.9933614309112,163.21835119298518,167.60926818847656,29466500,Procter & Gamble,True,True
2024-09-09,PG,167.5615412328818,169.85246779327613,164.6024477862761,166.16790771484375,28431600,Procter & Gamble,True,True
2024-09-16,PG,166.7692784886354,169.25109739190083,162.63607916707562,166.30154418945312,54091800,Procter & Gamble,True,True
2024-09-23,PG,166.1010870017961,167.22746253647935,163.571537661819,165.66200256347656,34160600,Procter & Gamble,True,True
2024-09-30,PG,165.83379277690557,166.0915250837571,160.61240861048833,161.20423889160156,30437000,Procter & Gamble,True,True
2024-10-07,PG,161.47152428209588,163.61925969099556,158.71287805060854,163.3137969970703,36525900,Procter & Gamble,True,True
2024-10-14,PG,164.2067842429481,167.94181099141872,161.74877373970446,164.4564208984375,34616300,Procter & Gamble,True,True
2024-10-21,PG,164.1683810766766,164.64846174452936,161.3455044055585,161.51834106445312,28610800,Procter & Gamble,True,True
2024-10-28,PG,162.5361270808641,162.9009931156559,158.41704095752337,158.5226593017578,28464200,Procter & Gamble,True,True
2024-11-04,PG,159.1179448467533,161.06707127339962,153.4433875825445,161.02867126464844,37564200,Procter & Gamble,True,True
2024-11-11,PG,160.34694792256266,163.77473102735112,158.9739242033223,162.78575134277344,35667900,Procter & Gamble,True,True
2024-11-18,PG,162.37289254639916,170.33262398866384,162.10404853043437,169.2572479248047,36296000,Procter & Gamble,True,True
2024-11-25,PG,170.40942901660785,173.2419020144235,169.85253368621608,172.11851501464844,34980300,Procter & Gamble,True,True
2024-12-02,PG,171.98407598682851,172.98265187725198,166.54957452313457,166.89523315429688,31442400,Procter & Gamble,True,True
2024-12-09,PG,166.72242694051297,166.8376416216281,163.16022165673198,164.24520874023438,26579000,Procter & Gamble,True,True
2024-12-16,PG,164.61966199566885,165.89667836066732,160.68300921609503,161.36471557617188,50114400,Procter & Gamble,True,True
2024-12-23,PG,161.36470007211474,163.9571325609753,159.73242884956537,162.77613830566406,17442000,Procter & Gamble,True,True
2024-12-30,PG,161.95040187395142,162.24804952758996,157.70649076045373,158.5514373779297,18970400,Procter & Gamble,True,True
2025-01-06,PG,156.32384933765283,156.98636293823307,151.19659182579392,152.2431640625,30655400,Procter & Gamble,True,True
2025-01-13,PG,153.00172926160135,155.3061108261735,152.0031531729596,154.7108154296875,33850700,Procter & Gamble,True,True
2025-01-20,PG,155.48997207068166,162.4259612236241,155.48997207068166,158.54257202148438,42085500,Procter & Gamble,True,True
2025-01-27,PG,161.0542172186243,164.16479046866192,159.59553810680646,160.34902954101562,30338600,Procter & Gamble,True,True
2025-02-03,PG,159.8466936320913,164.15511740958758,159.6148444494431,162.26173400878906,32109800,Procter & Gamble,True,True
2025-02-10,PG,161.991250586216,165.55585253890817,156.78442412622368,157.3543701171875,38046200,Procter & Gamble,True,True
2025-02-17,PG,157.79876434353355,164.75407857223243,156.68783678366006,164.4449462890625,30962300,Procter & Gamble,True,True
2025-02-24,PG,164.43526214366494,168.7147064023459,164.0198675546751,167.93223571777344,37105100,Procter & Gamble,True,True
2025-03-03,PG,167.68108176503688,173.8732487015627,166.96622452170885,169.9705352783203,42991200,Procter & Gamble,True,True
2025-03-10,PG,170.75300948755432,173.87325226721825,160.9576063092776,162.26173400878906,45637600,Procter & Gamble,True,True
2025-03-17,PG,162.648138130433,165.27570329696968,158.5425694002491,161.02523803710938,48417300,Procter & Gamble,True,True
2025-03-24,PG,160.77407032051931,163.94261704177538,156.68782589052825,162.3197021484375,33915600,Procter & Gamble,True,True
2025-03-31,PG,162.38732644341715,168.85963192884418,157.91466679415515,158.18515014648438,47663200,Procter & Gamble,True,True
2025-04-07,PG,158.0982098990844,162.31004098934048,151.3650760158501,161.23776245117188,57103700,Procter & Gamble,True,True
2025-04-14,PG,161.3633203970214,165.8166551397041,160.1461454360719,164.83132934570312,31766900,Procter & Gamble,True,True
2025-04-21,PG,165.13947077999777,165.19779066409842,152.20165242220241,156.5175018310547,58249500,Procter & Gamble,True,True
2025-04-28,PG,156.5369277520454,158.5976575390132,154.60258243080486,156.03147888183594,41411700,Procter & Gamble,True,True
2025-05-05,PG,156.39112683918364,156.41057174392373,153.00844018811765,153.25144958496094,35394000,Procter & Gamble,True,True
2025-05-12,PG,153.0278833856879,158.86010941014717,152.30858500189328,158.7143096923828,36976200,Procter & Gamble,True,True
2025-05-19,PG,158.89899853895884,161.71790183913268,158.84067865210415,161.22216796875,31716100,Procter & Gamble,True,True
2025-05-26,PG,160.6486712628702,166.2087279699122,160.6486712628702,165.1394805908203,34239700,Procter & Gamble,True,True
2025-06-02,PG,164.29381266273072,164.3132427371864,157.9658378796866,159.43362426757812,34785900,Procter & Gamble,True,True
2025-06-09,PG,158.82124037715445,159.43362887893375,155.4385533092826,155.79820251464844,33798700,Procter & Gamble,True,True
2025-06-16,PG,156.3814304761756,157.42150310615804,153.25146788451994,154.6317596435547,36526300,Procter & Gamble,True,True
2025-06-23,PG,154.62203514190648,157.21737387138822,152.77515471913867,155.3899383544922,46659400,Procter & Gamble,True,True
2025-06-30,PG,154.8067032923319,157.9852704066852,153.70831088693657,156.3328094482422,37751400,Procter & Gamble,True,True
2025-07-07,PG,156.39114476317096,156.6730291696847,151.58927615806678,152.6585235595703,53285700,Procter & Gamble,True,True
2025-07-14,PG,152.26383205684417,152.47914397693154,148.66226306646882,151.7940673828125,44770600,Procter & Gamble,True,True
2025-07-21,PG,151.7647087864898,155.6305120253078,151.58853769937426,154.9258575439453,32147500,Procter & Gamble,True,True
2025-07-28,PG,154.27015249982367,155.26840064937036,146.71470157852158,147.4389190673828,47953600,Procter & Gamble,True,True
2025-08-04,PG,147.04743748056123,150.7272881106525,146.82234408710966,150.23794555664062,34255700,Procter & Gamble,True,True
2025-08-11,PG,150.26729531334712,153.6633336158717,150.0030611032206,151.06982421875,33547500,Procter & Gamble,True,True
2025-08-18,PG,151.1285373195486,157.59764582731344,150.8838660672633,155.28794860839844,36197800,Procter & Gamble,True,True
2025-08-25,PG,155.0139341202232,155.3173241152384,151.72555155021237,153.6927032470703,26757300,Procter & Gamble,True,True
2025-09-01,PG,154.00588597754012,157.137675271058,153.16421620488694,156.60919189453125,26396400,Procter & Gamble,True,True
2025-09-08,PG,156.20792079242253,156.8538565068467,152.56721122654824,154.53436279296875,30145300,Procter & Gamble,True,True
2025-09-15,PG,154.51479630957914,158.2240059783789,152.64550433039255,152.71400451660156,44195100,Procter & Gamble,True,True
2025-09-22,PG,152.75316011521997,152.75316011521997,147.75207905252998,149.2494659423828,37282100,Procter & Gamble,True,True
2025-09-29,PG,149.17118033570077,151.0894096919916,148.18271376617426,149.02438354492188,35573000,Procter & Gamble,True,True
2025-10-06,PG,148.27079202379917,149.90519434187058,146.26448459056263,146.49937438964844,32344600,Procter & Gamble,True,True
2025-10-13,PG,145.82407441935467,148.7894889662187,143.8373449357078,148.17291259765625,43522100,Procter & Gamble,True,True
2025-10-20,PG,149.39632488861662,155.1222454891489,148.40094609632052,150.28330993652344,38183000,Procter & Gamble,True,True
2025-10-27,PG,149.41604631010256,150.95346908247984,146.321485975503,148.19398498535156,35691100,Procter & Gamble,True,True
2025-11-03,PG,147.92790318934624,148.04616185261548,142.36952044601372,144.85304260253906,47966300,Procter & Gamble,True,True
2025-11-10,PG,144.26172487562658,147.21831156909852,142.00485527834223,145.53305053710938,42109300,Procter & Gamble,True,True
2025-11-17,PG,145.61189807428053,149.30763152794248,142.91154341713283,148.73602294921875,48043800,Procter & Gamble,True,True
2025-11-24,PG,147.92790456196076,148.23341613689348,144.4194087933065,146.01597595214844,38270300,Procter & Gamble,True,True
2025-12-01,PG,145.9568490636775,146.73541034709035,140.44773059469847,141.37413024902344,57013800,Procter & Gamble,True,True
2025-12-08,PG,140.8419434623082,141.03904624136598,136.14096623999052,140.77294921875,63600400,Procter & Gamble,True,True
2025-12-15,PG,141.19672507736996,146.30175739351446,141.12773083840617,142.3695068359375,65548200,Procter & Gamble,True,True
2025-12-22,PG,141.63036844629323,143.5324320535533,140.02395148618803,142.6454620361328,29243700,Procter & Gamble,True,True
2025-12-29,PG,142.70459569992784,142.97069272842734,139.19611502599955,139.73814392089844,27907800,Procter & Gamble,True,True
2026-01-05,PG,139.05813962656077,140.27033601367305,135.6284880836419,139.81698608398438,55913800,Procter & Gamble,True,True
2026-01-12,PG,140.22105177905053,144.77419052029413,139.65930812143185,142.43849182128906,63668300,Procter & Gamble,True,True
2026-01-19,PG,143.3803402087383,150.51659080010117,143.042869793806,149.02780151367188,60092700,Procter & Gamble,True,True
2026-01-26,PG,148.99803428724027,150.83421388895187,145.69292009100852,150.63571166992188,53354500,Procter & Gamble,True,True
2026-02-02,PG,151.28084064763843,158.794271204482,150.11958681821602,157.9803924560547,58677500,Procter & Gamble,True,True
2026-02-09,PG,157.5734656052852,161.92073552612862,154.85395331066545,158.87368774414062,59079100,Procter & Gamble,True,True
2026-02-16,PG,158.75457053638908,160.95798002127344,154.6058180840609,159.578369140625,49986100,Procter & Gamble,True,True
2026-02-23,PG,159.12180842719405,166.00000775715966,159.1019536625681,165.95037841796875,54267500,Procter & Gamble,True,True
2026-03-02,PG,164.0546560041543,165.3052487626866,150.7548104089041,152.4818115234375,46257400,Procter & Gamble,True,True
2026-03-09,PG,152.00539407486647,155.97549920402784,149.05758980488423,149.52407836914062,44895000,Procter & Gamble,True,True
2026-03-16,PG,150.72504170447357,152.31308981266886,143.17191609696502,143.20169067382812,94112200,Procter & Gamble,True,True
2026-03-23,PG,145.05771031168698,145.05771031168698,140.9486521027654,141.6434326171875,45302800,Procter & Gamble,True,True
2026-03-30,PG,141.97095008544628,144.48205546559032,141.21663557719972,142.05035400390625,36027200,Procter & Gamble,True,True
2026-04-06,PG,141.94117842112922,145.84181459247483,139.68815466069407,144.0751190185547,41465400,Procter & Gamble,True,True
2026-04-13,PG,143.91631021629618,146.48694963990266,141.19678276423718,145.83187866210938,39274300,Procter & Gamble,True,True
2026-04-20,PG,146.05999755859375,152.4199981689453,142.22000122070312,148.17999267578125,51593200,Procter & Gamble,True,True
2026-04-27,PG,147.4199981689453,151.19000244140625,145.88999938964844,147.25999450683594,42441000,Procter & Gamble,True,True
2026-05-04,PG,146.05999755859375,148.9499969482422,142.17999267578125,146.4199981689453,41993400,Procter & Gamble,True,True
2026-05-11,PG,145.7899932861328,145.9499969482422,141.1999969482422,141.57000732421875,39852200,Procter & Gamble,True,True
2026-05-18,PG,142.10000610351562,144.63999938964844,140.08999633789062,144.44000244140625,35376600,Procter & Gamble,True,True
2026-05-25,PG,144.50999450683594,148.5399932861328,142.52999877929688,143.55999755859375,40758600,Procter & Gamble,True,True
2026-06-01,PG,141.52000427246094,148.22999572753906,138.86000061035156,146.5399932861328,49201500,Procter & Gamble,True,True
2026-06-08,PG,145.7899932861328,150.42999267578125,144.52999877929688,149.61000061035156,36322600,Procter & Gamble,True,True
2026-06-15,PG,148.75999450683594,153.02000427246094,148.75999450683594,150.3800048828125,41809700,Procter & Gamble,True,True
2026-06-22,PG,150.11000061035156,153.35000610351562,147.57000732421875,149.02000427246094,54332900,Procter & Gamble,True,True
2026-06-29,PG,148.72999572753906,149.0500030517578,144.1699981689453,146.97500610351562,23105550,Procter & Gamble,True,True
2024-01-01,SHW,297.9683454123497,299.75849006152447,286.78720313581147,290.22076416015625,7175900,Sherwin-Williams,True,True
2024-01-08,SHW,290.41642842435414,295.99231193657863,288.1567233933583,295.9238586425781,7745500,Sherwin-Williams,True,True
2024-01-15,SHW,295.42495995082174,300.96173596141836,291.02293240188567,297.4009704589844,5629600,Sherwin-Williams,True,True
2024-01-22,SHW,298.3792267006436,302.4388985912004,285.6427032153708,295.27825927734375,9977900,Sherwin-Williams,True,True
2024-01-29,SHW,295.2782340520028,304.78661482854073,295.1999590660651,303.2409973144531,7872000,Sherwin-Williams,True,True
2024-02-05,SHW,300.4139170684814,306.1756662350582,296.2760006100323,304.952880859375,7785900,Sherwin-Williams,True,True
2024-02-12,SHW,305.168132733675,307.53545867020773,295.40543210606734,302.350830078125,5588900,Sherwin-Williams,True,True
2024-02-19,SHW,301.9481753126767,316.536723101518,300.3795055736944,315.7229919433594,4503700,Sherwin-Williams,True,True
2024-02-26,SHW,315.72294277942206,329.36051476625914,315.2229217110131,328.6644287109375,7755200,Sherwin-Williams,True,True
2024-03-04,SHW,327.7624359984164,340.8999869958431,325.7427841097913,334.0174865722656,6400400,Sherwin-Williams,True,True
2024-03-11,SHW,333.6253614621859,336.5666058691736,324.34083208733256,328.1056213378906,7173900,Sherwin-Williams,True,True
2024-03-18,SHW,331.1840754205356,340.8117550055553,328.14481377057905,336.15478515625,5383200,Sherwin-Williams,True,True
2024-03-25,SHW,334.5959681350275,341.54710560934643,333.4684970774798,340.5274658203125,4249600,Sherwin-Williams,True,True
2024-04-01,SHW,339.6548629981061,339.6842742416126,322.2230912427357,325.3506164550781,5882400,Sherwin-Williams,True,True
2024-04-08,SHW,325.9683430202756,330.2821624149559,308.87968929252423,312.01702880859375,6054100,Sherwin-Williams,True,True
2024-04-15,SHW,315.7425191498346,315.7425191498346,299.3892103267409,299.9676513671875,7400600,Sherwin-Williams,True,True
2024-04-22,SHW,300.13434972233875,305.8795653654343,288.7811310126462,300.4480895996094,12177500,Sherwin-Williams,True,True
2024-04-29,SHW,301.48731403981,309.389453605803,292.5263099126852,305.20306396484375,8928100,Sherwin-Williams,True,True
2024-05-06,SHW,307.4972709979704,315.95822445464773,305.55603918313216,314.5758361816406,6651100,Sherwin-Williams,True,True
2024-05-13,SHW,315.91736276345466,317.38148029187477,305.83551135728504,306.9753723144531,6967100,Sherwin-Williams,True,True
2024-05-20,SHW,306.33661520270755,306.97532227616847,297.6009712684499,299.5466003417969,7411500,Sherwin-Williams,True,True
2024-05-27,SHW,298.9963340470523,300.1361948458011,290.64393214881466,298.524658203125,10740700,Sherwin-Williams,True,True
2024-06-03,SHW,299.6841708654987,303.1626787735273,277.19163098122533,286.88043212890625,11726300,Sherwin-Williams,True,True
2024-06-10,SHW,285.79957958991514,300.9714761483448,285.1412005218469,291.83294677734375,7120600,Sherwin-Williams,True,True
2024-06-17,SHW,291.05664488297356,301.5708266604703,290.7913141078905,296.0287780761719,7607700,Sherwin-Williams,True,True
2024-06-24,SHW,296.7559100901794,299.2812904293746,287.1948562311223,293.2478942871094,9183300,Sherwin-Williams,True,True
2024-07-01,SHW,293.3953032707423,293.9259348533377,287.25383120996065,290.5653381347656,6277400,Sherwin-Williams,True,True
2024-07-08,SHW,291.27284250586126,314.51216723234324,291.253170602789,312.8416748046875,7229300,Sherwin-Williams,True,True
2024-07-15,SHW,311.9868204078726,324.1125407899302,311.25967961935123,316.26129150390625,9577500,Sherwin-Williams,True,True
2024-07-22,SHW,316.7427561004159,345.8778956792117,312.48795714168057,343.156005859375,12898500,Sherwin-Williams,True,True
2024-07-29,SHW,343.41150304492726,350.4962973813516,336.6214873958097,341.22021484375,7264500,Sherwin-Williams,True,True
2024-08-05,SHW,335.15730754866024,341.49531860199,330.283443801172,339.6381530761719,10565200,Sherwin-Williams,True,True
2024-08-12,SHW,340.07466298475805,352.1361426016591,336.7860372021345,348.94598388671875,7810000,Sherwin-Williams,True,True
2024-08-19,SHW,349.3594593906633,355.14897318546116,348.11884070665695,353.20928955078125,6872000,Sherwin-Williams,True,True
2024-08-26,SHW,354.341633316277,364.5717208374155,353.53424549074447,363.6855773925781,6625600,Sherwin-Williams,True,True
2024-09-02,SHW,362.69106191475504,365.4775260921079,352.40190156439775,355.2769470214844,4482000,Sherwin-Williams,True,True
2024-09-09,SHW,357.2658930797487,373.0294853025085,354.6862186146488,369.62274169921875,6303400,Sherwin-Williams,True,True
2024-09-16,SHW,371.2178170070679,376.93840125555806,368.62831679197063,372.6947326660156,6770000,Sherwin-Williams,True,True
2024-09-23,SHW,373.3051877029281,379.32114260191753,371.69041228351426,376.8399353027344,5359900,Sherwin-Williams,True,True
2024-09-30,SHW,376.54459643229444,377.9132194871149,362.58282637823487,365.58587646484375,5354000,Sherwin-Williams,True,True
2024-10-07,SHW,360.3674506858343,373.3347844684868,358.2505440752709,373.15753173828125,4573600,Sherwin-Williams,True,True
2024-10-14,SHW,373.068894317153,386.52853241938743,371.54276013546206,382.38330078125,5024800,Sherwin-Williams,True,True
2024-10-21,SHW,380.5027338795532,383.0134785966844,352.2640823383651,353.5145568847656,10427200,Sherwin-Williams,True,True
2024-10-28,SHW,357.60063524396014,360.46585496679774,352.08681127709497,352.4609680175781,5424200,Sherwin-Williams,True,True
2024-11-04,SHW,376.3180898261657,383.7420302708465,363.4886180981372,380.71929931640625,31570800,Sherwin-Williams,True,True
2024-11-11,SHW,381.51019264674477,386.6691822159628,373.63850102443325,373.84564208984375,6491000,Sherwin-Williams,True,True
2024-11-18,SHW,373.86532941925634,383.17719330553575,362.36359859990415,383.0292053222656,8832800,Sherwin-Williams,True,True
2024-11-25,SHW,386.6789820275729,394.9847019788352,384.4200581168973,392.00567626953125,8803500,Sherwin-Williams,True,True
2024-12-02,SHW,390.6740192241227,393.09077505184763,379.24134508783783,379.73455810546875,7067800,Sherwin-Williams,True,True
2024-12-09,SHW,380.16860623579515,380.66181927712427,357.53014570079097,359.55230712890625,7786600,Sherwin-Williams,True,True
2024-12-16,SHW,361.22923201055545,363.5769007257394,334.6943471491551,340.7806091308594,10436400,Sherwin-Williams,True,True
2024-12-23,SHW,339.675827745708,341.9347519050043,336.13456171967954,338.6302185058594,3161400,Sherwin-Williams,True,True
2024-12-30,SHW,337.9199801703068,337.92982396056874,326.5070235133336,331.9718322753906,6170200,Sherwin-Williams,True,True
2025-01-06,SHW,333.09638073295685,338.1172863088559,323.5477826644888,325.678466796875,6565900,Sherwin-Williams,True,True
2025-01-13,SHW,325.244375430428,361.97886930393474,322.995325399465,349.1750793457031,8547500,Sherwin-Williams,True,True
2025-01-20,SHW,354.13684244308683,361.3081493255285,351.15781636631664,355.2613525390625,5125100,Sherwin-Williams,True,True
2025-01-27,SHW,355.13310843058196,364.9776516001321,350.7336565186061,353.2983703613281,9515000,Sherwin-Williams,True,True
2025-02-03,SHW,347.64613643235595,363.18234720499225,344.7559152404056,355.6756591796875,6965900,Sherwin-Williams,True,True
2025-02-10,SHW,358.04303908352495,361.47581233034583,343.7299884839051,352.0159606933594,7248700,Sherwin-Williams,True,True
2025-02-17,SHW,352.8446324558817,352.8544762467375,337.6733940302461,339.8928527832031,8454900,Sherwin-Williams,True,True
2025-02-24,SHW,342.0530629384572,359.98627900669067,338.3638095135204,357.3525085449219,12211600,Sherwin-Williams,True,True
2025-03-03,SHW,360.1106812667523,360.94108635809243,349.09789570753895,359.4681091308594,11290400,Sherwin-Williams,True,True
2025-03-10,SHW,351.83624151482707,360.07114445078315,335.3170487918017,337.8774719238281,9686600,Sherwin-Williams,True,True
2025-03-17,SHW,335.72235526584706,340.2994934172415,324.1163854576067,330.59161376953125,11154400,Sherwin-Williams,True,True
2025-03-24,SHW,335.84104077155877,344.1352271380957,332.27224446184016,335.8706970214844,7890700,Sherwin-Williams,True,True
2025-03-31,SHW,335.2280873065671,349.8986372872383,327.20080808781506,328.2684631347656,11288100,Sherwin-Williams,True,True
2025-04-07,SHW,321.13093839576095,335.23799114332655,305.31362811298516,332.9247131347656,14112500,Sherwin-Williams,True,True
2025-04-14,SHW,335.14901129507075,338.81667171720767,325.53012910611994,329.57342529296875,6504200,Sherwin-Williams,True,True
2025-04-21,SHW,328.0806415470707,336.4539307123401,315.7629206009226,327.83349609375,6815600,Sherwin-Williams,True,True
2025-04-28,SHW,328.81220282138,357.32293063296737,325.1248117374531,355.5335998535156,9414300,Sherwin-Williams,True,True
2025-05-05,SHW,354.643855415611,361.3958865781089,345.96410768076856,347.8424072265625,6498500,Sherwin-Williams,True,True
2025-05-12,SHW,355.67826560156675,360.18615353112506,347.56404314019636,360.14654541015625,6484300,Sherwin-Williams,True,True
2025-05-19,SHW,355.876423030995,359.5718909098467,344.8692054002547,349.2483215332031,7429800,Sherwin-Williams,True,True
2025-05-26,SHW,354.11286738811305,356.7482282576738,349.1987396474725,355.489990234375,5288000,Sherwin-Williams,True,True
2025-06-02,SHW,352.50785442865265,360.53291308624523,347.94052418418846,354.1723327636719,8274400,Sherwin-Williams,True,True
2025-06-09,SHW,354.71726402748357,359.3143461344379,332.0192391536165,332.772216796875,6420300,Sherwin-Williams,True,True
2025-06-16,SHW,334.36728702641943,337.09184202339605,326.0945714964926,330.4142150878906,7458900,Sherwin-Williams,True,True
2025-06-23,SHW,330.3349987407323,346.21667774414544,328.6407989823652,342.52117919921875,7891700,Sherwin-Williams,True,True
2025-06-30,SHW,342.01587100419096,356.0547737143934,337.84483328781556,350.72454833984375,6549500,Sherwin-Williams,True,True
2025-07-07,SHW,349.6941389307042,352.97350989097487,340.79724802619006,342.72918701171875,7904000,Sherwin-Williams,True,True
2025-07-14,SHW,341.0944689377118,343.5515330522134,332.23718592427673,336.9234313964844,7129200,Sherwin-Williams,True,True
2025-07-21,SHW,340.2523306520077,343.88838646816254,325.0641881737191,336.9531555175781,12482400,Sherwin-Williams,True,True
2025-07-28,SHW,334.9023184766376,341.8078285704993,324.50938866870297,340.2325439453125,10803900,Sherwin-Williams,True,True
2025-08-04,SHW,340.301871540076,351.6855476075914,339.3903707793738,348.90155029296875,8883900,Sherwin-Williams,True,True
2025-08-11,SHW,350.6500737335537,369.11788844646327,348.00897488153714,361.8101806640625,12474600,Sherwin-Williams,True,True
2025-08-18,SHW,361.5222183869635,376.951782499269,355.7138191767752,370.279541015625,9733700,Sherwin-Williams,True,True
2025-08-25,SHW,367.5987641638217,369.22709282941565,361.49244834095293,363.2300109863281,6517200,Sherwin-Williams,True,True
2025-09-01,SHW,358.9010133987374,373.9036112265022,356.68685122710315,369.7831115722656,8991000,Sherwin-Williams,True,True
2025-09-08,SHW,369.73349618017755,372.92067419143524,352.06992141745866,357.540771484375,9460200,Sherwin-Williams,True,True
2025-09-15,SHW,357.50100476341584,357.54072896245395,343.5309947941238,344.3352355957031,10615300,Sherwin-Williams,True,True
2025-09-22,SHW,343.1536964916696,346.4203225775181,336.58075042094515,339.4800109863281,6324800,Sherwin-Williams,True,True
2025-09-29,SHW,340.10554544695725,347.19478505906545,336.7595011925842,344.1366882324219,7141100,Sherwin-Williams,True,True
2025-10-06,SHW,343.77924727075737,343.77924727075737,328.4390692862564,330.4447021484375,9728800,Sherwin-Williams,True,True
2025-10-13,SHW,329.50143955178316,334.64464805676573,325.9369575005125,328.389404296875,11454100,Sherwin-Williams,True,True
2025-10-20,SHW,329.81914839599125,338.48711411483185,326.6419093720615,331.626220703125,11848600,Sherwin-Williams,True,True
2025-10-27,SHW,333.3141737574485,366.00019253852923,330.802155818621,342.4884948730469,13714800,Sherwin-Williams,True,True
2025-11-03,SHW,338.54670300614634,344.0373996881315,330.1368986906312,337.7424621582031,10773000,Sherwin-Williams,True,True
2025-11-10,SHW,337.23792149701006,346.71237034938434,329.9430222964826,330.58990478515625,9990400,Sherwin-Williams,True,True
2025-11-17,SHW,329.813683285979,340.9501226014609,316.69677921192687,335.44659423828125,11571200,Sherwin-Williams,True,True
2025-11-24,SHW,335.8546029457728,343.18931943862185,331.99317083438217,342.0448303222656,5500000,Sherwin-Williams,True,True
2025-12-01,SHW,338.253085578442,343.1495177793517,330.848696540068,331.5154724121094,7714100,Sherwin-Williams,True,True
2025-12-08,SHW,329.8833605169323,331.49560123648695,318.5777214043823,327.1166687011719,8754500,Sherwin-Williams,True,True
2025-12-15,SHW,329.634552853922,333.6950097841864,317.9606898257246,319.3241271972656,11392900,Sherwin-Williams,True,True
2025-12-22,SHW,319.8913873015098,324.85752206608885,319.15493921621066,323.8822021484375,4349500,Sherwin-Williams,True,True
2025-12-29,SHW,323.7528027439705,328.39049988739544,319.4833296240616,326.27069091796875,4603300,Sherwin-Williams,True,True
2026-01-05,SHW,324.519116253234,352.305482962185,321.3344521442709,351.58892822265625,9310000,Sherwin-Williams,True,True
2026-01-12,SHW,350.9022490794912,357.2815698912094,347.5682784950645,356.1171569824219,8579300,Sherwin-Williams,True,True
2026-01-19,SHW,351.6386884476923,360.58567632438576,341.94532099610615,346.8517150878906,7866100,Sherwin-Williams,True,True
2026-01-26,SHW,346.96120245747994,356.28634581102716,340.362933707741,352.94244384765625,10325400,Sherwin-Williams,True,True
2026-02-02,SHW,356.67450241829,368.22891403440127,352.9822392776549,360.247314453125,11367700,Sherwin-Williams,True,True
2026-02-09,SHW,360.48612123284823,375.96167411732284,355.9579133878466,367.12420654296875,9336400,Sherwin-Williams,True,True
2026-02-16,SHW,368.4279766685626,370.6672065987893,355.1020559721382,358.9037780761719,5805400,Sherwin-Williams,True,True
2026-02-23,SHW,357.2218478144485,367.0545596232422,351.8576337971599,360.8543701171875,8115200,Sherwin-Williams,True,True
2026-03-02,SHW,354.5906078536233,356.54553047845246,324.24926511796593,329.0268859863281,8309000,Sherwin-Williams,True,True
2026-03-09,SHW,323.6807348856649,336.35788696195505,316.61905814995225,318.9530029296875,8139600,Sherwin-Williams,True,True
2026-03-16,SHW,323.8602902993564,326.6829581108157,300.8000564456245,302.7450256347656,9882900,Sherwin-Williams,True,True
2026-03-23,SHW,305.69737265029914,325.77531907656805,305.47794037749514,314.5544128417969,9086600,Sherwin-Williams,True,True
2026-03-30,SHW,317.67631924227345,330.2437401571715,311.6519309134111,317.1776123046875,7315900,Sherwin-Williams,True,True
2026-04-06,SHW,315.71140346184626,338.44247353537054,309.80670010042434,335.2407531738281,7368400,Sherwin-Williams,True,True
2026-04-13,SHW,333.31575101881094,349.68331584835505,325.41625042149053,344.6563415527344,8404300,Sherwin-Williams,True,True
2026-04-20,SHW,342.87101655292,344.516743422021,330.65269611583096,336.8266906738281,6997000,Sherwin-Williams,True,True
2026-04-27,SHW,339.8288728870194,343.160231577455,312.58950239116524,317.1776123046875,9916100,Sherwin-Williams,True,True
2026-05-04,SHW,314.2352293460896,328.1391812076555,306.2559183409399,316.00067138671875,9129100,Sherwin-Williams,True,True
2026-05-11,SHW,316.20013949648654,316.8285151154769,299.2740246166754,299.32391357421875,13784900,Sherwin-Williams,True,True
2026-05-18,SHW,301.5,312.5899963378906,294.32000732421875,309.0799865722656,10159800,Sherwin-Williams,True,True
2026-05-25,SHW,312.0,315.55999755859375,303.20001220703125,303.8399963378906,9331600,Sherwin-Williams,True,True
2026-06-01,SHW,299.95001220703125,308.0,289.8599853515625,305.29998779296875,10833800,Sherwin-Williams,True,True
2026-06-08,SHW,302.0,323.57000732421875,299.0199890136719,317.29998779296875,11766000,Sherwin-Williams,True,True
2026-06-15,SHW,324.6400146484375,327.3299865722656,312.1700134277344,320.7900085449219,11400400,Sherwin-Williams,True,True
2026-06-22,SHW,315.9800109863281,345.7699890136719,315.7099914550781,344.07000732421875,19930100,Sherwin-Williams,True,True
2026-06-29,SHW,342.989990234375,351.9800109863281,340.04998779296875,349.0150146484375,6974562,Sherwin-Williams,True,True
2024-01-01,TRV,182.3751224903326,186.26809075499813,182.3751224903326,185.12705993652344,7055700,Travelers,True,True
2024-01-08,TRV,184.85858725143308,188.3296699177692,182.0587181965757,187.51463317871094,6116100,Travelers,True,True
2024-01-15,TRV,187.5433997175716,205.47407648042068,186.5365939211223,202.9618682861328,8775600,Travelers,True,True
2024-01-22,TRV,203.9878385955519,206.35622346595557,201.14002382637887,202.73171997070312,8407200,Travelers,True,True
2024-01-29,TRV,201.96464438359283,206.83565392398467,200.43046285096693,205.98226928710938,7389200,Travelers,True,True
2024-02-05,TRV,205.19600039039736,206.25075203921247,202.34818556963626,205.67543029785156,7478600,Travelers,True,True
2024-02-12,TRV,205.48365180753154,210.58477818001958,203.14403162582602,208.5807647705078,9310600,Travelers,True,True
2024-02-19,TRV,207.75615781449335,214.66954363324325,207.43014898342264,211.8696746826172,8379200,Travelers,True,True
2024-02-26,TRV,211.95597186555696,213.0394735423328,209.08897565909885,209.81771850585938,6438300,Travelers,True,True
2024-03-04,TRV,210.4263286768595,213.53754410164987,209.53052098072453,210.41668701171875,5207700,Travelers,True,True
2024-03-11,TRV,209.0585329713337,215.7625913849066,209.00074177169552,212.80548095703125,7445000,Travelers,True,True
2024-03-18,TRV,212.930709790244,219.11461815025046,212.35278308325846,216.196044921875,6150500,Travelers,True,True
2024-03-25,TRV,216.72579331415213,222.3799237520306,216.0515382300398,221.67677307128906,3509100,Travelers,True,True
2024-04-01,TRV,221.35894520496885,224.1908317470841,218.536700328508,222.39923095703125,4842700,Travelers,True,True
2024-04-08,TRV,222.3992127514909,223.4298714511905,211.63998192392822,212.96923828125,5780700,Travelers,True,True
2024-04-15,TRV,215.59883241604282,216.39831159316242,195.14955281272222,206.19775390625,12207200,Travelers,True,True
2024-04-22,TRV,206.57343826911864,208.00863549035586,203.16361026513917,205.60057067871094,6673000,Travelers,True,True
2024-04-29,TRV,205.6005559416966,207.32473845393886,203.42367079916215,205.98585510253906,6284000,Travelers,True,True
2024-05-06,TRV,207.24767300684337,212.4009223761766,207.0164935166012,210.46484375,3690800,Travelers,True,True
2024-05-13,TRV,210.6189809490013,212.20829782099142,205.76431413327194,211.63037109375,5621100,Travelers,True,True
2024-05-20,TRV,211.7940865533888,212.0734155591156,203.70298128426978,205.48495483398438,4172300,Travelers,True,True
2024-05-27,TRV,204.62768108796843,207.95080699253566,200.75550944993478,207.76779174804688,5893700,Travelers,True,True
2024-06-03,TRV,206.70828911228836,207.05505103273887,199.07952686237664,205.11895751953125,5820400,Travelers,True,True
2024-06-10,TRV,204.25743618442323,206.59031700539109,196.24240672469523,199.2625732421875,6649900,Travelers,True,True
2024-06-17,TRV,199.36903927726482,206.49351103359186,198.68175363048988,203.08615112304688,6336900,Travelers,True,True
2024-06-24,TRV,203.04742094494082,205.864300969756,193.80304431355808,196.83287048339844,6847400,Travelers,True,True
2024-07-01,TRV,198.43007839508772,199.3303101850141,193.98695269843572,195.409912109375,4099400,Travelers,True,True
2024-07-08,TRV,196.37792670595624,206.009527311985,196.2036939985923,204.8285675048828,5714500,Travelers,True,True
2024-07-15,TRV,205.53521057858316,217.56742995443818,196.45537606536632,196.96841430664062,7854900,Travelers,True,True
2024-07-22,TRV,196.70703954190955,208.09069993283734,196.70703954190955,207.0065460205078,6556800,Travelers,True,True
2024-07-29,TRV,207.15175670606462,214.29559304239146,203.7540860139165,207.664794921875,6906200,Travelers,True,True
2024-08-05,TRV,205.21575409679608,205.806233980064,199.82399346771953,205.68038940429688,6558900,Travelers,True,True
2024-08-12,TRV,207.26791727402744,211.12056348491726,201.9536128294057,209.6395263671875,5128200,Travelers,True,True
2024-08-19,TRV,209.55237186854885,215.2732482062662,208.49725674271298,214.72149658203125,3892700,Travelers,True,True
2024-08-26,TRV,215.5055836499595,220.90701887879248,214.8279726544525,220.77149963378906,4656200,Travelers,True,True
2024-09-02,TRV,219.00004956955524,229.01882809238393,218.941957235474,226.95700073242188,5801600,Travelers,True,True
2024-09-09,TRV,230.35113200873093,236.1456465731982,223.05938531784403,231.2261505126953,7702100,Travelers,True,True
2024-09-16,TRV,233.10253471520642,236.71924197895655,228.76638466179443,231.9066925048828,6613800,Travelers,True,True
2024-09-23,TRV,231.66365290250056,233.66645029145005,227.10387825391928,229.5539093017578,4341500,Travelers,True,True
2024-09-30,TRV,229.1552900355073,230.594190564089,224.77052502636954,229.65113830566406,4689400,Travelers,True,True
2024-10-07,TRV,228.72749451859994,230.31223880833915,218.38293760753103,230.01084899902344,5051200,Travelers,True,True
2024-10-14,TRV,230.13727320910118,262.07511742152514,228.47474830040838,258.0792541503906,8015400,Travelers,True,True
2024-10-21,TRV,259.29451068172864,259.47923729521875,243.48599518535514,243.54432678222656,5579000,Travelers,True,True
2024-10-28,TRV,246.71381660152127,247.4624400921054,238.44983691004774,238.8192901611328,5874600,Travelers,True,True
2024-11-04,TRV,238.37205870607298,250.80692598234748,235.1539701347211,249.75692749023438,6471600,Travelers,True,True
2024-11-11,TRV,250.515246564897,253.87916385178156,248.00686924614809,253.57777404785156,5183800,Travelers,True,True
2024-11-18,TRV,252.54723340642101,255.65836095585314,247.40411293948785,255.18197631835938,5738600,Travelers,True,True
2024-11-25,TRV,256.2805815374814,261.5792326922662,252.84860081275585,258.65283203125,5991700,Travelers,True,True
2024-12-02,TRV,259.79033410215163,259.81949990113145,251.49718899669614,253.8986053466797,5885900,Travelers,True,True
2024-12-09,TRV,255.15657688712224,255.42994030166017,236.06986657404292,240.46322631835938,9159100,Travelers,True,True
2024-12-16,TRV,241.63477067800144,242.96254213498827,228.62066184735806,235.0544891357422,8198300,Travelers,True,True
2024-12-23,TRV,233.03354408490145,238.45202356709353,232.34036305861542,235.6890869140625,2803300,Travelers,True,True
2024-12-30,TRV,234.19535625551075,237.31952004597022,231.97914628190233,236.54823303222656,3291600,Travelers,True,True
2025-01-06,TRV,236.0893812914693,240.24842288009813,225.5257854045539,226.92189025878906,6095200,Travelers,True,True
2025-01-13,TRV,225.47697103239622,238.31535281442248,224.77403231609847,233.84388732910156,7099800,Travelers,True,True
2025-01-20,TRV,235.67931246421702,248.3907695180668,232.70160308457483,236.12841796875,7964300,Travelers,True,True
2025-01-27,TRV,238.40322139441614,246.17457806827505,237.70028266347964,239.3697509765625,6850700,Travelers,True,True
2025-02-03,TRV,236.8703979307541,243.36281548311598,232.57467488183664,239.37950134277344,5360700,Travelers,True,True
2025-02-10,TRV,239.19399145648694,239.37949122116626,231.3445298834524,232.65277099609375,5712700,Travelers,True,True
2025-02-17,TRV,233.28738879682325,237.12426387828768,231.81317795733284,234.341796875,4675000,Travelers,True,True
2025-02-24,TRV,235.64028834824285,252.65724262910126,235.2985766356662,252.3643341064453,6922100,Travelers,True,True
2025-03-03,TRV,252.61818396378914,256.8455592081305,247.25827974104774,251.59307861328125,5897400,Travelers,True,True
2025-03-10,TRV,250.53434044609966,257.7297119243238,243.20171312175202,255.7691192626953,7243600,Travelers,True,True
2025-03-17,TRV,255.66126552041328,261.48422799144606,251.33818512235396,251.64207458496094,10701800,Travelers,True,True
2025-03-24,TRV,253.7203238870519,261.0627344210101,251.36761848750305,256.6318054199219,5584100,Travelers,True,True
2025-03-31,TRV,256.6906043210374,260.97449456875194,235.11427216079784,237.48658752441406,7589800,Travelers,True,True
2025-04-07,TRV,232.86938592043288,243.80949607104802,225.8896661869016,240.30003356933594,10108900,Travelers,True,True
2025-04-14,TRV,243.63305972561193,255.25939042526724,242.68217103411297,250.81863403320312,6284400,Travelers,True,True
2025-04-21,TRV,251.07349486336784,258.22967612503373,242.92723463722834,254.05360412597656,7868900,Travelers,True,True
2025-04-28,TRV,255.00449596839167,262.5233522686162,253.00468302484688,262.14105224609375,5527300,Travelers,True,True
2025-05-05,TRV,260.40593294400213,267.6993101577691,259.25897306821156,264.4349365234375,4778500,Travelers,True,True
2025-05-12,TRV,264.87608557450824,268.4933814970975,255.94557027500957,268.2384948730469,5778500,Travelers,True,True
2025-05-19,TRV,268.3561185861886,269.610896683749,262.83704549770323,265.69952392578125,4329800,Travelers,True,True
2025-05-26,TRV,268.7874128678811,272.17922928523626,265.2779357788777,270.2676696777344,6527400,Travelers,True,True
2025-06-02,TRV,268.0326330095192,272.3557134549175,264.18985827150243,268.29730224609375,4596900,Travelers,True,True
2025-06-09,TRV,269.275978575319,269.275978575319,254.78649630923684,259.343994140625,6072700,Travelers,True,True
2025-06-16,TRV,260.85005928342775,269.7189709117581,258.07421370719317,260.83038330078125,6546400,Travelers,True,True
2025-06-23,TRV,261.59816808528274,264.74803758071823,256.11538791259136,259.1865234375,5827300,Travelers,True,True
2025-06-30,TRV,259.9247718640373,264.905528976853,251.99099527533872,259.9936828613281,4675600,Travelers,True,True
2025-07-07,TRV,259.31448827437276,259.9050981827114,248.70330606534782,250.4947967529297,6017300,Travelers,True,True
2025-07-14,TRV,250.07151226841563,264.0294574980156,245.2876205634097,261.8048400878906,8238600,Travelers,True,True
2025-07-21,TRV,260.8992426035051,263.80305692507653,256.52877164530446,256.9618835449219,6789700,Travelers,True,True
2025-07-28,TRV,255.9283571756828,259.26528363636015,250.26840312275905,254.27467346191406,6376600,Travelers,True,True
2025-08-04,TRV,256.27287136166166,264.3641456694809,254.65853968055094,260.7220764160156,5154800,Travelers,True,True
2025-08-11,TRV,261.0272337079121,266.5592188478506,258.84199804355785,261.4308166503906,6347200,Travelers,True,True
2025-08-18,TRV,260.37752873049885,274.6701605151994,259.24554407429855,271.9632263183594,6375500,Travelers,True,True
2025-08-25,TRV,270.9887440143639,271.78605687593614,264.9252370778722,267.25811767578125,5425200,Travelers,True,True
2025-09-01,TRV,267.01202642630216,276.3041966342402,264.63976387985963,270.9100036621094,5235000,Travelers,True,True
2025-09-08,TRV,272.2409594522312,276.7279133494632,266.0541344703635,275.67041015625,4675900,Travelers,True,True
2025-09-15,TRV,274.9390966577677,276.431460571862,267.5168482565627,273.76300048828125,7728400,Travelers,True,True
2025-09-22,TRV,272.8043354153136,275.818681307301,270.82770724720325,274.5141296386719,3915600,Travelers,True,True
2025-09-29,TRV,274.54377425482585,282.82585099636265,271.6282356807119,281.2346496582031,4336700,Travelers,True,True
2025-10-06,TRV,281.67942137693467,284.5850673478362,266.1826328118087,266.9634094238281,5381300,Travelers,True,True
2025-10-13,TRV,265.3919780810712,272.6363069998678,249.31210381419365,258.94818115234375,8502900,Travelers,True,True
2025-10-20,TRV,261.3102195326039,268.5644407833564,259.8277485101108,266.736083984375,5291500,Travelers,True,True
2025-10-27,TRV,266.4890261903179,271.33175920794935,262.1404200576341,265.4809265136719,7086500,Travelers,True,True
2025-11-03,TRV,264.2554243205747,277.4197751438806,261.16199641523974,276.5401611328125,6697900,Travelers,True,True
2025-11-10,TRV,275.23558749034424,287.22384249861904,274.1682215198508,283.9327697753906,7472400,Travelers,True,True
2025-11-17,TRV,284.88152850169394,289.08186326711353,280.147495697484,286.6802673339844,6736700,Travelers,True,True
2025-11-24,TRV,286.611058522143,293.38101541942495,284.62453774088226,289.4376220703125,5195800,Travelers,True,True
2025-12-01,TRV,289.10161084448845,290.9102424198235,276.37215140077524,277.6075439453125,6717600,Travelers,True,True
2025-12-08,TRV,277.8424972544883,283.2600609980292,275.2428757463309,283.09136962890625,8406700,Travelers,True,True
2025-12-15,TRV,284.2324242960189,292.8052525538303,283.60731845052004,290.6422119140625,9721800,Travelers,True,True
2025-12-22,TRV,289.5011347943197,292.37860811376714,288.5883058314028,289.8484191894531,3073600,Travelers,True,True
2025-12-29,TRV,289.9178874662081,291.0589388310118,280.98787286819277,282.9723205566406,3459900,Travelers,True,True
2026-01-05,TRV,281.22599579358507,289.223317524113,279.4598385690328,279.7674255371094,8806200,Travelers,True,True
2026-01-12,TRV,279.1026429058399,280.48181825062676,266.4319255221406,267.324951171875,9110700,Travelers,True,True
2026-01-19,TRV,266.2334966455053,278.437837244163,265.91597776300176,275.5603942871094,8188400,Travelers,True,True
2026-01-26,TRV,277.2769573381459,284.5102471509454,275.82828876580373,282.297607421875,8398100,Travelers,True,True
2026-02-02,TRV,283.68670513063216,302.0329131691813,281.07715173926397,299.1455383300781,9629300,Travelers,True,True
2026-02-09,TRV,298.4113328498954,301.09034944644134,289.27295936478816,291.92218017578125,9803200,Travelers,True,True
2026-02-16,TRV,294.7202153892394,302.56870878252363,292.81513249088687,302.55877685546875,5199000,Travelers,True,True
2026-02-23,TRV,302.62825064992234,307.4008445738162,299.7508077653698,306.2399597167969,7831400,Travelers,True,True
2026-03-02,TRV,305.16834981963575,310.68511173089183,298.48077109043896,303.9280700683594,7357400,Travelers,True,True
2026-03-09,TRV,303.1028298270515,305.03475557300163,292.437426635098,301.23065185546875,7102100,Travelers,True,True
2026-03-16,TRV,302.2663456554372,307.6936684249229,293.40340412654365,295.3652038574219,9641700,Travelers,True,True
2026-03-23,TRV,299.66720574918673,300.5236107597822,283.47489060066476,284.08233642578125,5989600,Travelers,True,True
2026-03-30,TRV,286.48232444488787,294.29964943340815,284.958695350581,292.76605224609375,5060200,Travelers,True,True
2026-04-06,TRV,291.71047051589034,304.98499225995437,289.6192071292121,296.0224609375,5762600,Travelers,True,True
2026-04-13,TRV,295.21584417591896,303.81985869380975,291.1826867286491,299.55767822265625,7567600,Travelers,True,True
2026-04-20,TRV,299.74688737952573,306.81733498718165,297.32701116384305,301.4696960449219,8523900,Travelers,True,True
2026-04-27,TRV,299.97592485301783,310.2828112367211,299.28879504203405,303.4513854980469,7102400,Travelers,True,True
2026-05-04,TRV,302.2364544972827,306.0903378684213,295.36518698055676,296.7991943359375,5234500,Travelers,True,True
2026-05-11,TRV,298.1336315898388,300.8522466544499,290.6150453757254,298.5120544433594,7276900,Travelers,True,True
2026-05-18,TRV,298.70126603974387,308.2513374878733,298.70126603974387,305.18414306640625,7361600,Travelers,True,True
2026-05-25,TRV,306.2496757156463,308.5898981654501,289.60925206708544,290.6748046875,5964300,Travelers,True,True
2026-06-01,TRV,288.3047300088484,302.6248684683838,285.9146973074883,301.9875183105469,7076200,Travelers,True,True
2026-06-08,TRV,299.7799987792969,307.1300048828125,296.57000732421875,304.4599914550781,7890900,Travelers,True,True
2026-06-15,TRV,305.1099853515625,311.25,299.1700134277344,307.80999755859375,12322900,Travelers,True,True
2026-06-22,TRV,308.1300048828125,327.6400146484375,307.6700134277344,327.3699951171875,14474800,Travelers,True,True
2026-06-29,TRV,327.0,337.4100036621094,325.5199890136719,336.875,3386927,Travelers,True,True
2024-01-01,UNH,499.4930277691668,520.5027299880946,499.33181039621036,509.48590087890625,12116900,UnitedHealth,True,True
2024-01-08,UNH,511.40105332788727,513.1076080398592,486.4946479679339,494.4396667480469,16647300,UnitedHealth,True,True
2024-01-15,UNH,496.5254709288128,503.11466654044017,471.63801753324515,477.42138671875,21038400,UnitedHealth,True,True
2024-01-22,UNH,477.7816877619062,494.6482307749106,454.1362609223756,477.0801086425781,32397800,UnitedHealth,True,True
2024-01-29,UNH,476.9947663656916,488.2675991943881,473.30670187544115,483.7452087402344,22890500,UnitedHealth,True,True
2024-02-05,UNH,483.48918068997733,495.05589033446523,474.0935817576834,491.3204040527344,16559200,UnitedHealth,True,True
2024-02-12,UNH,491.3204057496004,499.5783112175951,486.19125143148506,494.4775695800781,12976100,UnitedHealth,True,True
2024-02-19,UNH,496.9995633890941,502.96304405959506,490.6757450917413,499.87225341796875,10384900,UnitedHealth,True,True
2024-02-26,UNH,500.89617077105856,505.1530962783633,452.47708620996093,464.1196594238281,29796300,UnitedHealth,True,True
2024-03-04,UNH,459.9622756482994,463.5792467288108,445.6372471456384,453.61358642578125,25889100,UnitedHealth,True,True
2024-03-11,UNH,454.0228584627801,472.1076264099349,453.0710285708246,467.1771545410156,21324900,UnitedHealth,True,True
2024-03-18,UNH,468.39550089395374,472.2980093042473,462.9510326890058,466.4632873535156,15571100,UnitedHealth,True,True
2024-03-25,UNH,466.96773105631087,471.9838639176847,460.7522832865745,470.8702392578125,12372500,UnitedHealth,True,True
2024-04-01,UNH,470.6514061269715,471.8983011690427,427.94279641823266,433.7870178222656,30185500,UnitedHealth,True,True
2024-04-08,UNH,434.00581467560175,437.6132575814129,415.359473255428,418.04364013671875,24436800,UnitedHealth,True,True
2024-04-15,UNH,420.7088308965797,482.8633139778937,420.6993033020239,476.99053955078125,41452100,UnitedHealth,True,True
2024-04-22,UNH,473.80189235106604,475.3629073492956,457.554148784641,471.48895263671875,19125500,UnitedHealth,True,True
2024-04-29,UNH,471.8315833628407,473.3925983144238,454.0894894411397,468.7286376953125,14337800,UnitedHealth,True,True
2024-05-06,UNH,468.7571616038999,488.8407766750982,468.3002728318272,488.10784912109375,13988000,UnitedHealth,True,True
2024-05-13,UNH,487.38448420893445,502.7184498145725,482.86329222537273,499.3585205078125,14698400,UnitedHealth,True,True
2024-05-20,UNH,499.3585495560445,500.9290922060448,483.07272406422294,483.6914367675781,12880400,UnitedHealth,True,True
2024-05-27,UNH,482.24463623223943,482.24463623223943,450.47254799368477,471.50799560546875,22298900,UnitedHealth,True,True
2024-06-03,UNH,470.32770287006315,484.5765973239936,466.7964221514428,467.05340576171875,14273800,UnitedHealth,True,True
2024-06-10,UNH,467.34851133494266,477.81864091678455,461.0474016342051,473.1737060546875,20120800,UnitedHealth,True,True
2024-06-17,UNH,469.6465115333615,471.3575230565994,457.00993809911046,461.292236328125,17726600,UnitedHealth,True,True
2024-06-24,UNH,467.2855505354608,486.9190846526262,459.39010180578146,486.7852783203125,36935100,UnitedHealth,True,True
2024-07-01,UNH,484.38603785027584,486.4507159274959,463.1179779742647,466.47308349609375,13573300,UnitedHealth,True,True
2024-07-08,UNH,467.60096475986666,491.860893845876,464.6377687878905,488.9550476074219,16802900,UnitedHealth,True,True
2024-07-15,UNH,501.1041619597963,555.837165435142,491.12489908074684,540.3807983398438,37646000,UnitedHealth,True,True
2024-07-22,UNH,538.2013435549914,553.5717138414094,528.413266791624,544.5769653320312,15623900,UnitedHealth,True,True
2024-07-29,UNH,540.7439737139803,565.4339960493886,536.9682843783014,563.7994995117188,20592100,UnitedHealth,True,True
2024-08-05,UNH,556.4297025089941,560.9222923806417,532.4470145160368,534.1006469726562,17962100,UnitedHealth,True,True
2024-08-12,UNH,537.5036138757449,557.5959746571946,536.2896430426814,552.1857299804688,12726900,UnitedHealth,True,True
2024-08-19,UNH,552.5681318737795,559.3834746669456,545.4373363380339,558.71435546875,11028100,UnitedHealth,True,True
2024-08-26,UNH,562.0980590954491,567.0781514336293,558.0165431820138,564.1531982421875,9936800,UnitedHealth,True,True
2024-09-02,UNH,566.370821405118,581.1102869067009,563.6465631034314,570.5383911132812,11181700,UnitedHealth,True,True
2024-09-09,UNH,571.9149023538126,578.1089078219126,549.882158409937,568.0914306640625,15476200,UnitedHealth,True,True
2024-09-16,UNH,570.758082646909,574.393646667347,546.4409339736726,551.5729370117188,17297300,UnitedHealth,True,True
2024-09-23,UNH,553.0022545724688,562.8058950325122,542.9396544435505,558.1438598632812,13971500,UnitedHealth,True,True
2024-09-30,UNH,559.7266222812798,579.8902290208052,555.1605482656171,567.1129150390625,14433500,UnitedHealth,True,True
2024-10-07,UNH,564.8009854143132,577.0123685120014,555.9470608254969,573.6837158203125,11083100,UnitedHealth,True,True
2024-10-14,UNH,574.7005525045736,583.8326995530879,520.876646425552,546.4024658203125,28766100,UnitedHealth,True,True
2024-10-21,UNH,546.4313935428104,555.6786488315207,537.1841382541,541.558349609375,13627600,UnitedHealth,True,True
2024-10-28,UNH,543.1794714118429,547.0932577716002,537.8171970939064,544.4360961914062,11788700,UnitedHealth,True,True
2024-11-04,UNH,543.6495099302186,594.547703399324,531.8123068276209,590.7202758789062,20986100,UnitedHealth,True,True
2024-11-11,UNH,591.7658091541459,605.0322945024676,564.9929070529507,568.1008911132812,15725100,UnitedHealth,True,True
2024-11-18,UNH,565.4246557316209,579.3914404305258,553.270881479062,566.79638671875,15624800,UnitedHealth,True,True
2024-11-25,UNH,573.2329839173933,592.2934214583242,570.7676856727735,585.3388061523438,12120400,UnitedHealth,True,True
2024-12-02,UNH,588.9839108919138,597.4541682189799,521.9702180788598,527.2269287109375,28789700,UnitedHealth,True,True
2024-12-09,UNH,531.540956223738,546.7072063333827,491.7909380642051,501.1891784667969,41015000,UnitedHealth,True,True
2024-12-16,UNH,498.80114728470255,502.3640243770474,458.18448948713495,481.5934753417969,51535300,UnitedHealth,True,True
2024-12-23,UNH,482.2000969824676,494.1597520008485,480.5534543892563,491.0879821777344,12969200,UnitedHealth,True,True
2024-12-30,UNH,488.0740056722543,497.1544902868293,482.1038166936015,493.9864501953125,16877000,UnitedHealth,True,True
2025-01-06,UNH,493.98640420772045,515.6043394992814,490.6257653644476,501.3913879394531,17968500,UnitedHealth,True,True
2025-01-13,UNH,515.2095200962527,527.1114598181166,484.1644569632109,490.86651611328125,31110300,UnitedHealth,True,True
2025-01-20,UNH,494.9975457331353,514.8147973478195,493.81315252665956,512.7733764648438,17690200,UnitedHealth,True,True
2025-01-27,UNH,519.9664427849044,531.4542684052005,514.2177399768127,522.3834228515625,17208500,UnitedHealth,True,True
2025-02-03,UNH,521.9115913865425,533.3801394257183,502.56617093057184,507.4964599609375,18851000,UnitedHealth,True,True
2025-02-10,UNH,508.1126623480884,527.2462049918372,503.5290754222685,504.10687255859375,16174600,UnitedHealth,True,True
2025-02-17,UNH,492.00279768038604,496.87525421772585,422.2476724311488,449.13287353515625,37148800,UnitedHealth,True,True
2025-02-24,UNH,449.3832399839441,458.7044591061137,433.3888773574823,457.3563537597656,31491800,UnitedHealth,True,True
2025-03-03,UNH,456.78820857216965,481.3912551670068,447.96770620819575,475.18994140625,25599500,UnitedHealth,True,True
2025-03-10,UNH,476.06023780528784,481.44672317524004,459.34958462306247,472.5498352050781,19683200,UnitedHealth,True,True
2025-03-17,UNH,471.4474706871009,501.8999248943384,469.93887211774916,499.82073974609375,27297800,UnitedHealth,True,True
2025-03-24,UNH,498.109052091063,505.71974494987717,494.2795057572639,499.0373840332031,15311100,UnitedHealth,True,True
2025-03-31,UNH,502.07395982106124,533.5611649072094,499.77237175379275,507.75054931640625,26957000,UnitedHealth,True,True
2025-04-07,UNH,496.4844105742217,586.3815068311443,486.9976054018351,579.718505859375,46578400,UnitedHealth,True,True
2025-04-14,UNH,575.3958733695531,576.0051207809362,432.36890503439474,439.1479187011719,42022900,UnitedHealth,True,True
2025-04-21,UNH,434.94120326838544,438.5579673590807,398.44465026052194,404.8465576171875,48425400,UnitedHealth,True,True
2025-04-28,UNH,405.91997030198377,410.1459817092227,380.15769762792024,386.74334716796875,46425900,UnitedHealth,True,True
2025-05-05,UNH,385.9697002331329,396.2011245531032,366.06778766228564,368.0986022949219,40132400,UnitedHealth,True,True
2025-05-12,UNH,368.44676161465594,374.4521454500319,240.67987356879797,282.2921142578125,303456200,UnitedHealth,True,True
2025-05-19,UNH,294.72837145464626,313.94371583631977,282.0310058956864,285.8315124511719,193551800,UnitedHealth,True,True
2025-05-26,UNH,289.63201755950956,295.56972984823045,279.6036949956589,291.9626159667969,68789200,UnitedHealth,True,True
2025-06-02,UNH,293.1327200754768,303.2190626878705,284.41957441353134,293.22943115234375,69253700,UnitedHealth,True,True
2025-06-09,UNH,294.9894775390144,308.29608970668113,290.68608539627166,303.1997375488281,67985400,UnitedHealth,True,True
2025-06-16,UNH,304.8359025183645,305.09884930639237,293.7235103008663,294.132568359375,54217500,UnitedHealth,True,True
2025-06-23,UNH,294.0254623190202,302.35246840520324,287.8118686681712,301.0473937988281,51615300,UnitedHealth,True,True
2025-06-30,UNH,300.9402580429226,318.0324841110979,298.349636073763,300.5019836425781,52277900,UnitedHealth,True,True
2025-07-07,UNH,299.96632930744164,300.56040419977774,288.86368540076745,296.1680603027344,52625500,UnitedHealth,True,True
2025-07-14,UNH,293.7722888263167,296.10968328958495,273.4855844780666,275.277587890625,66186800,UnitedHealth,True,True
2025-07-21,UNH,277.2156729698184,285.0070068288252,270.9631144704703,273.7290344238281,77102400,UnitedHealth,True,True
2025-07-28,UNH,276.10538248207365,277.5662575216613,228.48086213583068,231.56817626953125,149453300,UnitedHealth,True,True
2025-08-04,UNH,232.02593658942266,246.5567730116932,230.769575634325,244.34597778320312,75725800,UnitedHealth,True,True
2025-08-11,UNH,247.2482181369967,302.2063282205861,245.56334647336746,296.0804138183594,136641200,UnitedHealth,True,True
2025-08-18,UNH,305.01122931907474,308.14724232662445,287.98718418230135,299.4014892578125,106917100,UnitedHealth,True,True
2025-08-25,UNH,300.44355731911526,301.91418106683005,286.52630888818464,301.7875671386719,58503500,UnitedHealth,True,True
2025-09-01,UNH,300.26822796858295,309.6470496882431,295.7784866580965,307.16357421875,42464100,UnitedHealth,True,True
2025-09-08,UNH,311.37088462031295,352.85973995734156,305.615033637974,343.31536865234375,115611500,UnitedHealth,True,True
2025-09-15,UNH,344.25624177533274,344.6972512867263,327.18356573028825,329.97674560546875,57111800,UnitedHealth,True,True
2025-09-22,UNH,327.7911787466967,347.4316086661482,325.9682797261358,337.2193603515625,45303700,UnitedHealth,True,True
2025-09-29,UNH,337.1214137997469,360.6624696666976,334.64186051715194,353.01800537109375,45193100,UnitedHealth,True,True
2025-10-06,UNH,353.83143805566397,368.71856772933256,345.4813287153903,347.431640625,45757900,UnitedHealth,True,True
2025-10-13,UNH,347.6668171461616,356.9578058614451,343.83477518399866,349.48974609375,32694300,UnitedHealth,True,True
2025-10-20,UNH,351.39106173526625,363.6516038937199,346.58876905733143,355.2720947265625,31933600,UnitedHealth,True,True
2025-10-27,UNH,356.2522070652894,373.4032761812249,330.39819066392744,334.7496643066406,58332700,UnitedHealth,True,True
2025-11-03,UNH,332.36813045300613,333.90683358052337,307.8960032344128,317.74560546875,47850100,UnitedHealth,True,True
2025-11-10,UNH,313.6097040790764,336.3275403741776,310.8459548405684,315.4424133300781,43310100,UnitedHealth,True,True
2025-11-17,UNH,314.20756162177065,321.3424044836069,298.45797422171165,313.5901184082031,39592500,UnitedHealth,True,True
2025-11-24,UNH,318.05919212787785,328.5066458782367,311.28696709278694,323.1947021484375,24891600,UnitedHealth,True,True
2025-12-01,UNH,320.6367827124153,334.60265293648723,316.36370090165656,324.31201171875,37870300,UnitedHealth,True,True
2025-12-08,UNH,324.3120097625748,340.3746776267931,315.3334847894026,337.2765808105469,30813900,UnitedHealth,True,True
2025-12-15,UNH,336.43792647263126,340.3549299537866,320.23714298566745,323.0491027832031,34374700,UnitedHealth,True,True
2025-12-22,UNH,318.58942617514555,327.4594342482506,317.3561131053206,327.40020751953125,19537700,UnitedHealth,True,True
2025-12-29,UNH,326.4727866211099,335.71769665499096,323.1280270938765,331.9092102050781,19928100,UnitedHealth,True,True
2026-01-05,UNH,330.9719039120585,347.9027990560422,329.3932571775798,339.3880310058594,34048300,UnitedHealth,True,True
2026-01-12,UNH,336.86223317879643,338.0757940456878,323.68056659809537,326.6010437011719,33475800,UnitedHealth,True,True
2026-01-19,UNH,323.0293705339947,353.09261273920316,322.14139109818046,351.5041198730469,33103400,UnitedHealth,True,True
2026-01-26,UNH,349.2249425012613,350.0537252747721,276.65678307302096,283.099609375,125111900,UnitedHealth,True,True
2026-02-02,UNH,282.2017582863841,286.5232921885953,262.7351636667643,272.95684814453125,55025500,UnitedHealth,True,True
2026-02-09,UNH,270.4901995570838,289.5424162609187,266.1982643201319,289.2760314941406,46608200,UnitedHealth,True,True
2026-02-16,UNH,290.07523340685617,290.3021738508877,281.73802502847053,286.1286315917969,24629600,UnitedHealth,True,True
2026-02-23,UNH,284.69795889122963,291.318404708407,268.1715648064391,289.3549499511719,48245900,UnitedHealth,True,True
2026-03-02,UNH,284.31320522427905,291.3677501167311,279.27140562669894,282.6556396484375,35203300,UnitedHealth,True,True
2026-03-09,UNH,280.3985213433187,285.94681915884655,274.7209569430106,280.4880065917969,38553100,UnitedHealth,True,True
2026-03-16,UNH,282.3673009853323,287.34882878142645,273.43828708670907,274.0249328613281,59585200,UnitedHealth,True,True
2026-03-23,UNH,277.5547749859913,279.1556172104444,254.516344356629,257.54901123046875,41411200,UnitedHealth,True,True
2026-03-30,UNH,258.7024353320909,277.45534552157113,255.21238919097055,275.6854553222656,28825900,UnitedHealth,True,True
2026-04-06,UNH,276.3019133705334,311.1926322346451,275.67548631030905,302.6016845703125,49796700,UnitedHealth,True,True
2026-04-13,UNH,301.5278496985563,323.42278766287063,301.1997371130175,322.78643798828125,33498200,UnitedHealth,True,True
2026-04-20,UNH,322.34892401399804,356.52373156807795,318.30203030410297,352.9044189453125,62765600,UnitedHealth,True,True
2026-04-27,UNH,351.90015095536734,370.78229715346583,346.96832726087314,366.6856994628906,38732100,UnitedHealth,True,True
2026-05-04,UNH,366.4570006887822,377.8221130371094,356.21550629518396,377.8221130371094,29791900,UnitedHealth,True,True
2026-05-11,UNH,378.2894466013164,401.8548367185489,373.93431565094977,391.61334228515625,39793700,UnitedHealth,True,True
2026-05-18,UNH,387.7851954356004,392.74684758498205,378.3789271401476,386.2638854980469,31532500,UnitedHealth,True,True
2026-05-25,UNH,383.80789629399715,387.0493923821899,373.317822146985,378.15020751953125,25630800,UnitedHealth,True,True
2026-06-01,UNH,373.9740613882026,401.7454703246708,372.59197096006164,397.201416015625,40869900,UnitedHealth,True,True
2026-06-08,UNH,394.87471156712024,413.61766886484605,392.7468500188584,406.20001220703125,34274200,UnitedHealth,True,True
2026-06-15,UNH,406.70001220703125,414.1600036621094,398.5899963378906,400.9599914550781,29328700,UnitedHealth,True,True
2026-06-22,UNH,402.1400146484375,427.92999267578125,400.0,427.8900146484375,35955900,UnitedHealth,True,True
2026-06-29,UNH,426.5299987792969,426.70001220703125,413.25,426.1099853515625,12936265,UnitedHealth,True,True
2024-01-01,V,254.76905493965015,256.58456410038985,252.07033400973188,254.8475799560547,17210700,Visa,True,True
2024-01-08,V,256.07429807546765,261.22640220790356,255.1027680225925,259.24407958984375,26325700,Visa,True,True
2024-01-15,V,258.60615079542566,266.09387952780685,257.45798447216345,265.8485412597656,25235900,Visa,True,True
2024-01-22,V,267.16356251980363,267.7719966595128,260.6473934075871,262.9437561035156,32370400,Visa,True,True
2024-01-29,V,261.99177857551626,274.7689822430759,261.73661724416206,272.0113830566406,31176500,Visa,True,True
2024-02-05,V,272.73493864178727,274.95694166384783,269.42161697007793,271.78125,24536700,Visa,True,True
2024-02-12,V,271.78127314480383,276.39240387717933,268.1730082887113,273.8754577636719,24853900,Visa,True,True
2024-02-19,V,269.95251816063353,281.1411436217094,268.74319247222195,278.8306579589844,21135200,Visa,True,True
2024-02-26,V,278.2801246473702,281.31815651604023,276.80535014776154,278.3981018066406,22950300,Visa,True,True
2024-03-04,V,278.0539724225408,278.2407795865699,271.51581169461235,275.33056640625,26280700,Visa,True,True
2024-03-11,V,274.7504673987373,284.17918760303485,273.314998792987,278.28009033203125,33716000,Visa,True,True
2024-03-18,V,279.096126094993,286.0668892822614,278.13262605208087,278.49639892578125,30597500,Visa,True,True
2024-03-25,V,278.25058913469303,279.35174913056557,272.3219977247625,274.38665771484375,28306700,Visa,True,True
2024-04-01,V,275.64515992270697,276.16627569505096,268.959527804718,272.4793395996094,24943600,Visa,True,True
2024-04-08,V,271.6042842828164,273.3248544094949,267.6027225585802,271.31915283203125,35273000,Visa,True,True
2024-04-15,V,273.21673259389905,273.2363854519196,263.7781699891856,265.24310302734375,40582700,Visa,True,True
2024-04-22,V,266.3934409061352,278.24078383444294,264.8301535613174,269.90338134765625,36614100,Visa,True,True
2024-04-29,V,267.7404001502578,269.8542375866677,262.0182679236362,263.97479248046875,25548600,Visa,True,True
2024-05-06,V,265.11527313268664,276.3038997636827,265.03663169959503,276.0187683105469,37300700,Visa,True,True
2024-05-13,V,277.23875871668326,278.1449741236729,270.1565892697211,275.899169921875,66862200,Visa,True,True
2024-05-20,V,275.0324251358092,276.0666658341857,268.93525668221093,270.37335205078125,26697200,Visa,True,True
2024-05-27,V,270.1172222870117,270.3437536034624,264.2367566844822,268.3737487792969,25493700,Visa,True,True
2024-06-03,V,268.9943308031192,276.125739328634,264.0397693994735,274.49066162109375,23774000,Visa,True,True
2024-06-10,V,273.96859825461115,274.3822824536713,265.2316011968135,266.60076904296875,34893500,Visa,True,True
2024-06-17,V,264.9657198958264,273.870152505379,264.9657198958264,271.0924377441406,40724800,Visa,True,True
2024-06-24,V,271.19088762213966,276.1848573661783,257.33189563609216,258.5335998535156,79133800,Visa,True,True
2024-07-01,V,259.833823612032,266.4924202178958,257.3811468923104,266.3052673339844,29657800,Visa,True,True
2024-07-08,V,266.19694891963127,267.3691044019967,254.63302817684908,261.75457763671875,40059300,Visa,True,True
2024-07-15,V,261.6856013956097,269.51635245647236,260.3459824975949,261.4787292480469,32430500,Visa,True,True
2024-07-22,V,263.2221666633998,264.3746024823925,248.91006989463426,255.5686798095703,42124200,Visa,True,True
2024-07-29,V,256.4158746065728,263.94127856238464,254.70194970494214,262.58197021484375,33940000,Visa,True,True
2024-08-05,V,258.0453446598164,259.4962031564162,251.19570160845547,256.3773498535156,59578500,Visa,True,True
2024-08-12,V,257.1076606903743,264.9442651187268,255.37057050368696,263.8980712890625,59836300,Visa,True,True
2024-08-19,V,263.9376077137021,265.9905082162622,261.7761239942791,263.95733642578125,28121800,Visa,True,True
2024-08-26,V,264.2336753900955,273.38294797615475,264.1843385523526,272.7710266113281,28522600,Visa,True,True
2024-09-02,V,272.7710611058207,278.4165755613107,272.7710611058207,275.73199462890625,27020900,Visa,True,True
2024-09-09,V,278.4165201770238,284.9799154901987,274.6758664699906,283.6080322265625,31678500,Visa,True,True
2024-09-16,V,284.29893135161166,289.2535789773021,279.18639379027616,281.0616455078125,53677600,Visa,True,True
2024-09-23,V,281.1899753673083,285.118157940783,264.7370719475089,271.5867004394531,47929200,Visa,True,True
2024-09-30,V,271.4188620883893,275.4259890608808,269.6423143118781,274.3106994628906,23789100,Visa,True,True
2024-10-07,V,273.98499779876397,275.169352889955,269.6817596429852,274.22186279296875,21636200,Visa,True,True
2024-10-14,V,275.4457183310451,287.2499930982016,274.36991627172847,286.83544921875,33413000,Visa,True,True
2024-10-21,V,285.8287273827301,286.65778497667094,277.123577466101,278.06121826171875,26443400,Visa,True,True
2024-10-28,V,278.36719998923985,292.4809691042872,277.68618296406345,286.9538879394531,34868700,Visa,True,True
2024-11-04,V,287.7533265821696,307.0980948670595,286.97363591225815,303.8608093261719,30833700,Visa,True,True
2024-11-11,V,306.63380907703146,308.95762258725534,303.24204626074544,306.1888427734375,22859000,Visa,True,True
2024-11-18,V,306.03059999234415,308.92793547351073,302.8069257350778,306.4656982421875,27497300,Visa,True,True
2024-11-25,V,308.38403424881454,312.8437760283093,306.04045479098716,311.5681457519531,30318400,Visa,True,True
2024-12-02,V,313.3678529240685,313.8820763608781,305.35812881482894,307.54351806640625,26092000,Visa,True,True
2024-12-09,V,308.35439474159205,313.4173536411645,303.2222691596702,311.2319641113281,22547300,Visa,True,True
2024-12-16,V,311.2319253994009,318.03524634009386,306.10966847603487,314.1688232421875,58589700,Visa,True,True
2024-12-23,V,312.13178540168315,317.9561504382996,309.8574330807487,315.1082458496094,17013900,Visa,True,True
2024-12-30,V,311.17260761988643,316.11687822593814,308.53238401561725,311.4000549316406,17083100,Visa,True,True
2025-01-06,V,311.49898864337723,311.8747580888108,302.57950394630876,304.28033447265625,23347600,Visa,True,True
2025-01-13,V,301.6005716627449,317.01680709791844,300.45349701480046,316.0576171875,30310500,Visa,True,True
2025-01-20,V,316.7398712641086,327.39971782402483,316.43332889094023,326.5196533203125,20304100,Visa,True,True
2025-01-27,V,326.32188885422653,347.3350407880214,324.39361107638643,337.9903564453125,34428800,Visa,True,True
2025-02-03,V,336.21042204877114,346.84060451060725,335.45888321329477,344.1410217285156,27031900,Visa,True,True
2025-02-10,V,345.3936673055293,352.7036653594315,342.96688591319764,350.4552001953125,27981400,Visa,True,True
2025-02-17,V,350.33635791209986,353.76354215935567,344.1852488221624,345.22528076171875,22595400,Visa,True,True
2025-02-24,V,345.45310357631934,360.54858980616444,342.71926393662886,359.27081298828125,40363800,Visa,True,True
2025-03-03,V,359.55806797186784,363.06451048706344,335.9243207684384,342.04571533203125,41269400,Visa,True,True
2025-03-10,V,336.71676341962393,341.73869800944607,323.2853388825994,328.6539306640625,40001700,Visa,True,True
2025-03-17,V,326.90067341972326,338.99489044204716,326.63324442626293,332.477294921875,42255000,Visa,True,True
2025-03-24,V,335.43896331652496,348.2859848493722,334.4484451728304,339.5991516113281,28735800,Visa,True,True
2025-03-31,V,336.13230344822256,348.5236635929245,309.1604862944522,310.1609191894531,45101200,Visa,True,True
2025-04-07,V,299.2058192525735,333.7848108524268,296.16492133393854,330.2387390136719,48608800,Visa,True,True
2025-04-14,V,333.2201907353956,336.38983045271016,325.32576043304505,326.4846496582031,20904500,Visa,True,True
2025-04-21,V,325.8804637338702,338.0143107877909,313.6475588216216,331.9919738769531,33211800,Visa,True,True
2025-04-28,V,333.5866646884531,346.7704573978665,330.08022235889246,344.3040771484375,32432700,Visa,True,True
2025-05-05,V,343.70978678987274,351.9607894086506,342.48155399713914,349.197265625,20000800,Visa,True,True
2025-05-12,V,356.3254596563259,363.32019719165777,348.37822377290047,362.2585754394531,31263400,Visa,True,True
2025-05-19,V,360.1750348817476,366.2569994823501,349.4596855958203,350.76934814453125,26770900,Visa,True,True
2025-05-26,V,352.62470954771476,364.1635718520497,351.7020050830125,362.32806396484375,22932300,Visa,True,True
2025-06-02,V,359.92697672334447,368.0924894791346,357.1390009908025,367.318603515625,25159700,Visa,True,True
2025-06-09,V,366.8919922389895,372.56716624309803,342.29626111456923,350.0847473144531,33727600,Visa,True,True
2025-06-16,V,353.696233812277,357.39701328458506,332.2952975478082,335.91668701171875,47135000,Visa,True,True
2025-06-23,V,334.8550723559281,351.781373739261,332.99973205882867,345.87799072265625,39993000,Visa,True,True
2025-06-30,V,346.61218738398605,356.1865553080315,346.3244516050846,356.0476379394531,22567700,Visa,True,True
2025-07-07,V,356.10716993461455,356.8413608916078,341.6910422435611,345.2032775878906,33103400,Visa,True,True
2025-07-14,V,344.66755007715443,349.2116437030077,342.30619708040575,346.31451416015625,25709500,Visa,True,True
2025-07-21,V,346.3244704370922,354.8471483537365,345.66963911764776,354.241943359375,24018700,Visa,True,True
2025-07-28,V,353.58708802511194,355.51188684833437,335.4503478912215,336.6905517578125,40753400,Visa,True,True
2025-08-04,V,339.0221417866978,341.68113161537104,326.124021547367,334.14068603515625,35446000,Visa,True,True
2025-08-11,V,334.6789505719994,346.2380854537843,332.47247162871435,342.3717956542969,28262600,Visa,True,True
2025-08-18,V,341.74562033890135,349.060805354294,337.6507206701238,347.9078674316406,25338000,Visa,True,True
2025-08-25,V,347.4805027587617,351.2772423290772,345.3336860611425,349.6372985839844,28086100,Visa,True,True
2025-09-01,V,347.18232680835644,350.4821117440845,338.1278309918862,341.1294250488281,18889000,Visa,True,True
2025-09-08,V,340.2547663073003,344.21053461523985,334.39070991325457,337.36248779296875,24591600,Visa,True,True
2025-09-15,V,338.53529642064836,344.09127387257837,331.4388026355811,339.5292053222656,36859600,Visa,True,True
2025-09-22,V,336.94508874230166,343.1570197885127,332.47249838902974,335.3150634765625,35989800,Visa,True,True
2025-09-29,V,335.3249798830723,351.0088606603595,333.50610966267885,347.7090759277344,34160900,Visa,True,True
2025-10-06,V,347.87806969660596,352.8376654855998,341.15923571248493,341.5567932128906,24438700,Visa,True,True
2025-10-13,V,341.62636556112574,347.9476115548414,332.1345477754911,339.8075256347656,26048500,Visa,True,True
2025-10-20,V,339.8174370687792,347.5202308222076,336.87547530227897,345.2640686035156,24655100,Visa,True,True
2025-10-27,V,346.8742177597729,348.84216836733253,336.1101973568976,338.6645202636719,34920800,Visa,True,True
2025-11-03,V,338.9229439755118,340.026168324841,331.6773394076187,333.9732666015625,30269100,Visa,True,True
2025-11-10,V,335.26218874701,342.8408331044849,327.673606279917,328.6595153808594,27522700,Visa,True,True
2025-11-17,V,329.7948438149479,331.9857563938994,316.6890903895499,326.6279602050781,38172200,Visa,True,True
2025-11-24,V,327.88273409360045,334.6746266775219,324.6561003674629,333.0613098144531,24087500,Visa,True,True
2025-12-01,V,331.56748525069287,332.73264500458896,322.94318172617807,329.8744812011719,33125000,Visa,True,True
2025-12-08,V,328.520103198373,348.39781132133226,323.3714027022043,346.3960876464844,35748200,Visa,True,True
2025-12-15,V,346.39608217590757,348.46752454314327,342.2631963342855,347.81024169921875,46966300,Visa,True,True
2025-12-22,V,348.5571418010013,355.25940864009806,348.14882835930763,353.5365295410156,12787300,Visa,True,True
2025-12-29,V,354.02453367669926,355.0801615472117,342.06406384756735,345.05169677734375,16263400,Visa,True,True
2026-01-05,V,343.0798305125709,357.14161725173784,342.63167343937243,348.3280944824219,31962000,Visa,True,True
2026-01-12,V,341.366912400152,345.0815466791529,322.4950202824776,326.94659423828125,59982500,Visa,True,True
2026-01-19,V,320.9016592673432,327.31511362811864,320.2344078836709,324.8353576660156,29861100,Visa,True,True
2026-01-26,V,326.6478433678102,331.98573256162405,320.2742329902072,320.5032653808594,43425300,Visa,True,True
2026-02-02,V,323.4909000832517,336.19830769580227,322.77386701187766,330.21307373046875,42193700,Visa,True,True
2026-02-09,V,330.07572124430516,332.1314570038855,312.1728337423736,313.4302062988281,43626000,Visa,True,True
2026-02-16,V,313.7595325761058,321.68310824371105,313.7595325761058,320.2860107421875,28482300,Visa,True,True
2026-02-23,V,318.3799612990678,319.8568799040824,302.4529582841118,319.4776916503906,50930800,Visa,True,True
2026-03-02,V,314.84729276682594,325.0960352001053,311.65390075349916,316.70343017578125,32114000,Visa,True,True
2026-03-09,V,312.81151029103376,316.4739312519636,305.3868996111767,306.5046081542969,32358500,Visa,True,True
2026-03-16,V,307.21312450641904,312.04310783623265,296.4155016662302,300.9960021972656,41689600,Visa,True,True
2026-03-23,V,304.5685964447144,307.85176797172704,293.71110075686363,294.9085998535156,37108400,Visa,True,True
2026-03-30,V,298.1119790349873,304.4188806651991,293.28199599429206,300.17767333984375,31660800,Visa,True,True
2026-04-06,V,300.11781020085886,310.4364148400164,298.8404595219452,303.7303161621094,26795700,Visa,True,True
2026-04-13,V,303.30122008444147,318.7791426284462,301.71451314260156,316.3641357421875,30967700,Visa,True,True
2026-04-20,V,315.74541680025294,316.8930315574201,303.87004194169583,308.7798767089844,30872200,Visa,True,True
2026-04-27,V,306.87384156633533,341.2725322023105,305.4268291044356,327.35137939453125,49727200,Visa,True,True
2026-05-04,V,327.32143091338014,329.1077362739625,315.5059292568937,318.1304931640625,33550300,Visa,True,True
2026-05-11,V,319.1000061035156,329.010009765625,318.010009765625,325.75,35103700,Visa,True,True
2026-05-18,V,324.42999267578125,335.1700134277344,323.7699890136719,328.8800048828125,42083000,Visa,True,True
2026-05-25,V,326.4599914550781,331.6700134277344,320.8999938964844,326.3599853515625,36832400,Visa,True,True
2026-06-01,V,327.260009765625,327.8599853515625,309.0,323.57000732421875,43355400,Visa,True,True
2026-06-08,V,321.3500061035156,326.8999938964844,317.0,322.3900146484375,29217600,Visa,True,True
2026-06-15,V,323.3599853515625,336.82000732421875,322.75,327.239990234375,37663300,Visa,True,True
2026-06-22,V,328.3299865722656,339.94000244140625,325.8599853515625,336.2300109863281,58210600,Visa,True,True
2026-06-29,V,338.2699890136719,353.3599853515625,338.2699890136719,353.04998779296875,23902136,Visa,True,True
2024-01-01,VZ,32.047973543886904,34.290396857479024,32.005504043596105,34.145999908447266,104566100,Verizon,True,True
2024-01-08,VZ,34.67862323486111,34.77363039024262,32.4415712782893,33.3052978515625,112782400,Verizon,True,True
2024-01-15,VZ,33.32257250696271,34.0567387703222,33.12391249725542,33.970367431640625,90091000,Verizon,True,True
2024-01-22,VZ,34.030829468895526,36.69974480339142,33.95309394284786,36.62200927734375,148643700,Verizon,True,True
2024-01-29,VZ,36.38016246382676,37.321624563597254,35.98284902957454,36.38880157470703,108477700,Verizon,True,True
2024-02-05,VZ,36.276515986769574,36.43198703315844,33.909903732182045,34.307220458984375,97802300,Verizon,True,True
2024-02-12,VZ,34.31585600506012,35.127757789373206,34.143110033225,34.9722900390625,66714200,Verizon,True,True
2024-02-19,VZ,34.90319370427042,35.54235287335084,34.64407636891294,35.11912536621094,65635200,Verizon,True,True
2024-02-26,VZ,35.06729419175133,35.09320822696438,34.056735779529525,34.721805572509766,87236900,Verizon,True,True
2024-03-04,VZ,34.479959327234596,35.378235652697086,34.01354953446236,34.125831604003906,90633600,Verizon,True,True
2024-03-11,VZ,34.17765887926682,34.98092482399892,33.806256203966804,34.10856246948242,110918400,Verizon,True,True
2024-03-18,VZ,34.09992477531726,35.24868270125087,33.90990387452093,34.8686408996582,86311200,Verizon,True,True
2024-03-25,VZ,35.00683698337905,36.40607640529564,34.96365131365813,36.241966247558594,71472800,Verizon,True,True
2024-04-01,VZ,36.26787920643707,37.503005139020686,35.87056249019933,36.38016128540039,81304300,Verizon,True,True
2024-04-08,VZ,36.969295975016244,36.99562965985753,34.827675991708205,34.86278533935547,85919500,Verizon,True,True
2024-04-15,VZ,35.205095495669006,35.69661300321416,34.634580276454784,35.53862762451172,96349000,Verizon,True,True
2024-04-22,VZ,36.337343283630425,36.54799266628033,33.844636600862785,34.827674865722656,128246500,Verizon,True,True
2024-04-29,VZ,35.02077376399613,35.82826866389049,34.01140179091653,34.134281158447266,88005300,Verizon,True,True
2024-05-06,VZ,34.336157122398596,35.47718420014547,34.28349644614392,35.459632873535156,65491500,Verizon,True,True
2024-05-13,VZ,35.40696400924176,35.90726045454619,34.959331581205156,35.16120529174805,81539700,Verizon,True,True
2024-05-20,VZ,35.15243349875505,35.380640938891986,34.32738381476575,34.88034439086914,63891100,Verizon,True,True
2024-05-27,VZ,34.86278170474336,36.23201263812106,34.23082690582361,36.11791229248047,91273900,Verizon,True,True
2024-06-03,VZ,36.14425416233784,36.61822041280099,35.74050662225993,35.93360137939453,69361600,Verizon,True,True
2024-06-10,VZ,35.90725966129528,35.924814333330076,34.494140370501775,34.81889343261719,65137300,Verizon,True,True
2024-06-17,VZ,34.757459062140086,35.52107234530816,34.186947200841786,35.31919860839844,87492300,Verizon,True,True
2024-06-24,VZ,35.45084854241801,36.5392147805947,35.389408863865675,36.19690704345703,101159400,Verizon,True,True
2024-07-01,VZ,36.35489109837553,36.84641185745175,35.74049433479431,36.223236083984375,62277600,Verizon,True,True
2024-07-08,VZ,36.842799725195015,37.27099651283392,36.29863191079801,36.958770751953125,73299300,Verizon,True,True
2024-07-15,VZ,36.9587756746466,37.93114040619582,36.307559427353056,37.12826919555664,85654300,Verizon,True,True
2024-07-22,VZ,35.63849927323575,36.54841879459988,34.52340232102566,35.763389587402344,138784300,Verizon,True,True
2024-07-29,VZ,35.75447144174897,37.413732900675306,35.388716362951946,36.54841995239258,96923500,Verizon,True,True
2024-08-05,VZ,35.683106966545246,36.3967684252749,35.36195845936534,36.35216522216797,82191300,Verizon,True,True
2024-08-12,VZ,36.53057470845922,36.664384293131505,35.68310039351218,36.22726821899414,68246600,Verizon,True,True
2024-08-19,VZ,36.245109037167374,36.78035416502732,36.182663885683894,36.76251220703125,57155700,Verizon,True,True
2024-08-26,VZ,36.905248239662335,37.36912898595154,36.70007080624697,37.270999908447266,70168400,Verizon,True,True
2024-09-02,VZ,37.43156874156922,38.6001914185425,36.4859688286493,36.708988189697266,100892700,Verizon,True,True
2024-09-09,VZ,36.8071183384334,39.67068986976813,36.8071183384334,39.635005950927734,125652900,Verizon,True,True
2024-09-16,VZ,39.79558755692178,40.18810052788237,38.6537291664863,39.545806884765625,136151100,Verizon,True,True
2024-09-23,VZ,39.56363410397674,40.18808900837998,39.206805160750214,40.04535675048828,86666200,Verizon,True,True
2024-09-30,VZ,40.25945777984581,40.464635192673065,38.84997372259046,39.411983489990234,69876500,Verizon,True,True
2024-10-07,VZ,39.93663435646869,40.090653286423795,38.77694757225305,38.95814895629883,59365800,Verizon,True,True
2024-10-14,VZ,38.95814620808787,40.018168527366164,38.85848528108659,39.8550910949707,58424900,Verizon,True,True
2024-10-21,VZ,39.909448690702064,40.045350581832054,36.91963819100017,37.490421295166016,131734800,Verizon,True,True
2024-10-28,VZ,37.553845751063804,38.64105064185067,37.254862937242564,37.47230529785156,92780200,Verizon,True,True
2024-11-04,VZ,37.73504411733316,37.84376356085806,36.620656860720025,36.675018310546875,94572200,Verizon,True,True
2024-11-11,VZ,36.6659657086861,37.84376966246992,36.30356289700061,37.735050201416016,89173600,Verizon,True,True
2024-11-18,VZ,37.7531631755798,39.26619077727014,37.7531631755798,39.094051361083984,72184000,Verizon,True,True
2024-11-25,VZ,39.26619193217236,40.52553624752486,39.23901293306173,40.17219543457031,67008400,Verizon,True,True
2024-12-02,VZ,40.10877527745545,40.24467372849922,38.07026740663729,38.387367248535156,81494200,Verizon,True,True
2024-12-09,VZ,38.477967145049426,39.04874682298056,37.88000501379144,38.305824279785156,70486300,Verizon,True,True
2024-12-16,VZ,38.197111063093075,38.2786515241115,36.16766150892845,36.17672348022461,130251900,Verizon,True,True
2024-12-23,VZ,36.17671791472627,36.39415680657125,35.75995715858266,36.16765594482422,61119000,Verizon,True,True
2024-12-30,VZ,36.05893581547597,36.8109203211656,35.696536517226605,36.4756965637207,66922000,Verizon,True,True
2025-01-06,VZ,37.14970544274051,37.18658859477609,34.66014895827493,34.86300277709961,108872100,Verizon,True,True
2025-01-13,VZ,34.98287181665921,35.932593746568756,34.798463069760786,35.75740051269531,112051600,Verizon,True,True
2025-01-20,VZ,35.84038744469827,37.50931341014183,35.582212373697416,36.458168029785156,119483900,Verizon,True,True
2025-01-27,VZ,37.02062449451565,37.69372631038682,36.107785665260906,36.31985855102539,153882500,Verizon,True,True
2025-02-03,VZ,36.24609103522243,37.168148775465845,36.09856193747832,36.771663665771484,95113200,Verizon,True,True
2025-02-10,VZ,36.90075356558018,38.071767393267926,36.716341302168395,37.79515075683594,75855400,Verizon,True,True
2025-02-17,VZ,37.73059877768666,39.86055329605449,37.444763146485684,39.42718505859375,82634100,Verizon,True,True
2025-02-24,VZ,39.417969512690554,40.542881113231395,39.25199883335268,39.74068832397461,114978700,Verizon,True,True
2025-03-03,VZ,39.6116009501465,42.599069672221475,39.0768092726455,42.4699821472168,140837900,Verizon,True,True
2025-03-10,VZ,42.46998241602812,43.668656820993,37.96111693815363,40.17405700683594,201770800,Verizon,True,True
2025-03-17,VZ,40.19249675806702,40.96702539517372,39.731467891155205,40.56132125854492,132743400,Verizon,True,True
2025-03-24,VZ,40.229384147556225,41.806102194246655,39.786796810803025,41.42805862426758,102653400,Verizon,True,True
2025-03-31,VZ,41.769215149709474,42.58984598007211,39.46407078695099,39.676143646240234,138560000,Verizon,True,True
2025-04-07,VZ,38.908109798716914,41.128488556186156,38.29914801063766,40.96921920776367,184674200,Verizon,True,True
2025-04-14,VZ,41.12849028801487,42.05598723812769,40.77247958878518,41.25965118408203,79894700,Verizon,True,True
2025-04-21,VZ,41.409549727625915,41.493867956805836,38.73010774909331,39.264122009277344,130797600,Verizon,True,True
2025-04-28,VZ,39.348440661880474,41.418917277075295,39.217279764826166,40.97859191894531,94752700,Verizon,True,True
2025-05-05,VZ,41.0441743300398,41.559450839048644,40.491422256118824,40.8568000793457,60013900,Verizon,True,True
2025-05-12,VZ,40.33215261627936,41.21281051635742,39.58265919249652,41.21281051635742,88692800,Verizon,True,True
2025-05-19,VZ,41.29712730406139,41.7374526648178,40.1541476391424,40.585105895996094,70348200,Verizon,True,True
2025-05-26,VZ,40.54762974013858,41.27838891919732,40.26657016690047,41.18470001220703,62186600,Verizon,True,True
2025-06-02,VZ,41.03479766845703,41.33459499630651,40.31340923148609,41.03479766845703,61605400,Verizon,True,True
2025-06-09,VZ,40.89427218596615,41.59692288624827,40.20098858918663,40.294673919677734,77640200,Verizon,True,True
2025-06-16,VZ,40.247834512016354,40.38836609299365,38.97369390055961,39.0673828125,99199800,Verizon,True,True
2025-06-23,VZ,39.170436429843186,40.032352923710256,39.0861182011939,39.63887023925781,85640000,Verizon,True,True
2025-06-30,VZ,39.638872779993854,41.25028275743774,39.61076431939819,40.80058670043945,70644400,Verizon,True,True
2025-07-07,VZ,41.60309278509658,41.60309278509658,39.49913865784018,39.62289810180664,101828900,Verizon,True,True
2025-07-14,VZ,39.59434105030022,39.83234502304027,38.737525295775086,38.88032913208008,88872700,Verizon,True,True
2025-07-21,VZ,39.937068885439864,41.403174285404255,39.68002414921344,41.012847900390625,131434700,Verizon,True,True
2025-07-28,VZ,40.95572656758596,41.38413447102724,40.12747370870125,40.822444915771484,91055500,Verizon,True,True
2025-08-04,VZ,40.74627910853513,41.27940931096561,40.14650808475738,41.07948684692383,74906000,Verizon,True,True
2025-08-11,VZ,41.155645622909944,42.30758395397443,40.92716384784298,42.117183685302734,71533900,Verizon,True,True
2025-08-18,VZ,42.22190128388661,43.55472491988835,42.09814183879457,42.30758285522461,82608900,Verizon,True,True
2025-08-25,VZ,42.30758466538615,42.34566617242177,41.59357275090402,42.107662200927734,76031500,Verizon,True,True
2025-09-01,VZ,42.04102073921245,42.345665527553294,40.82244158584906,42.250465393066406,70839400,Verizon,True,True
2025-09-08,VZ,40.91764438214772,42.031504912696334,40.87956287321472,41.86014175415039,89911300,Verizon,True,True
2025-09-15,VZ,41.936298816370844,42.27902511446979,41.22228690588217,41.39365005493164,91293800,Verizon,True,True
2025-09-22,VZ,41.298450871220155,41.66973649216589,40.898602303673044,41.51741409301758,87934900,Verizon,True,True
2025-09-29,VZ,41.50789073439847,41.974380111492,41.022364235642016,41.57453155517578,99741600,Verizon,True,True
2025-10-06,VZ,41.882473791545024,42.008364342486274,38.56092701960245,38.5899772644043,218522400,Verizon,True,True
2025-10-13,VZ,38.49314116477996,39.37436764494003,38.1638915076828,39.267845153808594,104307700,Verizon,True,True
2025-10-20,VZ,39.413105599754495,39.577728588914425,37.1761442642648,37.59254837036133,169119700,Verizon,True,True
2025-10-27,VZ,37.58286491950648,40.01349940877218,37.54412879604023,38.48345947265625,211489400,Verizon,True,True
2025-11-03,VZ,38.26073129775876,39.045121229696896,37.61191780747734,38.76428985595703,155770200,Verizon,True,True
2025-11-10,VZ,38.63840082662508,40.41053601870235,38.318833344565185,39.761722564697266,125465200,Verizon,True,True
2025-11-17,VZ,39.76171903912217,40.29432776791677,39.14195219196651,39.92634201049805,131794500,Verizon,True,True
2025-11-24,VZ,40.04254804569327,40.149070533906055,38.88049394102998,39.81013870239258,94292800,Verizon,True,True
2025-12-01,VZ,39.66487808850894,40.730099222744784,39.08385106552919,40.371795654296875,118945700,Verizon,True,True
2025-12-08,VZ,40.42990367726,40.42990367726,38.42535545513543,39.59709548950195,137251000,Verizon,True,True
2025-12-15,VZ,39.60677760433272,40.00381359867094,38.55124234708044,38.5609245300293,151919400,Verizon,True,True
2025-12-22,VZ,38.464093875480835,39.258165987018046,38.40598968655849,39.2000617980957,60698300,Verizon,True,True
2025-12-29,VZ,39.22910654226517,39.66487866284976,39.02574745068563,39.238792419433594,80739600,Verizon,True,True
2026-01-05,VZ,39.15164052016173,39.5099404228244,38.570613451299025,39.18069076538086,162895800,Verizon,True,True
2026-01-12,VZ,39.22995061220207,39.466395967934254,38.22506442714031,38.33343505859375,159692700,Verizon,True,True
2026-01-19,VZ,38.31373285019912,39.101877811118285,38.106845502615016,38.93439865112305,92539600,Verizon,True,True
2026-01-26,VZ,39.09202786278372,43.96868023822207,38.60928695753892,43.86030960083008,239535300,Verizon,True,True
2026-02-02,VZ,43.9194185778318,46.874964794111044,43.22979037573237,45.623783111572266,250012700,Verizon,True,True
2026-02-09,VZ,45.47600412344186,49.49554876612009,45.14104206988534,48.28377151489258,196164500,Verizon,True,True
2026-02-16,VZ,48.569476248335974,48.766513417820036,47.121261132696674,48.52021789550781,105632900,Verizon,True,True
2026-02-23,VZ,48.61873511599967,49.73199194092746,48.14584815913326,49.397029876708984,133978800,Verizon,True,True
2026-03-02,VZ,49.23939989680461,50.64821057155462,48.63843822682674,50.36250686645508,129225500,Verizon,True,True
2026-03-09,VZ,50.24428591697398,50.90435610451001,49.07192059851962,50.618656158447266,118719900,Verizon,True,True
2026-03-16,VZ,50.598955172750486,50.697471883211286,48.18525818474476,49.239402770996094,175311700,Verizon,True,True
2026-03-23,VZ,49.29851453489723,50.914212621799514,48.88473608732601,49.56451416015625,119271800,Verizon,True,True
2026-03-30,VZ,50.11621445925898,50.16547281467355,48.44140406796218,48.667999267578125,105449200,Verizon,True,True
2026-04-06,VZ,49.400001525878906,49.72999954223633,45.95000076293945,46.040000915527344,128257300,Verizon,True,True
2026-04-13,VZ,46.09000015258789,46.88999938964844,44.27000045776367,46.54999923706055,136347400,Verizon,True,True
2026-04-20,VZ,46.59000015258789,47.52000045776367,45.16999816894531,46.380001068115234,117068500,Verizon,True,True
2026-04-27,VZ,47.43000030517578,48.650001525878906,46.2599983215332,48.11000061035156,149317400,Verizon,True,True
2026-05-04,VZ,47.81999969482422,47.880001068115234,46.90999984741211,47.220001220703125,87754000,Verizon,True,True
2026-05-11,VZ,47.5,48.279998779296875,46.34000015258789,46.369998931884766,97846500,Verizon,True,True
2026-05-18,VZ,46.599998474121094,48.52000045776367,45.810001373291016,48.349998474121094,97295400,Verizon,True,True
2026-05-25,VZ,48.290000915527344,48.959999084472656,47.34000015258789,47.810001373291016,99242300,Verizon,True,True
2026-06-01,VZ,47.5,48.13999938964844,44.29999923706055,45.369998931884766,113606400,Verizon,True,True
2026-06-08,VZ,45.29999923706055,48.209999084472656,44.790000915527344,48.11000061035156,117838600,Verizon,True,True
2026-06-15,VZ,47.31999969482422,47.75,45.22999954223633,45.369998931884766,144693700,Verizon,True,True
2026-06-22,VZ,45.369998931884766,46.849998474121094,45.150001525878906,46.540000915527344,123308900,Verizon,True,True
2026-06-29,VZ,45.56999969482422,45.849998474121094,41.880001068115234,42.04499816894531,138656014,Verizon,True,True
2024-01-01,WMT,51.10214482637891,52.093314930999576,50.56593865814658,50.926658630371094,83287800,Walmart,True,True
2024-01-08,WMT,50.92340915422233,52.61002320840847,50.91690828794025,52.42478942871094,92109300,Walmart,True,True
2024-01-15,WMT,52.463786710589034,53.1559839701837,52.20055739536818,52.769264221191406,69226200,Walmart,True,True
2024-01-22,WMT,52.902489761799956,53.419196970378984,52.09980399107078,53.383453369140625,81053700,Walmart,True,True
2024-01-29,WMT,53.40945817931908,55.43404659938868,53.13973173566703,55.1058235168457,102108600,Walmart,True,True
2024-02-05,WMT,55.24881097957052,55.46004451053962,54.618364538915024,55.01158142089844,79166700,Walmart,True,True
2024-02-12,WMT,54.99532800700955,55.872758945786444,54.44612385131531,55.362548828125,91176000,Walmart,True,True
2024-02-19,WMT,58.00133194254854,58.934009033667316,56.15548035682125,57.05241012573242,216168600,Walmart,True,True
2024-02-26,WMT,57.63736458683278,58.339309336670205,56.72093961156899,57.28639221191406,113246800,Walmart,True,True
2024-03-04,WMT,57.03291737354155,59.53846575379688,56.93542669470345,58.61228942871094,76747800,Walmart,True,True
2024-03-11,WMT,58.79234756871567,60.23036462176482,58.56735233791502,59.3597297668457,114233300,Walmart,True,True
2024-03-18,WMT,59.369505588627966,60.31840152200448,59.07603373520446,59.545589447021484,69458200,Walmart,True,True
2024-03-25,WMT,59.54558707406379,59.72167092544017,58.8510361779108,58.860816955566406,59823400,Walmart,True,True
2024-04-01,WMT,58.99778090336388,59.437986851880616,57.598894437182054,58.547786712646484,72734800,Walmart,True,True
2024-04-08,WMT,58.30321893897701,59.5651519546654,58.00974709925101,58.83147048950195,59449400,Walmart,True,True
2024-04-15,WMT,59.19342173716897,59.379290105326724,57.68693189429927,58.234745025634766,66840500,Walmart,True,True
2024-04-22,WMT,58.264096166031045,59.212988389691574,57.285854144160325,58.85103988647461,81711200,Walmart,True,True
2024-04-29,WMT,58.87060415070407,59.076034076116294,57.30541843561506,58.518436431884766,71240100,Walmart,True,True
2024-05-06,WMT,58.89768493665729,59.73206730874769,58.29889120732971,59.368865966796875,63562400,Walmart,True,True
2024-05-13,WMT,59.50629364438809,63.688027651519874,58.34797220101167,63.462257385253906,150157200,Walmart,True,True
2024-05-20,WMT,63.23647106963113,64.48314276656544,62.696576443253065,64.1788330078125,75030400,Walmart,True,True
2024-05-27,WMT,64.02179212897337,64.689299601693,62.9812686379685,64.55187225341797,65572300,Walmart,True,True
2024-06-03,WMT,64.30646483831086,66.32861651361132,63.962896469579526,64.66966247558594,74811400,Walmart,True,True
2024-06-10,WMT,65.95559401560232,66.09302134958905,64.6892928759577,65.78871154785156,70518400,Walmart,True,True
2024-06-17,WMT,65.69054403175264,67.29060246654284,65.18991914346917,66.66236114501953,63940300,Walmart,True,True
2024-06-24,WMT,66.79979903248511,67.77160881024656,65.32735679802235,66.4660415649414,79233000,Walmart,True,True
2024-07-01,WMT,66.64273289393597,68.86121455631019,66.01449149225574,68.75323486328125,45976100,Walmart,True,True
2024-07-08,WMT,68.61581185383459,69.15570286381372,67.8992199811795,67.96793365478516,60409600,Walmart,True,True
2024-07-15,WMT,68.02682246879573,70.01952608336791,68.02682246879573,69.45018005371094,55889900,Walmart,True,True
2024-07-22,WMT,69.55816889059557,69.95082163479432,67.56546501362992,68.49800872802734,80031000,Walmart,True,True
2024-07-29,WMT,68.56672542053303,68.94955980347304,66.49548940553535,67.20226287841797,86600800,Walmart,True,True
2024-08-05,WMT,66.84887535866847,67.36913707865848,65.4451468079273,66.70162963867188,80380200,Walmart,True,True
2024-08-12,WMT,67.27568062543718,73.28068625061016,66.0943722296584,72.30609893798828,136311400,Walmart,True,True
2024-08-19,WMT,72.24703510814848,75.0329629367999,72.1978107960364,74.52105712890625,71785500,Walmart,True,True
2024-08-26,WMT,74.71794832080198,76.263497117946,74.3930858799217,76.02723693847656,65967100,Walmart,True,True
2024-09-02,WMT,76.12567520213223,76.59819554336899,75.11171747971227,75.44641876220703,68740400,Walmart,True,True
2024-09-09,WMT,75.65315123637845,79.43335171332633,75.29875720695908,79.3447494506836,87337100,Walmart,True,True
2024-09-16,WMT,79.58100503835452,79.75820204283268,76.28317899277671,77.82872772216797,113157200,Walmart,True,True
2024-09-23,WMT,77.83856453566075,80.32916114648043,77.83856453566075,78.53750610351562,69922400,Walmart,True,True
2024-09-30,WMT,78.64580810929426,80.26026646807556,78.60643016022938,79.67945861816406,74893300,Walmart,True,True
2024-10-07,WMT,79.43335444032319,79.67946099639252,77.74998649807806,78.8525390625,64858000,Walmart,True,True
2024-10-14,WMT,78.80331440176334,80.54574534037859,78.51782992391361,80.04368591308594,56062800,Walmart,True,True
2024-10-21,WMT,79.96493428549574,82.042066417618,79.46287487858017,81.2249984741211,55654000,Walmart,True,True
2024-10-28,WMT,81.46126464891977,81.78612708389467,79.95509382749587,80.90998840332031,54662200,Walmart,True,True
2024-11-04,WMT,80.91982737732583,84.20781465842606,80.72294514948415,83.50887298583984,69379800,Walmart,True,True
2024-11-11,WMT,83.62699966881982,84.45392155248702,82.63273465030382,82.93790435791016,69207300,Walmart,True,True
2024-11-18,WMT,83.49903136038239,89.4941909227353,82.35710085505268,89.03150939941406,122337700,Walmart,True,True
2024-11-25,WMT,89.09056544948268,91.19723678302222,87.67298940800735,91.05941772460938,67135700,Walmart,True,True
2024-12-02,WMT,91.3744348620783,94.68210732401036,90.51798140852564,94.20957946777344,92996600,Walmart,True,True
2024-12-09,WMT,94.37883626146424,94.65508503768228,91.79392301916845,92.98771667480469,79572200,Walmart,True,True
2024-12-16,WMT,93.1554503049967,94.61563227747848,90.40281530523471,91.00464630126953,130925500,Walmart,True,True
2024-12-23,WMT,90.27455805947365,91.63607327450748,87.71924904549844,90.43241882324219,57576200,Walmart,True,True
2024-12-30,WMT,89.51486788559751,90.0772336465277,88.3210666387663,89.56419372558594,46712900,Walmart,True,True
2025-01-06,WMT,89.61352752776371,92.32669713839222,89.23861200051377,91.75446319580078,57352400,Walmart,True,True
2025-01-13,WMT,90.88625352883295,91.192099337166,88.91303922533675,90.70866394042969,78650400,Walmart,True,True
2025-01-20,WMT,91.24143497475039,93.7375499263953,91.07370603409835,93.49089813232422,67986800,Walmart,True,True
2025-01-27,WMT,94.61563302746376,97.6741138757043,93.55009543319704,96.84536743164062,72187000,Walmart,True,True
2025-02-03,WMT,95.47397430127756,101.72906778934737,95.17799666111233,99.79531860351562,77151700,Walmart,True,True
2025-02-10,WMT,100.58460111087872,103.88974125533792,99.89397908120355,102.64661407470703,69104200,Walmart,True,True
2025-02-17,WMT,102.3309067341282,102.8044740061056,92.85947849520363,93.51063537597656,127221000,Walmart,True,True
2025-02-24,WMT,92.91866693577595,97.53598895963306,90.88625850070223,97.28933715820312,120039600,Walmart,True,True
2025-03-03,WMT,96.66777044142913,98.15754179633392,89.5444657192684,90.49160766601562,117109900,Walmart,True,True
2025-03-10,WMT,88.55786587711346,89.02157247330912,82.74674997302607,84.20692443847656,164146400,Walmart,True,True
2025-03-17,WMT,84.22051441602186,87.04996032704324,83.8742551362576,85.06143951416016,113687300,Walmart,True,True
2025-03-24,WMT,85.54620054174062,86.71359433520473,83.66649764746641,84.24030303955078,104611500,Walmart,True,True
2025-03-31,WMT,83.85447333282731,89.18688896156684,81.7670147975078,82.3012466430664,140955600,Walmart,True,True
2025-04-07,WMT,79.38275754044754,92.35269806279848,78.957351123737,91.80857849121094,178112800,Walmart,True,True
2025-04-14,WMT,92.27355187524984,95.00406768375657,89.64197376067168,92.22409057617188,93237100,Walmart,True,True
2025-04-21,WMT,92.02621941361205,95.56797436840895,90.36416735729685,94.07410430908203,80577600,Walmart,True,True
2025-04-28,WMT,94.08400782802896,98.159994966624,93.33212509320553,97.69501495361328,76472100,Walmart,True,True
2025-05-05,WMT,98.11964687655312,98.91300918106317,95.49161769194146,95.91805267333984,62525300,Walmart,True,True
2025-05-12,WMT,96.86017198739232,98.36757321614498,91.12809779526215,97.42544555664062,149923000,Walmart,True,True
2025-05-19,WMT,95.84863352804945,98.00063928043515,94.21231289610054,95.54119873046875,78774300,Walmart,True,True
2025-05-26,WMT,96.49324208617155,98.10972425103016,95.77921074071836,97.9014663696289,72719100,Walmart,True,True
2025-06-02,WMT,98.02047060396119,100.05347618184409,96.16598043596063,96.66183471679688,75129800,Walmart,True,True
2025-06-09,WMT,96.59241598548701,97.27668975207372,92.65533176202158,93.6569595336914,83748200,Walmart,True,True
2025-06-16,WMT,93.96439264758794,95.51145568848484,92.84376462003267,95.32303619384766,61755900,Walmart,True,True
2025-06-23,WMT,95.12468071086816,98.28823335367777,94.87675357751031,96.46348571777344,104784100,Walmart,True,True
2025-06-30,WMT,96.4238134274515,98.36756103121716,95.51143592679837,97.54444122314453,53627000,Walmart,True,True
2025-07-07,WMT,97.41553216534145,98.52624087586601,93.44869804801509,93.6172866821289,76998300,Walmart,True,True
2025-07-14,WMT,93.72637073794024,95.04533726853482,93.59744379297348,94.26189422607422,61212900,Walmart,True,True
2025-07-21,WMT,94.47015970343703,96.84034256054335,94.31148270182422,96.66183471679688,60089200,Walmart,True,True
2025-07-28,WMT,96.47341149148892,98.0601437398089,96.27507279774998,97.67337799072266,72593200,Walmart,True,True
2025-08-04,WMT,97.38577206977011,103.85171575311331,97.38577206977011,102.86992645263672,85669800,Walmart,True,True
2025-08-11,WMT,103.27917143100697,103.706602370193,98.9452229818952,99.40247344970703,74633800,Walmart,True,True
2025-08-18,WMT,99.4024757278417,102.03664285139091,96.18183763772561,96.25141906738281,131830400,Walmart,True,True
2025-08-25,WMT,96.42039748215828,96.99693363773223,94.84983661027343,96.40052032470703,88994100,Walmart,True,True
2025-09-01,WMT,96.64903143507456,100.8736366949465,95.93333238940477,99.90943145751953,63736600,Walmart,True,True
2025-09-08,WMT,100.24739542135143,103.35869777043955,99.68080161211348,102.87162017822266,70983000,Walmart,True,True
2025-09-15,WMT,103.0306716934118,105.47597178320596,101.47998785359044,101.71855926513672,100281800,Walmart,True,True
2025-09-22,WMT,101.8378377081228,102.89150915292191,100.72453478596017,102.5436019897461,62638400,Walmart,True,True
2025-09-29,WMT,102.43426119019941,103.31894267723028,99.27326194518547,101.46011352539062,72966300,Walmart,True,True
2025-10-06,WMT,101.27123772971481,103.01078102383337,99.77026583341633,101.23147583007812,80454000,Walmart,True,True
2025-10-13,WMT,100.76429050641912,108.92523270224174,100.46608005124423,107.08628845214844,93248800,Walmart,True,True
2025-10-20,WMT,107.20556827549227,107.60317969412573,104.8795539897681,105.53560638427734,55503600,Walmart,True,True
2025-10-27,WMT,105.70458794474204,105.72447268661188,99.58139944743948,100.57542419433594,75987400,Walmart,True,True
2025-11-03,WMT,100.2175693740907,102.35472398355685,99.43228895555167,101.97698974609375,72919600,Walmart,True,True
2025-11-10,WMT,101.53963813707982,103.30900112517982,98.2891726884986,101.86766815185547,81286800,Walmart,True,True
2025-11-17,WMT,101.96706332460975,107.50378102262268,99.08438995794542,104.69068908691406,146847600,Walmart,True,True
2025-11-24,WMT,104.73044902330663,110.0385375864264,103.14001092857826,109.84967803955078,90361900,Walmart,True,True
2025-12-01,WMT,109.8496755428305,115.57525255371876,109.70057031588087,114.42218780517578,110288400,Walmart,True,True
2025-12-08,WMT,114.11756506399041,116.48816375599088,111.85653259213755,116.23915100097656,110566000,Walmart,True,True
2025-12-15,WMT,116.46825244678578,116.98619566185528,113.08167727358796,113.90840148925781,126054300,Walmart,True,True
2025-12-22,WMT,113.55978438142934,113.86855778071944,110.11344859833584,111.29874420166016,59807200,Walmart,True,True
2025-12-29,WMT,111.14933463297372,112.34460046985909,110.68119701607182,112.3147201538086,50504200,Walmart,True,True
2026-01-05,WMT,112.37448184712292,115.00405607413008,109.37636598705747,114.07772827148438,108945600,Walmart,True,True
2026-01-12,WMT,117.03599337460048,120.76122201464432,115.95030142413489,119.22730255126953,562872200,Walmart,True,True
2026-01-19,WMT,120.41260824118405,121.1397288357493,116.6774168838822,117.26509094238281,125499900,Walmart,True,True
2026-01-26,WMT,117.34476784110639,118.93845554717745,115.02397474772778,118.66951751708984,97459300,Walmart,True,True
2026-02-02,WMT,119.02810284550027,131.17992285780286,118.57988290378033,130.66197204589844,147871800,Walmart,True,True
2026-02-09,WMT,130.90101991673114,134.118260374443,125.89088462861896,133.36126708984375,128605300,Walmart,True,True
2026-02-16,WMT,132.58435774102833,134.15812024602033,120.57198434058695,122.50431823730469,152625200,Walmart,True,True
2026-02-23,WMT,123.03221871171937,128.09216731908256,122.47443257198988,127.4447250366211,111013500,Walmart,True,True
2026-03-02,WMT,126.95666185419091,128.24156857944251,121.139727556177,123.31111907958984,100163900,Walmart,True,True
2026-03-09,WMT,123.20155189960403,126.18970493059696,121.7971163273896,126.02037048339844,93291700,Walmart,True,True
2026-03-16,WMT,126.51855163435013,126.94773288156013,117.79519396918542,118.79328918457031,135566400,Walmart,True,True
2026-03-23,WMT,120.25051639674824,124.03329060905865,118.82323991638948,122.65592193603516,89034200,Walmart,True,True
2026-03-30,WMT,123.47435987621155,125.66019086466167,122.60601428555796,125.55039978027344,70697400,Walmart,True,True
2026-04-06,WMT,125.57035581920674,129.44297010399848,121.09889354679387,126.52852630615234,74867800,Walmart,True,True
2026-04-13,WMT,126.04944680551907,127.32700747439601,122.31657279835758,127.25714111328125,89921000,Walmart,True,True
2026-04-20,WMT,127.62644046471371,132.2077015539505,127.07748503941592,129.6725311279297,86262800,Walmart,True,True
2026-04-27,WMT,129.37309525080798,133.11595225949642,125.67017057885771,131.34933471679688,80258700,Walmart,True,True
2026-05-04,WMT,130.41000366210938,131.75,128.6699981689453,130.42999267578125,67468600,Walmart,True,True
2026-05-11,WMT,130.17999267578125,133.9499969482422,126.37999725341797,131.4499969482422,89944600,Walmart,True,True
2026-05-18,WMT,131.52000427246094,135.16000366210938,118.91000366210938,120.2699966430664,145949100,Walmart,True,True
2026-05-25,WMT,120.69000244140625,121.05000305175781,114.70999908447266,115.75,114662900,Walmart,True,True
2026-06-01,WMT,114.7300033569336,120.88999938964844,112.7300033569336,118.87999725341797,145931700,Walmart,True,True
2026-06-08,WMT,118.25,121.86000061035156,117.52999877929688,121.04000091552734,103079500,Walmart,True,True
2026-06-15,WMT,119.73999786376953,122.94000244140625,116.80000305175781,117.18000030517578,102021100,Walmart,True,True
2026-06-22,WMT,116.95999908447266,120.4000015258789,115.08999633789062,115.69000244140625,118086100,Walmart,True,True
2026-06-29,WMT,116.47000122070312,116.80000305175781,107.25,108.15499877929688,65169955,Walmart,True,True
